{"type": "FeatureCollection", "features": [{"type": "Feature", "geometry": {"type": "Polygon", "coordinates": [[[120.34383427310615, 13.5], [120.3605050257416, 13.5], [120.37717577837705, 13.5], [120.3938465310125, 13.5], [120.41051728364795, 13.5], [120.42718803628341, 13.5], [120.44385878891886, 13.5], [120.46052954155431, 13.5], [120.47720029418976, 13.5], [120.4938710468252, 13.5], [120.51054179946065, 13.5], [120.5272125520961, 13.5], [120.54388330473155, 13.5], [120.560554057367, 13.5], [120.57722481000245, 13.5], [120.5938955626379, 13.5], [120.59389556263791, 13.500168634780994], [120.57722481000243, 13.502755875117781], [120.560554057367, 13.503185843939598], [120.54388330473154, 13.50320257487126], [120.5272125520961, 13.502665052223266], [120.5174217926118, 13.508335376317724], [120.50220642314292, 13.509122133776286], [120.49243391297732, 13.508335376317724], [120.47720029418976, 13.503603756287461], [120.46886491787203, 13.50955823092721], [120.45263815536228, 13.51667075263545], [120.44385878891885, 13.520111312221914], [120.4314315005906, 13.525006128953175], [120.41885265996568, 13.525968213828385], [120.40218190733023, 13.526600701314344], [120.3938465310125, 13.523609684661535], [120.37717577837704, 13.518881464742556], [120.36755282360375, 13.51667075263545], [120.3521696494239, 13.509183041705967], [120.34383427310615, 13.501788433232921], [120.34383427310615, 13.5]]]}, "properties": {}}, {"type": "Feature", "geometry": {"type": "Polygon", "coordinates": [[[120.87729835744055, 13.5], [120.87729835744055, 13.501491593656857], [120.87729835744055, 13.5]]]}, "properties": {}}, {"type": "Feature", "geometry": {"type": "Polygon", "coordinates": [[[120.893969110076, 13.5], [120.91063986271145, 13.5], [120.9273106153469, 13.5], [120.94398136798235, 13.5], [120.9606521206178, 13.5], [120.97297082765328, 13.5], [120.98206259704176, 13.508335376317724], [120.98866311193683, 13.516670752635449], [120.97732287325323, 13.51908277660244], [120.96401551807935, 13.525006128953176], [120.95231674430008, 13.525876282768559], [120.95231674430008, 13.520662950384178], [120.9606521206178, 13.51090010749241], [120.9606521206178, 13.50692379697453], [120.94988559287407, 13.508335376317724], [120.94398136798236, 13.51920913380901], [120.93925798806897, 13.508335376317724], [120.93237029963379, 13.508335376317724], [120.91897523902918, 13.510081836117628], [120.9090090282145, 13.508335376317724], [120.89396911007601, 13.501084740753676], [120.893969110076, 13.5]]]}, "properties": {}}, {"type": "Feature", "geometry": {"type": "Polygon", "coordinates": [[[121.84420201029664, 13.5], [121.86087276293209, 13.5], [121.87754351556754, 13.5], [121.89421426820299, 13.5], [121.91088502083844, 13.5], [121.9275557734739, 13.5], [121.94422652610935, 13.5], [121.9608972787448, 13.5], [121.97756803138024, 13.5], [121.99423878401569, 13.5], [122.01090953665114, 13.5], [122.02758028928659, 13.5], [122.04425104192204, 13.5], [122.04831444365203, 13.508335376317724], [122.04376072566806, 13.516670752635449], [122.04425104192204, 13.529173817112037], [122.04425104192204, 13.533674920323607], [122.02758028928659, 13.537728545438123], [122.01789977425193, 13.541676881588625], [122.00257416033341, 13.546806343937993], [121.99423878401569, 13.540843343956853], [121.98590340769796, 13.52604805099289], [121.97756803138023, 13.519098323566084], [121.96923265506251, 13.527329384231976], [121.95958116669463, 13.533341505270899], [121.95256190242705, 13.544344202010297], [121.94005883795049, 13.541676881588625], [121.93336527818019, 13.541676881588625], [121.92419237601237, 13.541676881588625], [121.91922039715617, 13.53095996918012], [121.90447319290172, 13.533341505270899], [121.89862480579541, 13.541676881588625], [121.89266021499121, 13.55001225790635], [121.87754351556754, 13.555277287808536], [121.87435810972002, 13.5666830105418], [121.86087276293208, 13.567635624978111], [121.85529126768446, 13.558347634224075], [121.86186493838844, 13.55001225790635], [121.8573893220829, 13.541676881588625], [121.8560567677263, 13.525006128953175], [121.84685606046746, 13.516670752635449], [121.84420201029664, 13.505129462349368], [121.84420201029664, 13.5]]]}, "properties": {}}, {"type": "Feature", "geometry": {"type": "Polygon", "coordinates": [[[122.06925717087522, 13.5], [122.08592792351067, 13.5], [122.09640137034344, 13.5], [122.08671817596156, 13.508335376317724], [122.08314946473809, 13.516670752635449], [122.07288329498529, 13.525006128953175], [122.06866123404913, 13.525006128953176], [122.06845603044484, 13.508335376317724], [122.06925717087522, 13.5]]]}, "properties": {}}, {"type": "Feature", "geometry": {"type": "Polygon", "coordinates": [[[122.17761706300564, 13.503012126737396], [122.18918990954423, 13.508335376317724], [122.18595243932336, 13.520003071095553], [122.17761706300563, 13.526521651920033], [122.16928168668791, 13.5186449207107], [122.16928168668791, 13.51090010749241], [122.17761706300564, 13.503012126737396]]]}, "properties": {}}, {"type": "Feature", "geometry": {"type": "Polygon", "coordinates": [[[122.41100759990194, 13.5], [122.42767835253738, 13.5], [122.44434910517283, 13.5], [122.46101985780828, 13.5], [122.47769061044374, 13.5], [122.4943613630792, 13.5], [122.51103211571464, 13.5], [122.52770286835009, 13.5], [122.54437362098554, 13.5], [122.56104437362099, 13.5], [122.57771512625644, 13.5], [122.59438587889188, 13.5], [122.60798839488187, 13.500000000000002], [122.60272125520962, 13.510419220397155], [122.59438587889188, 13.522610905886497], [122.58605050257418, 13.530215739151753], [122.57771512625644, 13.53982457574024], [122.56937974993872, 13.54864130783689], [122.56755581636334, 13.558347634224075], [122.57771512625644, 13.558860264986707], [122.58605050257417, 13.550784767299046], [122.5869036628533, 13.541676881588625], [122.59730886304793, 13.533341505270899], [122.60374525723105, 13.525006128953175], [122.61260595797246, 13.51667075263545], [122.62772738416278, 13.509928031172354], [122.63991045752881, 13.516670752635449], [122.63448019419846, 13.525006128953173], [122.62772738416277, 13.536202903111313], [122.61536948044427, 13.541676881588625], [122.60794512642872, 13.55001225790635], [122.59759179286026, 13.558347634224075], [122.58605050257418, 13.562272758513748], [122.57771512625644, 13.57103016855688], [122.56937974993872, 13.578422803524052], [122.55270899730327, 13.576154301836702], [122.54729138965911, 13.591689139494974], [122.54437362098555, 13.60224728283076], [122.53603824466781, 13.610443736209856], [122.5246248120941, 13.616695268448149], [122.51936749203236, 13.63032391289609], [122.51103211571464, 13.637236017231114], [122.50865057962386, 13.650036773719048], [122.5026967393969, 13.661514145532898], [122.49794272247705, 13.675042902672224], [122.48936013728856, 13.683378278989949], [122.48741521614775, 13.7000490316254], [122.48566357909547, 13.708384407943123], [122.48706790880118, 13.716719784260848], [122.4943613630792, 13.728116635636827], [122.51103211571464, 13.72655906248007], [122.52412455026837, 13.733390536896298], [122.51936749203236, 13.747994423248707], [122.51842350831892, 13.758396665849473], [122.51242134510093, 13.775067418484923], [122.51673922019788, 13.791738171120373], [122.51936749203236, 13.804778369391805], [122.52214595080494, 13.816744300073548], [122.51103211571464, 13.82202642501417], [122.50521335390663, 13.833415052708997], [122.49820845984121, 13.841750429026723], [122.48602598676146, 13.84902126174305], [122.4810865044991, 13.85842118166217], [122.47659816273938, 13.866756557979897], [122.46935523412601, 13.881442697206365], [122.46101985780828, 13.89101878899693], [122.4586383217175, 13.900098063250795], [122.45268448149056, 13.912601127727385], [122.44434910517283, 13.919042100336537], [122.43503539829919, 13.925104192203971], [122.42767835253738, 13.93760725668056], [122.42767835253738, 13.94560730185113], [122.43601372885512, 13.9379696643622], [122.44510893891166, 13.933439568521697], [122.45268448149056, 13.92044889375396], [122.46935523412601, 13.920936504045109], [122.48602598676146, 13.919547274658822], [122.50269673939691, 13.91885265996568], [122.51103211571464, 13.926608772777097], [122.51936749203236, 13.920658658167852], [122.53203085222741, 13.925104192203971], [122.53585624954867, 13.941774944839421], [122.53291638082823, 13.958445697474872], [122.5365015785435, 13.958445697474872], [122.54437362098554, 13.94534724897559], [122.55270899730326, 13.93760725668056], [122.56466655457669, 13.933439568521697], [122.55479284138268, 13.925104192203971], [122.56104437362099, 13.91155920568767], [122.56937974993872, 13.903542433691104], [122.57771512625644, 13.896445482692455], [122.59230203481245, 13.891762686933072], [122.59855356705074, 13.891762686933072], [122.61105663152733, 13.893120397321098], [122.61939200784506, 13.884687382664648], [122.62772738416278, 13.876157385072432], [122.63606276048051, 13.869989602321283], [122.64439813679823, 13.859551146863323], [122.65041645909074, 13.850085805344449], [122.64231337348996, 13.841750429026721], [122.64887847452214, 13.833415052708997], [122.65273351311598, 13.82239084532104], [122.66187803703777, 13.816744300073548], [122.67182148464559, 13.808408923755822], [122.68224301376827, 13.808408923755822], [122.68607501838686, 13.820821702900759], [122.69979171133369, 13.816744300073548], [122.71108114734002, 13.811187382528397], [122.72775189997549, 13.812899966928924], [122.7360872762932, 13.805163853623382], [122.74442265261094, 13.794119707211152], [122.75275802892868, 13.789651202877128], [122.76416635506794, 13.783402794802647], [122.77087967390246, 13.775067418484923], [122.77776415788183, 13.76087907447171], [122.78609953419956, 13.75570783477924], [122.79547907002173, 13.750061289531748], [122.81110566315273, 13.743480729280911], [122.81944103947046, 13.74058927098888], [122.82817336619509, 13.733390536896298], [122.8375010214922, 13.725055160578574], [122.84444716842364, 13.711996705364792], [122.85208793004821, 13.700049031625399], [122.85648715643812, 13.691713655307673], [122.85278254474136, 13.677117803169992], [122.83611179210591, 13.67868962981123], [122.83070484571661, 13.666707526354498], [122.82777641578818, 13.656984077404156], [122.81944103947046, 13.647516776227643], [122.81944103947046, 13.637236017231114], [122.82868984296569, 13.6333660210836], [122.83718432602744, 13.625030644765872], [122.8447515643882, 13.616695268448149], [122.85326631586958, 13.608359892130425], [122.86834193525759, 13.600024515812699], [122.87487644401298, 13.591689139494974], [122.88139316075085, 13.58335376317725], [122.88813243207998, 13.575018386859524], [122.9027948026477, 13.570963795962228], [122.91113017896544, 13.563425227054264], [122.91946555528315, 13.55624567525703], [122.93368472664869, 13.55001225790635], [122.94447168423633, 13.547819676511413], [122.95778594858157, 13.541676881588625], [122.96296806400895, 13.533341505270899], [122.96947781318951, 13.523860014709488], [122.98614856582496, 13.52130757845121], [123.00281931846041, 13.51688610920239], [123.01115469477813, 13.516046675403677], [123.0242211928169, 13.508335376317724], [123.03169337151029, 13.5], [123.04016388382404, 13.5], [123.05283157636677, 13.503123813690902], [123.06116695268449, 13.5], [123.07783770531994, 13.5], [123.09450845795538, 13.5], [123.11117921059083, 13.5], [123.12784996322628, 13.5], [123.14452071586173, 13.5], [123.16119146849718, 13.5], [123.17786222113263, 13.5], [123.19453297376808, 13.5], [123.21120372640354, 13.5], [123.22787447903897, 13.5], [123.24454523167444, 13.5], [123.26121598430989, 13.5], [123.27788673694533, 13.5], [123.29455748958078, 13.5], [123.31122824221623, 13.5], [123.32789899485168, 13.5], [123.34456974748713, 13.5], [123.36124050012258, 13.5], [123.37791125275803, 13.5], [123.39458200539347, 13.5], [123.41125275802892, 13.5], [123.42792351066439, 13.5], [123.44459426329983, 13.5], [123.46126501593528, 13.5], [123.47793576857073, 13.5], [123.49460652120618, 13.5], [123.51127727384163, 13.5], [123.52794802647708, 13.5], [123.54461877911253, 13.5], [123.56128953174797, 13.5], [123.57796028438342, 13.5], [123.59463103701887, 13.5], [123.61130178965433, 13.5], [123.61601605986681, 13.508335376317724], [123.60625830763176, 13.51667075263545], [123.6026096712525, 13.525006128953175], [123.59463103701887, 13.541516616705204], [123.58629566070115, 13.544802647707773], [123.57796028438342, 13.556825109265807], [123.5696249080657, 13.56308552391297], [123.55584375255373, 13.558347634224077], [123.54461877911253, 13.556057302399722], [123.5362834027948, 13.562240438288303], [123.5343269604087, 13.575018386859522], [123.53978569952244, 13.58335376317725], [123.55038200451398, 13.591689139494974], [123.54461877911253, 13.606276048050994], [123.53628340279482, 13.611600295190385], [123.53628340279481, 13.622649108675095], [123.53770314234653, 13.6333660210836], [123.54349692493886, 13.650036773719048], [123.54593623433622, 13.658372150036772], [123.55295415543026, 13.67288187911534], [123.55400490736191, 13.683378278989949], [123.56128953174797, 13.698732919575232], [123.5696249080657, 13.707264915186096], [123.57430441753152, 13.716719784260848], [123.58629566070115, 13.721165318296968], [123.59463103701887, 13.725928333216837], [123.60509130641316, 13.725055160578574], [123.61963716597205, 13.719682865831391], [123.6285062910575, 13.716719784260848], [123.64464329492523, 13.709972331294018], [123.65297867124295, 13.703713508653639], [123.6681655064146, 13.708384407943123], [123.6696494238784, 13.716926840066495], [123.68632017651385, 13.717221256265503], [123.69465555283156, 13.716437229131433], [123.71132630546703, 13.709227460030913], [123.71966168178474, 13.70567439100002], [123.72799705810247, 13.709190982966318], [123.73633243442019, 13.704980784079442], [123.75300318705567, 13.702715083863835], [123.76212584883991, 13.700049031625399], [123.77800931600882, 13.69531511791596], [123.78634469232655, 13.686967883143453], [123.803015444962, 13.687147008574991], [123.81968619759746, 13.689889811794144], [123.82915988521847, 13.691713655307673], [123.8401731735958, 13.700049031625399], [123.84695327175484, 13.708384407943123], [123.859242118327, 13.716719784260848], [123.86379028507417, 13.725055160578574], [123.8696984555038, 13.734229105977748], [123.88107316690892, 13.733390536896298], [123.89470458445697, 13.726705457803543], [123.90303996077469, 13.723511339504121], [123.91137533709242, 13.725448838680432], [123.92090489341142, 13.725055160578574], [123.93372325945194, 13.725055160578574], [123.9363814660456, 13.734185442128913], [123.9447168423633, 13.726565876742232], [123.95421023151388, 13.725055160578574], [123.96421269030637, 13.716719784260846], [123.96972297131651, 13.706730306027932], [123.97374153311056, 13.71671978426085], [123.97444193114076, 13.733390536896298], [123.9697229713165, 13.746028042926397], [123.96138759499877, 13.753678185927399], [123.95593754125257, 13.766732042167199], [123.95305221868107, 13.778704673605386], [123.94471684236332, 13.788993261200282], [123.9363814660456, 13.795778709470998], [123.92804608972787, 13.790811871189124], [123.91924078378781, 13.791738171120373], [123.90303996077469, 13.797624367366984], [123.8943836845072, 13.800073547438098], [123.89888217215034, 13.808408923755822], [123.88821467888474, 13.808408923755822], [123.88078124639178, 13.808408923755822], [123.87610880261492, 13.816744300073548], [123.86136307918608, 13.824577847583926], [123.84469232655063, 13.819775346007267], [123.82802157391518, 13.824213663267352], [123.82385388575631, 13.833415052708997], [123.81135082127973, 13.836540818828144], [123.803015444962, 13.845979708578337], [123.79468006864428, 13.839860321054953], [123.78634469232655, 13.847945785740201], [123.78107822820832, 13.858421181662171], [123.7696739396911, 13.861682850656065], [123.7600225898499, 13.866756557979897], [123.75300318705565, 13.882385388575631], [123.74466781073792, 13.891036186965096], [123.73744381792923, 13.900098063250798], [123.73616329122774, 13.908433439568523], [123.7301905781861, 13.925104192203971], [123.72668474487483, 13.933439568521695], [123.71132630546703, 13.939393408748643], [123.70576938792189, 13.925104192203971], [123.70299092914931, 13.913869554558342], [123.70299092914931, 13.901078695758764], [123.70299092914931, 13.896763912723706], [123.69635751837579, 13.883427310615346], [123.68632017651385, 13.882059734470202], [123.6696494238784, 13.882857175431832], [123.66747497788248, 13.891762686933074], [123.65422897769061, 13.891762686933072], [123.64464329492523, 13.890956037612002], [123.63630791860749, 13.89533499106924], [123.6363079186075, 13.903432213777887], [123.64767434085894, 13.908433439568523], [123.65297867124295, 13.921694265528537], [123.66131404756068, 13.926805675229598], [123.6696494238784, 13.934030251199822], [123.68490379992267, 13.941774944839421], [123.67798480019613, 13.955904977516832], [123.66964942387838, 13.962878743993112], [123.65941676923183, 13.966781073792596], [123.64908493526002, 13.97511645011032], [123.64464329492522, 13.985626272423975], [123.6404795176056, 13.97511645011032], [123.64538885629287, 13.966781073792596], [123.6363079186075, 13.963848256199324], [123.62264716297567, 13.958445697474872], [123.61963716597205, 13.943442020102967], [123.61130178965433, 13.953141367090865], [123.59641718908696, 13.950110321157146], [123.59078394025684, 13.941774944839421], [123.59638585308576, 13.933439568521697], [123.58629566070115, 13.931491140154336], [123.57796028438342, 13.920936504045109], [123.5696249080657, 13.93205033913541], [123.55851107297539, 13.933439568521695], [123.5473972378851, 13.933439568521695], [123.53694371781087, 13.925104192203971], [123.52794802647708, 13.923367655471111], [123.51961265015936, 13.93195376165103], [123.5032735877983, 13.925104192203971], [123.5017511294785, 13.925104192203971], [123.49991085159019, 13.94177494483942], [123.48627114488845, 13.945442510419221], [123.47793576857073, 13.954454006642086], [123.469600392253, 13.961965078586799], [123.45292963961755, 13.965092041084517], [123.44459426329983, 13.956294632618686], [123.44459426329983, 13.943009815405011], [123.44459426329983, 13.935106643785243], [123.44459426329983, 13.932883876767182], [123.44459426329983, 13.918239764648197], [123.4362588869821, 13.927188036283402], [123.4221397801582, 13.933439568521697], [123.4165552502593, 13.941774944839421], [123.42333905368965, 13.950110321157148], [123.41797509587796, 13.958445697474872], [123.41685466399247, 13.97511645011032], [123.41125275802892, 13.986765891661545], [123.40578013152233, 14.000122579063497], [123.40093276830223, 14.008457955381221], [123.39458200539347, 14.020961019857808], [123.39041431723462, 14.033464084334396], [123.38103701887718, 14.033464084334394], [123.3752790286577, 14.025128708016672], [123.36606303816464, 14.016793331698944], [123.35428214554862, 14.016793331698944], [123.34547213804854, 14.02512870801667], [123.35331674732673, 14.033464084334396], [123.36957587644031, 14.039715616572689], [123.36957587644031, 14.044886637066092], [123.35658014594424, 14.050134836969846], [123.35845193786355, 14.066805589605295], [123.35843697956888, 14.083476342240747], [123.34969562596314, 14.09181171855847], [123.33623437116941, 14.096894265093667], [123.32637893144471, 14.100147094876196], [123.3315610272082, 14.10848247119392], [123.32453504943075, 14.116817847511644], [123.31387116641451, 14.12515322382937], [123.3028928658985, 14.129372364928464], [123.29051544460692, 14.12515322382937], [123.29455748958078, 14.108899587601508], [123.3028928658985, 14.104745923189423], [123.31160844791455, 14.100147094876196], [123.31956361853395, 14.090065572517243], [123.33623437116941, 14.08379693363758], [123.33623437116941, 14.082087112854458], [123.32789899485168, 14.072759429832242], [123.31122824221623, 14.07136246358432], [123.30798670698158, 14.05847021328757], [123.31471402424147, 14.050134836969846], [123.31122824221623, 14.040917410230325], [123.30567132467108, 14.050134836969848], [123.30080902181906, 14.05847021328757], [123.28622211326305, 14.066648791705715], [123.27788673694533, 14.074508539813406], [123.2695513606276, 14.079308654081883], [123.2612159843099, 14.084014108454793], [123.25496445207159, 14.07514096592302], [123.26121598430987, 14.0630881502874], [123.26955136062762, 14.05087973211107], [123.27455258641824, 14.04179946065212], [123.26850943858788, 14.033464084334396], [123.25288060799215, 14.031152554539284], [123.23620985535672, 14.029523854953593], [123.2362098553567, 14.017421468551257], [123.25010214921959, 14.016793331698945], [123.25704829615103, 14.008457955381221], [123.24454523167444, 14.006945182972604], [123.22787447903897, 14.007763340688077], [123.22787447903897, 13.99400996976383], [123.23067158525747, 13.983451826428048], [123.22787447903896, 13.970569881209743], [123.22787447903896, 13.963308000326876], [123.24454523167444, 13.960271628737358], [123.25288060799215, 13.953899128574292], [123.26121598430987, 13.944980858807778], [123.27788673694533, 13.942366106264402], [123.27901527421163, 13.933439568521697], [123.29455748958078, 13.92542979283653], [123.31122824221623, 13.925889437281452], [123.31122824221623, 13.923513471463167], [123.3028928658985, 13.91433512933624], [123.29455748958078, 13.906923407621688], [123.28622211326305, 13.898907295205408], [123.28622211326305, 13.884618078660736], [123.28800826533114, 13.875091934297622], [123.29499920345935, 13.866756557979897], [123.3032628337664, 13.858421181662171], [123.31122824221623, 13.842084111031145], [123.31236695480123, 13.833415052708997], [123.31747977445451, 13.816744300073548], [123.31539593037509, 13.800073547438098], [123.31122824221623, 13.789654327040942], [123.3028928658985, 13.781708612650519], [123.28781081271138, 13.775067418484923], [123.28484055920636, 13.775067418484923], [123.2695513606276, 13.781953164138695], [123.26955136062762, 13.767868684392342], [123.27997058102477, 13.766732042167197], [123.27788673694533, 13.756729590585927], [123.26955136062759, 13.748839093621495], [123.25288060799215, 13.745893601372885], [123.24454523167444, 13.738391762686934], [123.23204216719785, 13.733390536896298], [123.22370679088012, 13.733390536896298], [123.21120372640354, 13.735474380975731], [123.20286835008581, 13.730612078123723], [123.18619759745036, 13.726607680906458], [123.17508376236006, 13.733390536896298], [123.16119146849718, 13.738947454441448], [123.14452071586173, 13.73755822505516], [123.136185339544, 13.731798736131433], [123.12213990232365, 13.725055160578574], [123.11566452849536, 13.725055160578574], [123.11117921059083, 13.739657581606853], [123.1028438342731, 13.745893601372885], [123.08617308163764, 13.746903950000352], [123.07783770531995, 13.755522398130076], [123.0695023290022, 13.761649495587665], [123.05745133175101, 13.766732042167197], [123.05161915799326, 13.775067418484923], [123.0511093911466, 13.791738171120373], [123.05196780682292, 13.80840892375582], [123.05283157636674, 13.81818516032205], [123.06093021946852, 13.833415052708997], [123.06616817847512, 13.841750429026723], [123.0695023290022, 13.855920568766853], [123.0761706300564, 13.866756557979897], [123.08617308163765, 13.867983702079172], [123.09450845795538, 13.882593772983574], [123.10150986920715, 13.891762686933072], [123.09348398399034, 13.900098063250796], [123.09168386417257, 13.916768815886247], [123.09141246103736, 13.933439568521695], [123.0909361538192, 13.950110321157146], [123.08870760714562, 13.966781073792596], [123.08617308163765, 13.977200294189752], [123.07783770531995, 13.988314129188048], [123.06616817847512, 13.991787202745769], [123.0584340424164, 14.000122579063497], [123.04847320971902, 14.008457955381221], [123.04418319304263, 14.016793331698945], [123.03616082373132, 14.02631947606206], [123.03248615382567, 14.04179946065212], [123.03430988897709, 14.05847021328757], [123.04088781194332, 14.066805589605295], [123.05109141428238, 14.07514096592302], [123.04449620004902, 14.090144643294925], [123.03854235982209, 14.100147094876196], [123.02959178814827, 14.10848247119392], [123.01949007109586, 14.109123653987591], [123.00281931846041, 14.115271395466337], [122.99448394214268, 14.121778577585978], [122.98614856582498, 14.128444499420915], [122.98156868870932, 14.14182397646482], [122.9728119637166, 14.150159352782545], [122.96669935441693, 14.15849472910027], [122.95280706055405, 14.163395197693749], [122.94794475770205, 14.175165481735718], [122.93917601940856, 14.183500858053446], [122.93613630791862, 14.193577167454286], [122.92780093160088, 14.204802375309852], [122.92459501766191, 14.216842363324346], [122.92931645456774, 14.225177739642067], [122.92224401405574, 14.225177739642067], [122.91113017896544, 14.21934297621966], [122.90279480264769, 14.227809963742402], [122.89239109472283, 14.233513115959795], [122.88342360418774, 14.24184849227752], [122.87445118560296, 14.250183868595244], [122.8694532973768, 14.262391233661322], [122.86111792105908, 14.272491494349918], [122.85278254474136, 14.279357685707282], [122.84444716842364, 14.28554607115529], [122.82777641578818, 14.286812406564387], [122.81944103947046, 14.279357685707282], [122.80839276605147, 14.283525373866144], [122.79519267200071, 14.291860750183869], [122.79443491051728, 14.302216823797258], [122.78609953419956, 14.311163726919652], [122.77503720818225, 14.316866879137045], [122.76109340524638, 14.321609420854752], [122.75275802892867, 14.328271599766552], [122.74310654056076, 14.32520225545477], [122.7360872762932, 14.314278252974415], [122.71941652365776, 14.315680067114481], [122.71480522900231, 14.32520225545477], [122.71108114734004, 14.340612221338256], [122.69441039470459, 14.338025911328192], [122.68607501838686, 14.34276608412426], [122.67773964206916, 14.339636823944536], [122.66504703076055, 14.333537631772494], [122.66292119528208, 14.316866879137043], [122.6610688894337, 14.306447658739888], [122.65273351311598, 14.313684763019696], [122.6493462824246, 14.300196126501593], [122.64022005541196, 14.291860750183869], [122.63328430170793, 14.291860750183869], [122.63826097889034, 14.300196126501593], [122.62981122824222, 14.308531502819319], [122.62516265298811, 14.308531502819319], [122.61939200784506, 14.297922842051305], [122.61105663152733, 14.302469410951883], [122.60272125520962, 14.314657578320642], [122.59438587889188, 14.324816000758421], [122.58605050257417, 14.331263756691783], [122.56937974993872, 14.333131028049678], [122.55389976534866, 14.333537631772495], [122.54437362098554, 14.340320383440336], [122.52770286835009, 14.340527507511242], [122.51936749203236, 14.344091697320774], [122.5090434726696, 14.341873008090218], [122.51299684787412, 14.333537631772494], [122.51103211571464, 14.324472788463746], [122.50604833320557, 14.333537631772494], [122.4943613630792, 14.334612227337713], [122.48602598676146, 14.327797892990993], [122.47769061044374, 14.33547212185503], [122.46380295507188, 14.333537631772494], [122.45268448149056, 14.326128408378962], [122.4360137288551, 14.332611478848301], [122.42351066437853, 14.32520225545477], [122.41874759219697, 14.316866879137043], [122.40600637411131, 14.308531502819317], [122.39850453542536, 14.300196126501593], [122.39572548215, 14.283525373866144], [122.39255197013982, 14.283525373866144], [122.38201309657879, 14.283525373866144], [122.37766609463104, 14.27291671309813], [122.37349840647218, 14.25851924491297], [122.36099534199559, 14.25741007971459], [122.35932826673206, 14.24184849227752], [122.36196910091772, 14.233513115959795], [122.36099534199559, 14.218926207403776], [122.348492277519, 14.225177739642069], [122.343629974667, 14.225177739642067], [122.3455856144962, 14.216842363324345], [122.34015690120128, 14.208506987006619], [122.33395657878732, 14.200171610688892], [122.33413623489102, 14.183500858053444], [122.33228412125186, 14.166830105417997], [122.33598921304241, 14.154327040941407], [122.34154613058757, 14.14182397646482], [122.34599166462368, 14.133488600147095], [122.35270237257012, 14.12515322382937], [122.34640937542385, 14.116817847511644], [122.33598921304241, 14.113400937471454], [122.32765383672469, 14.104345807979577], [122.31098308408924, 14.101521822943077], [122.30680145718733, 14.116817847511644], [122.31098308408923, 14.126328876317146], [122.31098308408924, 14.139763314867661], [122.2943123314538, 14.139323363569503], [122.28042003759091, 14.133488600147096], [122.27486312004575, 14.133488600147096], [122.2716877385914, 14.150159352782545], [122.2701397401324, 14.166830105417995], [122.27526004272755, 14.183500858053444], [122.27461053288462, 14.200171610688894], [122.27669972837681, 14.216842363324345], [122.27696582881494, 14.233513115959795], [122.26930620250062, 14.246898991259517], [122.25263544986517, 14.247802332504465], [122.2452592652923, 14.233513115959795], [122.24927939041225, 14.216842363324345], [122.24430007354744, 14.20642314292719], [122.24298889073438, 14.19183623437117], [122.22762932091199, 14.183915794527698], [122.21095856827654, 14.18380578244654], [122.20262319195882, 14.175782917018514], [122.19428781564109, 14.168821968568603], [122.18595243932336, 14.16117420967944], [122.17928413826918, 14.150159352782545], [122.17498760681727, 14.150159352782545], [122.16928168668791, 14.1605785731797], [122.16094631037019, 14.170997793576857], [122.15261093405246, 14.179333169894582], [122.1433981497013, 14.17516548173572], [122.1484432458936, 14.166830105417995], [122.15737400623402, 14.15849472910027], [122.16578308572495, 14.150159352782545], [122.16868814596563, 14.133488600147095], [122.17680406727422, 14.12515322382937], [122.17761706300564, 14.116592567070626], [122.18595243932336, 14.10701005447312], [122.19387412747994, 14.09181171855847], [122.20221738460378, 14.083476342240745], [122.21095856827654, 14.082890969628314], [122.21929394459427, 14.070973277764157], [122.22762932091199, 14.063100977908528], [122.23707608073875, 14.05847021328757], [122.25194083517201, 14.050134836969846], [122.26097082618288, 14.042494075345264], [122.26930620250062, 14.036495130268115], [122.2824046509999, 14.033464084334394], [122.28597695513608, 14.022350249244097], [122.2943123314538, 14.012264063355156], [122.30087555785737, 14.000122579063497], [122.29274944839422, 13.99178720274577], [122.2952379363035, 13.983451826428047], [122.2943123314538, 13.969559532565171], [122.28597695513608, 13.96439953770182], [122.27532619650785, 13.966781073792596], [122.2609708261829, 13.968562544541228], [122.24430007354744, 13.970809503988516], [122.23394277450481, 13.97511645011032], [122.21929394459428, 13.980402460139437], [122.20983216611016, 13.983451826428048], [122.19710307511137, 13.99178720274577], [122.18595243932336, 13.994125905494764], [122.18034773500946, 13.983451826428045], [122.18595243932336, 13.968170303178884], [122.19428781564109, 13.96117264717445], [122.20262319195882, 13.954359122816975], [122.21095856827654, 13.949352559673716], [122.21986369006608, 13.941774944839421], [122.23407351713587, 13.941774944839421], [122.23748090939971, 13.941774944839423], [122.24445651830173, 13.933439568521697], [122.23763177249326, 13.925104192203971], [122.23596469722972, 13.912601127727385], [122.22762932091199, 13.90426575140966], [122.21095856827654, 13.90154469884627], [122.2026231919588, 13.90965923020348], [122.18595243932336, 13.911200980976098], [122.16928168668791, 13.912738169757272], [122.16094631037019, 13.918158045272534], [122.14427555773474, 13.917273990208534], [122.135940181417, 13.912012538380361], [122.12727553880887, 13.916768815886247], [122.11556481708479, 13.925104192203971], [122.10259867614612, 13.928599672595274], [122.09185886435212, 13.933439568521697], [122.07759254719292, 13.936825542225558], [122.06239274331944, 13.94177494483942], [122.05258641823977, 13.94381248127264], [122.03782089447695, 13.950110321157146], [122.02811805550066, 13.958445697474872], [122.01924491296886, 13.95996122044173], [122.00326877502656, 13.966781073792596], [121.99423878401569, 13.971651252099633], [121.98590340769795, 13.977887299280377], [121.9692326550625, 13.978121449983458], [121.9608972787448, 13.984642594473437], [121.94762242016472, 13.991787202745769], [121.93589114979162, 13.999118921448805], [121.9275557734739, 14.006033706344434], [121.91852578246304, 14.008457955381221], [121.90699517855684, 14.016793331698945], [121.90151032078785, 14.025128708016672], [121.89421426820299, 14.034411286188684], [121.88587889188527, 14.042355152406635], [121.87741849117056, 14.050134836969846], [121.86468322067734, 14.05847021328757], [121.85253738661437, 14.065000837537193], [121.84420201029663, 14.070184349753543], [121.83586663397892, 14.079904038104576], [121.82590895790557, 14.083476342240745], [121.81786248776658, 14.091811718558468], [121.81051319767917, 14.100147094876196], [121.7941897523903, 14.10676383686781], [121.78585437607256, 14.110815776299093], [121.77751899975485, 14.11917566310072], [121.76918362343712, 14.127047627537943], [121.76084824711938, 14.13480471219726], [121.75080480192416, 14.14182397646482], [121.74417749448395, 14.15304281154128], [121.73584211816622, 14.161440853471815], [121.73007083875676, 14.17516548173572], [121.73792596224565, 14.183500858053444], [121.74988064670134, 14.19183623437117], [121.7545967148811, 14.200171610688894], [121.75297594726376, 14.216842363324343], [121.75683689873935, 14.233513115959795], [121.7568078775403, 14.250183868595244], [121.74696478601987, 14.25851924491297], [121.73675143194633, 14.266854621230694], [121.73403930137039, 14.275189997548418], [121.73493107150482, 14.291860750183869], [121.73563478338744, 14.308531502819319], [121.72750674184849, 14.324784818724828], [121.7231591431653, 14.333537631772494], [121.71153709563228, 14.341873008090218], [121.707478560493, 14.350208384407942], [121.7022302471367, 14.358543760725668], [121.6936080590295, 14.366879137043393], [121.6857816342908, 14.375214513361119], [121.67531814551799, 14.383549889678843], [121.66562802344514, 14.391885265996567], [121.66082373130669, 14.405221868104928], [121.66082373130669, 14.41149791615592], [121.66082373130669, 14.41975668055896], [121.65806166535862, 14.433562147585192], [121.65216399603278, 14.441897523902917], [121.65357557798694, 14.450232900220643], [121.6514475171388, 14.458568276538367], [121.6469905535879, 14.475239029173817], [121.64415297867124, 14.485279368829259], [121.63581760235351, 14.496332634549285], [121.6298880763087, 14.508580534444718], [121.62654643162516, 14.516915910762442], [121.62862285647927, 14.525251287080167], [121.63002737910989, 14.541922039715615], [121.6274822260358, 14.557435101195829], [121.62521524207756, 14.566928168668792], [121.61914684971806, 14.581675372923229], [121.61572096152403, 14.591934297621968], [121.61467977236886, 14.608605050257417], [121.61081147340035, 14.618484014782128], [121.60712621861444, 14.633611179210593], [121.608539927972, 14.650281931846042], [121.61081147340035, 14.666351524894889], [121.61914684971806, 14.673104253768372], [121.62659913077339, 14.658617308163768], [121.63016266582221, 14.658617308163766], [121.64415297867124, 14.666194922998061], [121.64814701319457, 14.675288060799215], [121.66082373130669, 14.681299149538113], [121.66915910762442, 14.687791125275803], [121.67839560570623, 14.691958813434665], [121.69416523657758, 14.699897781821397], [121.70780494327931, 14.691958813434665], [121.71917136553077, 14.691216057129125], [121.72788812559578, 14.691958813434665], [121.72750674184849, 14.70126163157941], [121.71917136553077, 14.710308929346018], [121.71083598921304, 14.720604331984614], [121.7025006128953, 14.72903051479387], [121.69416523657759, 14.737173732486031], [121.68582986025987, 14.745509108803756], [121.67749448394214, 14.754565845251454], [121.66915910762442, 14.760423294687866], [121.66082373130668, 14.76941490470226], [121.65248835498898, 14.775953759405587], [121.64058067453507, 14.783647952929641], [121.63099185816958, 14.791983329247365], [121.62647917236747, 14.80031870556509], [121.61785654373065, 14.808654081882814], [121.61026200891283, 14.81698945820054], [121.60912452973496, 14.833660210835989], [121.61081147340035, 14.842329759655938], [121.61389864981432, 14.858666339789163], [121.60366686512802, 14.867001716106891], [121.59527736299003, 14.875337092424612], [121.59150118493095, 14.88367246874234], [121.58580534444717, 14.89367492032361], [121.58084802632325, 14.908678597695515], [121.57739963036724, 14.917013974013239], [121.57649247200459, 14.93368472664869], [121.57398964396072, 14.950355479284138], [121.57103982068435, 14.96702623191959], [121.56511061703765, 14.975361608237312], [121.55535718528779, 14.983696984555039], [121.55246383917627, 14.999609975707058], [121.54556732627901, 15.008703113508213], [121.54099265239698, 15.017038489825936], [121.53557550951083, 15.025373866143664], [121.5274577102231, 15.038287737479326], [121.51912233390539, 15.043235386824502], [121.51078695758764, 15.055242297948844], [121.50851367313734, 15.067050747732289], [121.50689711530603, 15.083721500367737], [121.50129592324289, 15.092056876685461], [121.50028306169577, 15.108727629320914], [121.49954081493675, 15.125398381956362], [121.49411620495218, 15.139513390640035], [121.49207176577903, 15.150404510909537], [121.48578082863446, 15.16128680776879], [121.48385277159882, 15.175410639862712], [121.47744545231674, 15.187851770613321], [121.46903863678223, 15.192081392498162], [121.4607746996813, 15.203019424204967], [121.44410394704585, 15.206463300110338], [121.4357685707281, 15.214408293349212], [121.41909781809267, 15.211645491245138], [121.41373744753609, 15.225422897769063], [121.41046787081096, 15.233758274086785], [121.40242706545722, 15.247293461925722], [121.39750529117379, 15.258764403039962], [121.39401269580569, 15.267099779357686], [121.38575631282177, 15.278466201609127], [121.38138270039005, 15.292105908310859], [121.37727932290855, 15.300441284628585], [121.37656646431338, 15.317112037264035], [121.37636432091386, 15.333782789899484], [121.383206711177, 15.34211816621721], [121.38575631282177, 15.352537386614367], [121.38952137827371, 15.367124295170385], [121.39409168913949, 15.379127603799576], [121.41076244177495, 15.376503768697154], [121.41909781809267, 15.36874399430829], [121.4274331944104, 15.362838792443851], [121.43576857072811, 15.37221813625344], [121.44410394704585, 15.379488436708344], [121.45243932336356, 15.39059496006503], [121.45723501932719, 15.400465800441285], [121.46077469968131, 15.413419669995593], [121.47563840000532, 15.417136553076734], [121.48183988353375, 15.425471929394462], [121.48414370665455, 15.44214268202991], [121.48578082863447, 15.451755982144117], [121.49009298688952, 15.467148810983085], [121.48639826391727, 15.483819563618534], [121.49256145998855, 15.500490316253984], [121.49408043848058, 15.517161068889434], [121.4983307210679, 15.525496445207159], [121.50989081822844, 15.533831821524885], [121.51912233390536, 15.537334080469439], [121.53290065202764, 15.542167197842609], [121.53494624136039, 15.558837950478058], [121.54220206477623, 15.567173326795784], [121.54655950737057, 15.575508703113506], [121.56033480346048, 15.583844079431234], [121.5675516669333, 15.592179455748958], [121.56913459181172, 15.602442154208866], [121.57746996812945, 15.612822874644042], [121.58346047995369, 15.625520961019859], [121.5941407207649, 15.631112898720579], [121.60247609708262, 15.635794796946357], [121.61382558800526, 15.642191713655306], [121.61881359873114, 15.658862466290758], [121.61081147340035, 15.670764277303627], [121.59605667223691, 15.675533218926208], [121.61081147340036, 15.679347633578136], [121.61704195664142, 15.692203971561657], [121.61914684971806, 15.701251480149887], [121.63581760235351, 15.703829937289598], [121.64270288339726, 15.71721010051483], [121.64095185276912, 15.733880853150282], [121.6355961131718, 15.742216229468006], [121.640345461094, 15.750551605785732], [121.6274822260358, 15.756877650679883], [121.61914684971806, 15.760238664749576], [121.60247609708262, 15.765512640731787], [121.58772889282818, 15.758886982103457], [121.57746996812946, 15.75367737190488], [121.56913459181172, 15.761498941467117], [121.56455013483698, 15.775557734738909], [121.55887566711299, 15.783893111056631], [121.5544818776532, 15.800563863692082], [121.55142967337268, 15.808899240009806], [121.54911898512643, 15.825569992645256], [121.54746338270422, 15.842240745280707], [121.54869217574918, 15.858911497916157], [121.55008400300737, 15.875582250551606], [121.55599034454147, 15.883917626869328], [121.560799215494, 15.899710971471334], [121.56896819489158, 15.908923755822507], [121.57252021976711, 15.917259132140233], [121.58246399720355, 15.925594508457955], [121.5941407207649, 15.92926627694521], [121.60247609708262, 15.936856289542199], [121.61081147340035, 15.942514048584604], [121.62493447987538, 15.95060063741113], [121.6274822260358, 15.961200213883103], [121.64415297867124, 15.965270899730326], [121.65248835498898, 15.970211350610954], [121.65652714557064, 15.983942142682029], [121.66082373130669, 15.996047287255916], [121.66915910762442, 16.002688666986725], [121.68049521941651, 16.008948271635205], [121.69291991142579, 16.01728364795293], [121.70212455262131, 16.025619024270654], [121.70985622117111, 16.033954400588378], [121.71917136553077, 16.036040931838205], [121.72718599184546, 16.05062515322383], [121.73515482191509, 16.058960529541555], [121.74317288648835, 16.06729590585928], [121.75251287080167, 16.070701575460998], [121.76918362343712, 16.070079667029027], [121.77751899975485, 16.06485125481473], [121.78585437607256, 16.069344684331217], [121.8017652949692, 16.075631282177003], [121.81086050502574, 16.08057478061945], [121.82320921068164, 16.08396665849473], [121.83586663397892, 16.085624285290596], [121.84420201029664, 16.093008330558927], [121.85253738661436, 16.10173489322998], [121.8608727629321, 16.111964666893385], [121.87278044338598, 16.117308163765628], [121.88587889188527, 16.123769695845453], [121.89421426820299, 16.127907975392375], [121.90463348860015, 16.125643540083352], [121.91922039715617, 16.119136097191575], [121.93589114979162, 16.12367451777184], [121.94422652610935, 16.128161146913612], [121.9608972787448, 16.132083537006118], [121.9698738378562, 16.13397891640108], [121.97756803138024, 16.143170080861882], [121.98590340769796, 16.157730215205188], [121.99423878401569, 16.16709763408895], [122.00257416033341, 16.16794107514393], [122.018521983523, 16.175655797989705], [122.02758028928659, 16.17860116072555], [122.03591566560434, 16.174565259311358], [122.04425104192204, 16.179777121184024], [122.05258641823977, 16.185716925125107], [122.06092179455749, 16.182029909291494], [122.06925717087522, 16.190300542364422], [122.06925717087522, 16.197252775147824], [122.06644591413865, 16.208997303260603], [122.0686346633245, 16.225668055896055], [122.07355930058759, 16.23400343221378], [122.08246926109027, 16.242338808531503], [122.08726613185966, 16.250674184849228], [122.1025986761461, 16.256067663643048], [122.11926942878158, 16.25688534451416], [122.1276048050993, 16.249069624908064], [122.13573873024839, 16.23400343221378], [122.1267648059355, 16.225668055896055], [122.11536222113264, 16.217332679578327], [122.10720617068142, 16.208997303260603], [122.09426329982838, 16.203996077469967], [122.08938141124855, 16.192326550625154], [122.09237641510785, 16.175655797989705], [122.08592792351067, 16.16218217599667], [122.07759254719292, 16.152050572619338], [122.0692571708752, 16.143250851855626], [122.06092179455749, 16.140694177321837], [122.05258641823977, 16.127745504546084], [122.03754688978692, 16.125643540083352], [122.03138869398347, 16.117308163765628], [122.02758028928659, 16.101083940113273], [122.01924491296887, 16.094613525724093], [122.01349281448137, 16.08396665849473], [122.00775561047686, 16.075631282177003], [122.00257416033342, 16.06199946882406], [121.99751032614449, 16.05062515322383], [121.9874995435886, 16.042289776906106], [121.99115160760172, 16.025619024270654], [121.9942387840157, 16.017164571148392], [121.99546457465065, 16.025619024270654], [122.00715377817104, 16.033954400588378], [122.01636162349736, 16.042289776906106], [122.02758028928659, 16.04434831813097], [122.0359156656043, 16.052477763977528], [122.04425104192204, 16.05973398514752], [122.05258641823977, 16.069076277499956], [122.06092179455749, 16.07905516204157], [122.07037178515026, 16.08396665849473], [122.07873103761682, 16.092302034812455], [122.08328838767673, 16.108972787447904], [122.06925717087522, 16.111096551912], [122.06925717087522, 16.124257585890174], [122.0789875601901, 16.125643540083352], [122.09055652748627, 16.13397891640108], [122.10074339265779, 16.142314292718805], [122.11093405246385, 16.148633045733852], [122.11926942878156, 16.156271201901973], [122.12564115533075, 16.167320421671977], [122.13448097650206, 16.175655797989705], [122.14109603250418, 16.18399117430743], [122.15261093405246, 16.187960401125395], [122.16382057806595, 16.192326550625154], [122.16928168668791, 16.200822789789093], [122.17738232978368, 16.217332679578327], [122.18595243932336, 16.21852717645325], [122.19666935173186, 16.225668055896055], [122.20401242134511, 16.23400343221378], [122.204178619445, 16.250674184849228], [122.21095856827654, 16.264770777151263], [122.21929394459427, 16.268306711675187], [122.22762932091197, 16.281278700881472], [122.23403152671298, 16.292351066437853], [122.23596469722972, 16.306001487305885], [122.23596469722972, 16.311386554620306], [122.22670316798778, 16.3090218190733], [122.21228465087255, 16.300686442755577], [122.20262319195882, 16.297083254092797], [122.18595243932336, 16.30022336629348], [122.18595243932336, 16.301019857808285], [122.19326456786163, 16.31735719539103], [122.19428781564109, 16.32667320421672], [122.20262319195882, 16.336201449000352], [122.21095856827654, 16.347551317846495], [122.21929394459427, 16.35466792743483], [122.22762932091197, 16.3612530784359], [122.23018627342017, 16.375704829615103], [122.2340659782961, 16.39237558225055], [122.24194967261303, 16.400710958568276], [122.2406050962154, 16.417381711203728], [122.23596469722972, 16.429376521026796], [122.22877439502108, 16.417381711203728], [122.22194610978627, 16.409046334886], [122.21095856827654, 16.404588914311887], [122.20262319195882, 16.414467243974343], [122.19899189370666, 16.425717087521452], [122.20262319195882, 16.437999761203436], [122.21503451480191, 16.442387840156904], [122.22614334853222, 16.450723216474625], [122.23358068418557, 16.459058592792353], [122.23531534402684, 16.4757293454278], [122.23983469337723, 16.484064721745526], [122.24083181712291, 16.500735474380974], [122.24979476659678, 16.509070850698702], [122.26097082618287, 16.51527493986046], [122.26930620250062, 16.520868480897494], [122.28151034791809, 16.52574160333415], [122.28597695513606, 16.534407060885467], [122.2943123314538, 16.54246798448349], [122.30264770777151, 16.55561003513933], [122.30956836976914, 16.567418484922776], [122.31481285158658, 16.5757538612405], [122.32310726782411, 16.584089237558224], [122.32732683097106, 16.600759990193676], [122.32765383672469, 16.6094353840826], [122.33605293916105, 16.617430742829125], [122.34193129679574, 16.634101495464574], [122.34432458936014, 16.64291602653029], [122.35265996567786, 16.652047940830094], [122.35798435324216, 16.667443000735474], [122.36099534199559, 16.679012698123504], [122.36933071831331, 16.68723951949007], [122.37766609463102, 16.69728902561507], [122.38370011123503, 16.7091198823241], [122.39022315141057, 16.717455258641824], [122.39433684726649, 16.732982303957158], [122.398722909183, 16.742461387595], [122.40988900766462, 16.750796763912724], [122.41378605867452, 16.75913214023045], [122.4191612456394, 16.775802892865897], [122.41934297621967, 16.784408372104977], [122.42767835253738, 16.792829250284957], [122.43440354672622, 16.809144398136798], [122.43339329044143, 16.82581515077225], [122.44243123097584, 16.834150527089975], [122.44434910517283, 16.84324504515651], [122.45166982827536, 16.859156656043147], [122.45972676693722, 16.86749203236087], [122.46416528283383, 16.8758274086786], [122.46561282026906, 16.892498161314048], [122.46445207158617, 16.909168913949497], [122.46916052784127, 16.92583966658495], [122.47543950956194, 16.934175042902673], [122.47638344211911, 16.95084579553812], [122.4727981069529, 16.96751654817357], [122.47480094322604, 16.984187300809023], [122.47769061044374, 16.993268460855976], [122.48602598676145, 17.00562112562603], [122.4943613630792, 17.01536778259014], [122.50248614374425, 17.025864182397648], [122.5084891195499, 17.034199558715372], [122.51446726086701, 17.042534935033096], [122.51728489745884, 17.059205687668545], [122.51936749203236, 17.06787447903898], [122.52330855936074, 17.084211816621725], [122.52770286835009, 17.0957531069078], [122.5277028683501, 17.103913615190887], [122.52375401260142, 17.117553321892622], [122.51936749203236, 17.129735794972373], [122.51103211571464, 17.13745054504968], [122.4943613630792, 17.13935353687744], [122.48602598676146, 17.12883059573425], [122.47769061044374, 17.121475851924494], [122.46101985780828, 17.12005393478794], [122.44434910517283, 17.11908878595115], [122.43040583038234, 17.125888698210346], [122.41994980990474, 17.13422407452807], [122.4134002095133, 17.142559450845795], [122.41730398979873, 17.159230203481247], [122.41911714646209, 17.175900956116696], [122.42085849918652, 17.18423633243442], [122.42970966269878, 17.192571708752144], [122.42896071812473, 17.209242461387596], [122.42767835253738, 17.222787447903897], [122.42672492090722, 17.23424859034077], [122.4270808345136, 17.25091934297622], [122.42767835253738, 17.26203317806652], [122.42811705655411, 17.25091934297622], [122.43601372885512, 17.23652187479106], [122.44434910517283, 17.24458445697475], [122.44754137695409, 17.259254719293946], [122.44423178812907, 17.26759009561167], [122.44311720032846, 17.28426084824712], [122.43601372885513, 17.29778268094032], [122.42767835253738, 17.305225582622004], [122.41934297621967, 17.3171876581867], [122.41618563668828, 17.325937729835744], [122.40559501789573, 17.334273106153468], [122.39796092392638, 17.342608482471196], [122.38600147094877, 17.347818092669776], [122.3756672034643, 17.35094385878892], [122.36933071831331, 17.360708748654005], [122.36099534199559, 17.357056468088583], [122.35265996567786, 17.359904388330474], [122.34432458936014, 17.351777396420694], [122.33598921304241, 17.349901936749205], [122.31931846040698, 17.34587015146509], [122.31098308408926, 17.335212303485044], [122.296732279417, 17.342608482471196], [122.29639617553323, 17.359279235106644], [122.28597695513606, 17.36458356549065], [122.26930620250062, 17.35990381002207], [122.2609708261829, 17.354956654539286], [122.25263544986515, 17.36540363626259], [122.24509800322603, 17.375949987742093], [122.25301584272697, 17.38428536405982], [122.24430007354744, 17.38448392660374], [122.23610457845446, 17.400956116695273], [122.24460522220217, 17.409291493012994], [122.23934275542352, 17.417626869330718], [122.23060777161069, 17.425962245648442], [122.22762932091199, 17.435339544005885], [122.22028625129876, 17.45096837460162], [122.21573301938508, 17.459303750919343], [122.21095856827654, 17.472894038393896], [122.20603311863424, 17.48430987987252], [122.19994195344799, 17.492645256190244], [122.1942878156411, 17.50302515877458], [122.19312230042122, 17.517651385143417], [122.1950798649567, 17.52598676146114], [122.18842101036977, 17.534322137778865], [122.18999300100842, 17.550992890414314], [122.18783462107253, 17.56766364304977], [122.18131910056641, 17.575999019367494], [122.17569691180844, 17.584334395685218], [122.17129367407495, 17.601005148320667], [122.1692816866879, 17.612813598104108], [122.16880565149609, 17.626011277273843], [122.17206014546049, 17.634346653591567], [122.16928168668791, 17.64916510037863], [122.1689774776268, 17.659352782544744], [122.16094631037019, 17.67592209455097], [122.16094631037019, 17.676718149873338], [122.16928168668791, 17.691816879782195], [122.1700065020199, 17.70102966413337], [122.16406349400106, 17.70936504045109], [122.15930431289088, 17.717700416768817], [122.15261093405246, 17.733932465387547], [122.14951188388305, 17.74270654572199], [122.14557590367633, 17.759377298357442], [122.1484432458936, 17.77604805099289], [122.14370149602297, 17.784383427310615], [122.14217371660455, 17.801054179946064], [122.1492059600028, 17.809389556263792], [122.15432509348008, 17.817724932581516], [122.1570564680886, 17.834395685216965], [122.16654278979418, 17.84273106153469], [122.16830151541824, 17.85940181417014], [122.1711339925363, 17.867737190487865], [122.173720003948, 17.884407943123314], [122.17761706300564, 17.893300124808178], [122.1916692481388, 17.901078695758763], [122.19044880108137, 17.917749448394215], [122.18587599603421, 17.92608482471194], [122.18513716386516, 17.94275557734739], [122.18292872366965, 17.95942632998284], [122.18572331957081, 17.97609708261829], [122.19092441817955, 17.984432458936013], [122.1927854447733, 18.001103211571465], [122.19043775722788, 18.017773964206913], [122.18595243932336, 18.028635212136074], [122.1767878223459, 18.034444716842366], [122.17761706300564, 18.04412450869521], [122.17864070569452, 18.05945084579554], [122.17545603951586, 18.067786222113263], [122.17761706300564, 18.077102230938955], [122.17761706300564, 18.08574595046795], [122.1743109642561, 18.101127727384164], [122.17818446299779, 18.109463103701888], [122.1942878156411, 18.113277213538986], [122.20256005951623, 18.12613385633734], [122.21075032270215, 18.134469232655064], [122.21794681306818, 18.14280460897279], [122.2254891567223, 18.151139985290513], [122.23596469722972, 18.152284056549806], [122.25059413321591, 18.159475361608237], [122.2609708261829, 18.165293446582528], [122.26930620250062, 18.17031135082128], [122.27282268938465, 18.184481490561414], [122.2842404184032, 18.192816866879138], [122.2933936639452, 18.201152243196862], [122.29751824542215, 18.20948761951459], [122.30532420475426, 18.217822995832314], [122.30821201482766, 18.234493748467763], [122.31749995301257, 18.242829124785487], [122.3252573384625, 18.25116450110321], [122.32765383672469, 18.261579322649514], [122.33332305598739, 18.276170630056388], [122.33248644649998, 18.292841382691837], [122.33598921304241, 18.303505437777346], [122.33598921304241, 18.31581217639929], [122.33517687019432, 18.326182887962737], [122.33367383073193, 18.342853640598186], [122.32765383672469, 18.35764221148447], [122.32134160999864, 18.367859769551362], [122.31931846040696, 18.381865029573337], [122.31281254699523, 18.392865898504535], [122.30764893356215, 18.40120127482226], [122.30264770777151, 18.411124341867172], [122.2943123314538, 18.42107794142607], [122.27764157881833, 18.424174385161358], [122.26930620250062, 18.43242104793956], [122.26097082618287, 18.439772820135655], [122.25263544986517, 18.450064530035892], [122.25138590206336, 18.459548909046333], [122.24499468824057, 18.47621966168178], [122.25016674029925, 18.492890414317234], [122.24430007354744, 18.50859939276218], [122.236469871552, 18.51789654327041], [122.227629320912, 18.52410174414819], [122.21095856827654, 18.522064231429272], [122.1942878156411, 18.522897769061046], [122.17761706300564, 18.5201698277207], [122.1609463103702, 18.519563618533958], [122.15261093405246, 18.51189507232165], [122.15095207603437, 18.50122579063496], [122.15029555174198, 18.48455503799951], [122.14149709896216, 18.476219661681785], [122.14047027730643, 18.459548909046333], [122.13290913548329, 18.45121353272861], [122.12760480509928, 18.43689009874419], [122.12317428975925, 18.426207403775436], [122.12760480509928, 18.412315109912562], [122.12760480509928, 18.407590270226493], [122.12760480509931, 18.39396773277482], [122.13279500006186, 18.38453052218681], [122.11926942878156, 18.38036283402795], [122.10634959548909, 18.38453052218681], [122.09791002696738, 18.38453052218681], [122.0960701010334, 18.367859769551362], [122.08592792351067, 18.36148565824957], [122.07759254719295, 18.353967475688485], [122.06925717087522, 18.347096360715824], [122.05896052954155, 18.342853640598186], [122.05258641823977, 18.330029984724764], [122.04425104192202, 18.320789409168913], [122.03591566560434, 18.31228131711783], [122.02445452316744, 18.30951213532729], [122.01924491296887, 18.295456402739823], [122.01090953665114, 18.289316910690097], [121.99423878401569, 18.287938220152], [121.98399817882535, 18.284506006374112], [121.96923265506251, 18.278379011949653], [121.95534036119963, 18.276170630056388], [121.94422652610936, 18.271429232812984], [121.9275557734739, 18.270777151262564], [121.91088502083844, 18.272449479930387], [121.89421426820299, 18.26871168032936], [121.88587889188526, 18.278837950478056], [121.86920813924982, 18.280024621291524], [121.857538612405, 18.284506006374112], [121.84420201029664, 18.290296229691837], [121.83435111101207, 18.292841382691837], [121.81919588134346, 18.297536856626778], [121.80858722057545, 18.30117675900956], [121.7941897523903, 18.305030750244697], [121.78585437607256, 18.315763667565584], [121.77751899975486, 18.320070278663074], [121.76918362343713, 18.312987233834406], [121.7608482471194, 18.322015199803875], [121.74417749448395, 18.322590053424257], [121.73584211816623, 18.328961346735312], [121.72220241146448, 18.33451826428046], [121.71083598921302, 18.338081478592905], [121.69833292473646, 18.342853640598186], [121.68582986025987, 18.34448046458614], [121.67332679578328, 18.35118901691591], [121.66082373130669, 18.352825468552975], [121.6483206668301, 18.359524393233634], [121.63581760235351, 18.361685416696155], [121.63264344973146, 18.35118901691591], [121.64065437770827, 18.342853640598186], [121.64415297867126, 18.331957975423553], [121.64903698834158, 18.317847511645013], [121.6387753165032, 18.317847511645013], [121.63231534338948, 18.326182887962737], [121.62198032742428, 18.33451826428046], [121.62192530849065, 18.35118901691591], [121.61365099714328, 18.359524393233634], [121.60481479983162, 18.367859769551362], [121.59914194655553, 18.376195145869087], [121.58580534444718, 18.37831009211556], [121.57746996812944, 18.388003595652528], [121.5670507477323, 18.392865898504535], [121.55246383917627, 18.394506193468203], [121.54412846285854, 18.404118656533463], [121.5311044373621, 18.409536651139987], [121.51912233390537, 18.41399510826883], [121.51078695758764, 18.420548923796805], [121.4996823532486, 18.426207403775436], [121.48994851679333, 18.43454278009316], [121.47744545231674, 18.44030550934371], [121.46911007599903, 18.446442671393115], [121.4607746996813, 18.452997524984642], [121.44529471509124, 18.459548909046333], [121.43576857072811, 18.463253520824882], [121.4274331944104, 18.47340365620533], [121.41909781809265, 18.479791965817952], [121.41076244177495, 18.485150422022205], [121.3940916891395, 18.486499654898537], [121.38190921605974, 18.492890414317234], [121.36908556018632, 18.496341780964627], [121.35241480755087, 18.499208003954177], [121.34407943123315, 18.504004249407537], [121.33574405491544, 18.511285727570147], [121.32532483451826, 18.51789654327041], [121.31073792596224, 18.52065268512642], [121.30240254964453, 18.52855883338163], [121.29406717332678, 18.53672831939564], [121.27964264219852, 18.542902672223583], [121.27484347243715, 18.551238048541308], [121.2633304731552, 18.559573424859035], [121.25239029173817, 18.565014573283868], [121.24405491542043, 18.57105887346264], [121.23571953910272, 18.57825955485831], [121.22738416278501, 18.586863840233637], [121.21904878646725, 18.59598585824699], [121.20635845917349, 18.60125030644766], [121.19875395717193, 18.609585682765385], [121.18570728119637, 18.61268766070441], [121.17613611889507, 18.61792105908311], [121.16070115224319, 18.619362268264453], [121.14869821034566, 18.626256435400833], [121.13569502329003, 18.628480142682243], [121.11902427065459, 18.628841860104394], [121.10235351801913, 18.629343611814804], [121.0940181417014, 18.624286255543915], [121.08568276538367, 18.61017685968547], [121.06901201274823, 18.610743373920627], [121.0606766364305, 18.602806912829493], [121.05234126011277, 18.61138350902999], [121.0410605210592, 18.61792105908311], [121.0273351311596, 18.620634902535393], [121.01899975484189, 18.610618384256078], [121.01066437852414, 18.60389893069815], [121.00232900220642, 18.599062282632065], [120.98565824957097, 18.598573292410386], [120.97732287325324, 18.592099512881465], [120.96898749693553, 18.5819562559357], [120.9606521206178, 18.570513606276048], [120.95231674430008, 18.567127359646975], [120.93564599166463, 18.5603768346246], [120.91897523902917, 18.56318888249627], [120.91009168878355, 18.56790880117676], [120.90149743473452, 18.576244177494484], [120.89396911007599, 18.58763585846204], [120.88563373375828, 18.59857871147403], [120.87729835744054, 18.605109276965123], [120.87208874724197, 18.61792105908311], [120.86514260031053, 18.626256435400833], [120.85923587745754, 18.634591811718558], [120.85742169083674, 18.65126256435401], [120.84395685216965, 18.65345608443762], [120.83562147585192, 18.646807526245652], [120.8272860995342, 18.639417555902504], [120.81895072321646, 18.633755832342903], [120.80805061572406, 18.634591811718558], [120.79811228242217, 18.634591811718558], [120.78560921794556, 18.628555849557447], [120.77727384162785, 18.618615673776254], [120.77616245811882, 18.609585682765385], [120.77651608014442, 18.592914930129933], [120.7816866879137, 18.58457955381221], [120.77977445452316, 18.56790880117676], [120.77727384162785, 18.556239274331944], [120.76893846531013, 18.545050600629217], [120.76060308899238, 18.540225356533576], [120.74785486638882, 18.53456729590586], [120.73559696003923, 18.52982921521582], [120.71892620740378, 18.527780056552192], [120.70225545476833, 18.530888378157616], [120.68558470213287, 18.531478485256645], [120.67308163765628, 18.53456729590586], [120.66057857317969, 18.53793659093825], [120.64390782054426, 18.540192997486134], [120.63557244422654, 18.54413634037037], [120.61890169159108, 18.543696517587176], [120.61056631527336, 18.535883407956025], [120.60223093895563, 18.527158072512325], [120.5938955626379, 18.51941206623727], [120.58556018632018, 18.512758144633274], [120.56964719516816, 18.509561166952686], [120.56055405736699, 18.502151943559152], [120.55939992833841, 18.492890414317234], [120.56541961990061, 18.48455503799951], [120.56821272079848, 18.46788428536406], [120.56987006619269, 18.459548909046333], [120.57722481000243, 18.44996322628095], [120.58327151023157, 18.43454278009316], [120.58465906455609, 18.41787202745771], [120.59086451670419, 18.409536651139987], [120.59222848737436, 18.392865898504535], [120.59567107922055, 18.38453052218681], [120.59874206830533, 18.367859769551362], [120.59650876993861, 18.35118901691591], [120.59825996409299, 18.33451826428046], [120.5916222781876, 18.326182887962737], [120.58920008870297, 18.30951213532729], [120.58175490578705, 18.30117675900956], [120.57419376406872, 18.292841382691837], [120.56888943368473, 18.28117185584702], [120.560554057367, 18.272002941897526], [120.55805344447168, 18.259499877420936], [120.55462774932265, 18.242829124785487], [120.54784122313214, 18.234493748467763], [120.53971561657269, 18.22615837215004], [120.53234201444548, 18.217822995832314], [120.52304486393724, 18.209487619514586], [120.51887717577839, 18.196984555038], [120.51702486993, 18.184481490561414], [120.51609871700582, 18.16781073792596], [120.51390453323768, 18.151139985290513], [120.51054179946064, 18.140026150200214], [120.50220642314292, 18.127986162185724], [120.49759219695119, 18.117798480019612], [120.49066513285685, 18.10946310370189], [120.47958183028052, 18.101127727384164], [120.47492700973947, 18.09279235106644], [120.47442183541719, 18.076121598430987], [120.48130639095587, 18.067786222113263], [120.47920559719037, 18.051115469477814], [120.47476914276373, 18.04278009316009], [120.47307180657008, 18.026109340524634], [120.48204019011617, 18.017773964206913], [120.486702763273, 18.00943858788919], [120.48970335866633, 17.992767835253737], [120.47824221622948, 17.984432458936013], [120.4732635333874, 17.97609708261829], [120.46822965822173, 17.967761706300568], [120.47018172299339, 17.95942632998284], [120.46636430497671, 17.951090953665116], [120.46052954155431, 17.940256214162268], [120.45219416523659, 17.93218850717375], [120.43827941512691, 17.92608482471194], [120.4333169894582, 17.917749448394215], [120.43552341260113, 17.90181536183272], [120.44169776542907, 17.89274331944104], [120.43760725668056, 17.87607256680559], [120.44051465591465, 17.85940181417014], [120.44728428594624, 17.851066437852417], [120.44682511502522, 17.834395685216965], [120.44385878891886, 17.82476800251887], [120.43433264455574, 17.817724932581516], [120.42480650019263, 17.809389556263792], [120.41051728364795, 17.80356062178294], [120.40218190733023, 17.796886491787202], [120.40218190733023, 17.786764963401392], [120.41051728364795, 17.778033714981667], [120.41676881588624, 17.767712674675167], [120.40656433431084, 17.759377298357442], [120.41885265996568, 17.75445805979474], [120.43077256187712, 17.751041922039718], [120.43209098084787, 17.734371169404263], [120.41885265996567, 17.728536405981856], [120.41572689384654, 17.717700416768817], [120.41051728364795, 17.706620130617207], [120.39727829624753, 17.701029664133365], [120.38551115469478, 17.695326511915972], [120.37717577837705, 17.686810492767833], [120.36884040205933, 17.67959583931636], [120.36050502574162, 17.688888180007453], [120.35038349735579, 17.684358911497917], [120.36050502574162, 17.678489622764662], [120.36328348451418, 17.667688158862468], [120.3630697569163, 17.651017406227016], [120.35384006551644, 17.64268202990929], [120.35008580534445, 17.634346653591567], [120.34939119065132, 17.617675900956115], [120.34877619588008, 17.601005148320667], [120.34175042902672, 17.592669772002942], [120.3396665849473, 17.575999019367494], [120.33508212797254, 17.56766364304977], [120.34050012257907, 17.55932826673204], [120.34956586778607, 17.550992890414317], [120.35424312612966, 17.542657514096593], [120.36234207051689, 17.53432213777887], [120.35717087521452, 17.52598676146114], [120.36467271390046, 17.52598676146114], [120.37217455258642, 17.52598676146114], [120.38454938050428, 17.517651385143417], [120.39384653101249, 17.515305500858933], [120.39860960319405, 17.500980632507968], [120.40218190733023, 17.49171690859297], [120.41420468070523, 17.492645256190244], [120.42427698293218, 17.492645256190244], [120.43320696698503, 17.48430987987252], [120.4282463163199, 17.467639127237067], [120.42897107024194, 17.45096837460162], [120.43830187137371, 17.442632998283894], [120.44404957345948, 17.43429762196617], [120.45219416523658, 17.42179455748958], [120.45854089853488, 17.409291493012994], [120.45603535255574, 17.392620740377545], [120.45132589687016, 17.38428536405982], [120.44607083084425, 17.36761461142437], [120.44385878891886, 17.35153924281162], [120.4363569502329, 17.342608482471196], [120.42718803628341, 17.33552960657245], [120.42666213254348, 17.325937729835744], [120.42542968793765, 17.309266977200295], [120.4193532831603, 17.292596224564846], [120.41885265996568, 17.27668323341282], [120.41739396911007, 17.267590095611666], [120.41563799255971, 17.25091934297622], [120.4188526599657, 17.23772166380649], [120.4188526599657, 17.229304713560392], [120.41051728364796, 17.220356296477895], [120.40630424966832, 17.209242461387596], [120.41249249129278, 17.200907085069872], [120.42148211615404, 17.192571708752144], [120.4240884490849, 17.175900956116696], [120.42718803628341, 17.161999431502554], [120.42904041534615, 17.15089482716352], [120.43119554296467, 17.13422407452807], [120.432682163859, 17.117553321892622], [120.43367110675274, 17.10088256925717], [120.43552341260113, 17.085878891885265], [120.4391686209591, 17.075876440303997], [120.44142763749284, 17.059205687668545], [120.44587459939939, 17.05087031135082], [120.44615714633522, 17.034199558715372], [120.45001288133128, 17.017528806079923], [120.4510033971912, 17.00085805344447], [120.44935162345553, 16.984187300809023], [120.44177494483942, 16.975851924491298], [120.43552341260113, 16.962515322382934], [120.42881922534407, 16.95084579553812], [120.42630129412194, 16.942510419220397], [120.4185244955437, 16.934175042902673], [120.41051728364795, 16.92107659440339], [120.40929602654927, 16.909168913949497], [120.40218190733023, 16.89749938710468], [120.4019059014919, 16.884162784996324], [120.39207842088449, 16.8758274086786], [120.38325477441948, 16.86749203236087], [120.37421539674934, 16.859156656043147], [120.3605050257416, 16.851620562386028], [120.35216964942389, 16.84620334275609], [120.3413441817602, 16.8424859034077], [120.3308354924477, 16.834150527089975], [120.32716352047069, 16.82126858187167], [120.32570482961509, 16.809144398136795], [120.32574473301237, 16.79247364550135], [120.32716352047072, 16.778303505761215], [120.33015660021579, 16.767467516548173], [120.33386744310859, 16.750796763912724], [120.33289257040472, 16.734126011277276], [120.33885542425064, 16.725790634959548], [120.3366298840947, 16.7091198823241], [120.32716352047072, 16.701975274051765], [120.32588115488338, 16.69244912968865], [120.33549889678844, 16.685039906295117], [120.33549889678844, 16.68307183133121], [120.33116450110322, 16.667443000735474], [120.31882814415297, 16.660959930266134], [120.31049276783527, 16.651585455545657], [120.30822224019747, 16.6424368717823], [120.31049276783526, 16.628505016040577], [120.31049276783526, 16.622987660374275], [120.30215739151753, 16.611660097686084], [120.28963162909625, 16.617430742829125], [120.27715126256436, 16.6206512291337], [120.27715126256436, 16.611762686933073], [120.28548663888208, 16.603329993164298], [120.29941086902205, 16.600759990193676], [120.29827726980791, 16.584089237558224], [120.31049276783526, 16.578082178697304], [120.3136986818036, 16.567418484922776], [120.31257661191468, 16.550747732287327], [120.31598560237192, 16.534076979651875], [120.3067039604181, 16.52574160333415], [120.30918816819619, 16.509070850698702], [120.31395143025566, 16.500735474380974], [120.3096139582029, 16.49240009806325], [120.31882814415297, 16.486446257836306], [120.32299583231185, 16.4757293454278], [120.32337471305354, 16.459058592792353], [120.3271635204707, 16.443777069543188], [120.3325729636048, 16.434052463839176], [120.33426206961124, 16.417381711203728], [120.32716352047069, 16.405156492604394], [120.32299583231185, 16.39237558225055], [120.32331642370869, 16.375704829615103], [120.33383603258665, 16.36736945329738], [120.33549889678844, 16.356738828449267], [120.33788043287922, 16.342363324344202], [120.34023490608553, 16.325692571708753], [120.34298576175871, 16.3090218190733], [120.340045465689, 16.292351066437853], [120.34383427310617, 16.281237231347554], [120.35216964942387, 16.268734166870967], [120.36050502574162, 16.263455095203074], [120.36884040205933, 16.271512625643542], [120.37717577837705, 16.26321934714545], [120.38551115469477, 16.256848537704432], [120.39520629873877, 16.250674184849228], [120.39915086139652, 16.23400343221378], [120.40218190733023, 16.22288959712348], [120.4077388248754, 16.208997303260603], [120.41311559298009, 16.200661926942878], [120.41551850943858, 16.18399117430743], [120.41927321377224, 16.175655797989705], [120.41766189192029, 16.167320421671977], [120.41459825120725, 16.15064966903653], [120.40761211982229, 16.142314292718805], [120.4000785880447, 16.13397891640108], [120.39222721434986, 16.125643540083352], [120.38399408213338, 16.117308163765628], [120.37471866469588, 16.108972787447904], [120.36613703669451, 16.10063741113018], [120.3552006953576, 16.092302034812455], [120.34383427310615, 16.085818964343115], [120.33549889678844, 16.078778664992434], [120.32716352047072, 16.068971860343467], [120.31882814415297, 16.062294680068643], [120.30215739151753, 16.0627493369587], [120.29382201519981, 16.05284656163224], [120.27942454701464, 16.05062515322383], [120.26881588624663, 16.046350601196337], [120.25297867124294, 16.042289776906106], [120.24380975729346, 16.036848930806674], [120.227139004658, 16.036428049451317], [120.21046825202255, 16.035355187612467], [120.20213287570485, 16.02761088745963], [120.19379749938709, 16.034800669699187], [120.18546212306939, 16.043036925468403], [120.17712674675165, 16.035104107661315], [120.16045599411619, 16.035469923555237], [120.14378524148076, 16.04124785486639], [120.13544986516303, 16.048060422049147], [120.12711448884531, 16.051319767916972], [120.11746300047741, 16.058960529541555], [120.10961019857808, 16.06729590585928], [120.11641903174007, 16.075631282177003], [120.10799270942012, 16.08396665849473], [120.1178529596034, 16.092302034812455], [120.12071757213636, 16.10063741113018], [120.12372612447851, 16.117308163765628], [120.11877911252758, 16.126653888727926], [120.11044373620987, 16.122341093017855], [120.10049385006482, 16.117308163765628], [120.10059283692526, 16.10063741113018], [120.08860795254915, 16.10063741113018], [120.08672445580267, 16.117308163765628], [120.09990388192134, 16.125643540083352], [120.10210835989213, 16.140440842871126], [120.10210835989213, 16.145731221626814], [120.0969483650288, 16.158985045354253], [120.0899029874269, 16.167320421671977], [120.07710223093895, 16.169772002941897], [120.06876685462123, 16.177269096631846], [120.06043147830351, 16.168313834323904], [120.05209610198578, 16.175774483526116], [120.04431117504753, 16.192326550625154], [120.03889842281606, 16.192326550625154], [120.03393688929359, 16.192326550625154], [120.0270899730326, 16.208807862889746], [120.02433150317208, 16.192326550625154], [120.02335342502812, 16.175655797989705], [120.01067425614401, 16.175655797989705], [120.00218045927265, 16.18399117430743], [120.00208384407942, 16.192371995431735], [119.98544938135672, 16.200661926942878], [119.9771419484723, 16.208997303260603], [119.985413091444, 16.222121087250212], [119.99419049528657, 16.225668055896055], [120.01041922039717, 16.233746648391882], [120.01125453927969, 16.242338808531503], [120.018904113934, 16.250674184849228], [120.01041922039715, 16.251136904292096], [120.00307052842498, 16.26734493748468], [119.99702429962856, 16.275680313802404], [120.00208384407944, 16.287445886108728], [120.01180844978344, 16.292351066437853], [120.01875459671488, 16.304713194497854], [120.01875459671488, 16.315778525696615], [120.01597613794232, 16.325692571708753], [120.0062515322383, 16.334027948026478], [119.9937484677617, 16.34057844721753], [119.98749693552341, 16.350698700661926], [119.97707771512626, 16.355699926452562], [119.96742345018649, 16.359034076979654], [119.96655457596262, 16.375704829615103], [119.97152079758112, 16.384040205932827], [119.9647541205384, 16.39237558225055], [119.96151834599985, 16.409046334886], [119.95889143952394, 16.409046334886], [119.94670929967651, 16.409046334886], [119.93724111146618, 16.417381711203728], [119.93540083353764, 16.429048378505758], [119.92498161314049, 16.434052463839176], [119.91873008090218, 16.4468761197126], [119.90706055405738, 16.4423878401569], [119.90205932826673, 16.431968619759743], [119.90156901201274, 16.417381711203728], [119.90898897607214, 16.409046334886], [119.90205932826673, 16.393417504290266], [119.88677780501757, 16.39237558225055], [119.87705319931356, 16.387198329890445], [119.86204952194164, 16.384040205932827], [119.85204707036038, 16.379177903080823], [119.84371169404267, 16.370556508948273], [119.8270409414072, 16.36752381211808], [119.81870556508949, 16.365232177370736], [119.81037018877174, 16.357833014119567], [119.79989142997233, 16.350698700661926], [119.79295667983078, 16.342363324344202], [119.78536405981859, 16.331051027913006], [119.78401921476839, 16.31735719539103], [119.77691754514997, 16.3090218190733], [119.77474317709115, 16.292351066437853], [119.7712653436011, 16.275680313802404], [119.76909754463392, 16.259009561166952], [119.76706455548887, 16.250674184849228], [119.77202745771022, 16.242338808531503], [119.76978456303974, 16.225668055896055], [119.7639925425714, 16.217332679578327], [119.76032762040607, 16.208997303260603], [119.75354395559162, 16.192326550625154], [119.75332740366764, 16.175655797989705], [119.75133745512431, 16.167320421671977], [119.76035793086541, 16.161746200840838], [119.76568569717159, 16.15064966903653], [119.76869330718313, 16.139932756628028], [119.77437651830886, 16.125643540083352], [119.76035793086541, 16.117863855520145], [119.75799416743203, 16.108972787447904], [119.76035793086541, 16.0935844003998], [119.76484623725581, 16.08396665849473], [119.75915281621705, 16.075631282177003], [119.75202255454766, 16.063759685603273], [119.75091117103865, 16.05062515322383], [119.75864208018524, 16.042289776906106], [119.7611157985944, 16.033954400588378], [119.7697477507121, 16.025619024270654], [119.76643580943042, 16.01728364795293], [119.75773171646338, 16.008948271635205], [119.76035793086541, 15.997896513042352], [119.76035793086541, 15.986773025205032], [119.75202255454768, 15.976958449010423], [119.7489107801839, 15.96727139004658], [119.75202255454768, 15.955654294832447], [119.75969583627484, 15.942265261093405], [119.76757040989342, 15.933929884775681], [119.76869330718313, 15.924570865734793], [119.77914362970122, 15.925594508457955], [119.79030110397863, 15.925594508457955], [119.80203481245404, 15.920928794758089], [119.80822189596972, 15.93392988477568], [119.8116525543591, 15.942265261093405], [119.81870556508949, 15.95386301568465], [119.83537631772494, 15.951843795712781], [119.84371169404267, 15.948933562147586], [119.85204707036038, 15.95179140545652], [119.85704829615102, 15.942265261093407], [119.8603824466781, 15.927261583721501], [119.86593936422327, 15.91725913214023], [119.87427474054098, 15.908923755822507], [119.88146345127416, 15.900588379504779], [119.88003011942703, 15.88391762686933], [119.88261011685871, 15.867246874233883], [119.89372395194901, 15.85983765084035], [119.90205932826672, 15.856638213465867], [119.91039470458446, 15.846548433294895], [119.91039470458446, 15.840388439432324], [119.90205932826673, 15.830473155185093], [119.88955626379015, 15.825569992645256], [119.888419621565, 15.808899240009808], [119.88836549574475, 15.792228487374356], [119.89669027810113, 15.783893111056631], [119.90205932826674, 15.769518605268274], [119.90533452530337, 15.758886982103455], [119.89372395194903, 15.755262905443576], [119.88538857563128, 15.743936227789174], [119.86871782299582, 15.74515812699191], [119.86350821279726, 15.733880853150282], [119.86871782299585, 15.723878401569014], [119.87824396735896, 15.717210100514832], [119.88657934367667, 15.70887472419711], [119.89739281114092, 15.700539347879381], [119.90831086050503, 15.692203971561657], [119.91873008090218, 15.685535670507477], [119.9291009913215, 15.683868595243933], [119.93078455961592, 15.66719784260848], [119.92489790690523, 15.65886246629076], [119.92553050443742, 15.642191713655308], [119.91456239274332, 15.633856337337583], [119.91039470458446, 15.622522624184064], [119.90817142817667, 15.60885020838441], [119.9158249171468, 15.600514832066683], [119.91575316078871, 15.583844079431232], [119.91543626280237, 15.567173326795782], [119.92537127506779, 15.567173326795784], [119.93540083353763, 15.569370460558671], [119.94737611223815, 15.567173326795782], [119.93834273106154, 15.558837950478058], [119.94373620985536, 15.54410565747288], [119.94552108698203, 15.533831821524885], [119.95546408776903, 15.525496445207159], [119.95346081555937, 15.508825692571708], [119.94466236277955, 15.500490316253984], [119.94373620985536, 15.488820789409168], [119.93540083353761, 15.480657433070458], [119.92706545721991, 15.487213017162354], [119.91873008090218, 15.497434011604152], [119.91199704526966, 15.483819563618534], [119.90761624581188, 15.483819563618532], [119.90205932826673, 15.498406472174551], [119.89372395194903, 15.502845966082907], [119.88511302600094, 15.500490316253984], [119.89010315504228, 15.49215493993626], [119.89372395194901, 15.481041104845959], [119.89839176268694, 15.467148810983087], [119.90335043361685, 15.458813434665359], [119.91369584375136, 15.450478058347635], [119.90205932826673, 15.449644520715863], [119.89372395194901, 15.450730645508777], [119.88781972705729, 15.44214268202991], [119.89127039355219, 15.425471929394462], [119.89610548803978, 15.417136553076734], [119.90205932826673, 15.401507722481002], [119.91039470458446, 15.396962526269949], [119.92070061902987, 15.392130424123557], [119.93105845190874, 15.383795047805837], [119.94106565242056, 15.37545967148811], [119.94909411928253, 15.367124295170385], [119.95207158617308, 15.353195442673858], [119.9604069624908, 15.344499702307989], [119.9639700500664, 15.333782789899487], [119.96874233880854, 15.32025746231789], [119.97707771512626, 15.313194704863974], [119.98078232682303, 15.300441284628585], [119.98541309144399, 15.287297037358327], [119.99374846776172, 15.279873472935499], [120.00208384407942, 15.274198588859043], [120.01854873638383, 15.267099779357686], [120.01850739475745, 15.250429026722236], [120.01041922039715, 15.237706610237288], [120.01041922039715, 15.228399817882535], [120.01725149611802, 15.217087521451337], [120.02481301672856, 15.208752145133612], [120.01875459671488, 15.199763013810575], [120.01479882490307, 15.183746016180436], [120.0270899730326, 15.176336792786904], [120.03350105213151, 15.167075263544987], [120.03542534935033, 15.154572199068399], [120.03776674723002, 15.142069134591813], [120.04098226689548, 15.125398381956362], [120.04849673496514, 15.117063005638638], [120.04941687388366, 15.10039225300319], [120.05116994906157, 15.083721500367735], [120.05392805284404, 15.075386124050013], [120.05923914032365, 15.05871537141456], [120.05958451318246, 15.042044618779112], [120.05960198230952, 15.025373866143664], [120.0649894283116, 15.01703848982594], [120.06321339896986, 15.000367737190487], [120.06722137378367, 14.983696984555039], [120.0589727874479, 14.97536160823731], [120.05881325501541, 14.958690855601864], [120.05930544724438, 14.942020102966415], [120.0593037010083, 14.925349350330965], [120.05396650852212, 14.908678597695515], [120.0520961019858, 14.895315534075035], [120.0520961019858, 14.888751838685952], [120.06043147830351, 14.8753802406627], [120.06187107264813, 14.86700171610689], [120.07000862390507, 14.858666339789163], [120.08221334565204, 14.850330963471439], [120.07710223093898, 14.837026420502763], [120.07710223093895, 14.831047630199091], [120.07710223093898, 14.821961437056725], [120.07710223093898, 14.812226386018981], [120.09065173503772, 14.81698945820054], [120.10210835989213, 14.81737827134206], [120.10210835989213, 14.81467407589006], [120.09377298357441, 14.806394205371701], [120.08228868731442, 14.80031870556509], [120.08021244592386, 14.78364795292964], [120.09377298357441, 14.776460972768055], [120.11044373620986, 14.777670432002367], [120.12592020304146, 14.775312576611917], [120.13315592230293, 14.766977200294189], [120.12095033058665, 14.758641823976465], [120.13544986516304, 14.754784393421179], [120.14660848273549, 14.75030644765874], [120.1528762421718, 14.741971071341014], [120.16879137043395, 14.73931890614901], [120.18135158143437, 14.741971071341014], [120.19191268300403, 14.75030644765874], [120.19840061765213, 14.758641823976465], [120.20213287570483, 14.77253411783934], [120.20374617434697, 14.78364795292964], [120.208301513739, 14.80031870556509], [120.21152382373427, 14.808654081882814], [120.21674065950327, 14.825324834518264], [120.2147260755747, 14.841995587153715], [120.21046825202255, 14.855042263129283], [120.20377048073897, 14.86700171610689], [120.21880362834028, 14.869667970002592], [120.23237595256197, 14.867001716106891], [120.24189114487999, 14.858666339789163], [120.24380975729346, 14.848393991897828], [120.26048050992891, 14.842739153281222], [120.26693021639993, 14.833660210835989], [120.26881588624664, 14.818418496447109], [120.2826958587963, 14.816989458200542], [120.29154873074951, 14.808654081882814], [120.28548663888208, 14.796277310986799], [120.26881588624663, 14.795499242345294], [120.26048050992891, 14.800940604648702], [120.25834820435927, 14.791983329247365], [120.26241716795411, 14.783647952929638], [120.2604805099289, 14.770549504430356], [120.25214513361118, 14.76463785588075], [120.23972295543737, 14.758641823976465], [120.24631168702403, 14.75030644765874], [120.26048050992891, 14.743201536523525], [120.27028683500858, 14.741971071341014], [120.2604805099289, 14.74030399607747], [120.25018386859523, 14.733635695023288], [120.24697242112208, 14.71696494238784], [120.24796497969793, 14.700294189752391], [120.24822260357931, 14.68362343711694], [120.26048050992891, 14.67604103067704], [120.26881588624663, 14.670612564260004], [120.27715126256436, 14.661951458690856], [120.28548663888208, 14.653928658985047], [120.29382201519982, 14.64472501430089], [120.30215739151754, 14.637037849838087], [120.31049276783526, 14.626256435400833], [120.3271635204707, 14.629397692251953], [120.34269109252747, 14.625275802892864], [120.35216964942389, 14.617352507946563], [120.36884040205933, 14.618836266586413], [120.3728268863852, 14.608605050257417], [120.38215212241192, 14.60026967393969], [120.3855111546948, 14.588183378278991], [120.38744231627068, 14.575263544986516], [120.37968475455821, 14.566928168668792], [120.38975091887708, 14.558592792351067], [120.38119975315112, 14.550257416033341], [120.38819665385478, 14.541922039715617], [120.38105269759458, 14.533586663397891], [120.37571384902472, 14.525251287080167], [120.37820497837004, 14.516915910762442], [120.37717577837705, 14.505484537526705], [120.37717577837705, 14.493921769196303], [120.3799099692771, 14.483574405491542], [120.38551115469478, 14.469450750249695], [120.38914545575231, 14.458568276538369], [120.40218190733023, 14.453835223752293], [120.41885265996568, 14.451162726529216], [120.42257317128346, 14.441897523902917], [120.43403684867185, 14.441897523902917], [120.44135817602353, 14.441897523902917], [120.45219416523658, 14.436577169580747], [120.45503430383047, 14.425226771267468], [120.46886491787203, 14.418962160522241], [120.47338922817798, 14.40855601863202], [120.48200942343203, 14.408556018632018], [120.48844191164982, 14.408556018632018], [120.49859438658095, 14.408556018632016], [120.49244044215044, 14.416891394949742], [120.48511050465629, 14.425226771267468], [120.49005331718624, 14.433562147585192], [120.49699618781243, 14.433562147585192], [120.51054179946064, 14.427375779121338], [120.51887717577839, 14.421653495251853], [120.5272125520961, 14.425691647297224], [120.53554792841385, 14.420059535005585], [120.55221868104928, 14.418983607939662], [120.56800394752482, 14.425226771267468], [120.57722481000246, 14.427929552161268], [120.58556018632018, 14.43701794209484], [120.59334537276808, 14.450232900220643], [120.59613002311532, 14.458568276538367], [120.60553543368695, 14.466903652856093], [120.6092439393265, 14.483574405491542], [120.61056631527336, 14.495614393506035], [120.61183781332717, 14.508580534444718], [120.60941103098486, 14.516915910762442], [120.60663188273632, 14.533586663397891], [120.60223093895561, 14.547156842099582], [120.59797509402043, 14.558592792351067], [120.59732777641578, 14.575263544986516], [120.59389556263791, 14.584789689349632], [120.58889147730449, 14.600269673939689], [120.5873193289247, 14.616940426575143], [120.58794172241096, 14.633611179210591], [120.58556018632018, 14.64611424368718], [120.5813924981613, 14.658617308163766], [120.57352019830569, 14.66695268448149], [120.56888943368473, 14.679455748958077], [120.56552976191594, 14.691958813434665], [120.55763959013763, 14.700294189752391], [120.54811258428316, 14.708629566070115], [120.54813271218967, 14.725300318705566], [120.54830535882562, 14.741971071341014], [120.55650775807125, 14.75030644765874], [120.55221868104928, 14.762809512135327], [120.54876001862887, 14.775312576611915], [120.55221868104928, 14.790452341793543], [120.55221868104928, 14.794570170126295], [120.55221868104928, 14.801707934951377], [120.560554057367, 14.811779848001962], [120.57722481000245, 14.815698061845971], [120.59389556263791, 14.815798690155152], [120.60740819128088, 14.808654081882814], [120.61372443926582, 14.808654081882814], [120.62306937974994, 14.808654081882814], [120.6272370679088, 14.797503446048934], [120.63001552668138, 14.783647952929638], [120.63723951949008, 14.775312576611915], [120.64864382984135, 14.766977200294189], [120.66057857317969, 14.763052076029805], [120.67724932581515, 14.762809512135327], [120.68558470213287, 14.768644275557733], [120.6939200784506, 14.762809512135327], [120.71059083108605, 14.76421302027482], [120.7272615837215, 14.760308128997277], [120.73652311296341, 14.758641823976465], [120.75226771267468, 14.754474135817603], [120.76060308899241, 14.764198741521616], [120.77445858211169, 14.758641823976465], [120.78560921794556, 14.755826564460309], [120.80227997058103, 14.755451741666882], [120.81895072321649, 14.753640598185829], [120.83041186573098, 14.758641823976465], [120.84117839339709, 14.758641823976467], [120.84117839339709, 14.741971071341016], [120.84877498871637, 14.733635695023288], [120.85760138540184, 14.725300318705568], [120.86896298112282, 14.7220166856837], [120.87729835744057, 14.714186483615265], [120.88563373375828, 14.705777990030231], [120.893969110076, 14.715297867124296], [120.90230448639372, 14.703887024290871], [120.91063986271143, 14.693656446056258], [120.91897523902918, 14.68822861739691], [120.92314292718804, 14.675288060799215], [120.93008771634749, 14.66695268448149], [120.93927006839965, 14.658617308163766], [120.94606521206177, 14.650281931846042], [120.95231674430008, 14.639224227181924], [120.95808517084609, 14.625275802892865], [120.95836234817267, 14.608605050257417], [120.9544650371021, 14.591934297621966], [120.96641769718735, 14.58359892130424], [120.9749075085569, 14.575263544986516], [120.97949921176075, 14.566928168668792], [120.98295488420617, 14.550257416033341], [120.99000411828061, 14.541922039715617], [120.98285520269101, 14.533586663397891], [120.98295488433578, 14.516915910762442], [120.97384777468983, 14.508580534444715], [120.9820365638543, 14.500245158126994], [120.97732287325324, 14.485658249570974], [120.96898749693553, 14.480795946718967], [120.9606521206178, 14.470997107327012], [120.95231674430008, 14.464179673616357], [120.93564599166463, 14.464125194083518], [120.91897523902918, 14.463466384203876], [120.91063986271145, 14.454599049765466], [120.893969110076, 14.456484432458936], [120.88396665849473, 14.458568276538367], [120.8917403998363, 14.466903652856093], [120.90230448639372, 14.469008545845343], [120.91063986271143, 14.477620565264594], [120.92254754316534, 14.48357440549154], [120.91063986271146, 14.4882051701125], [120.90230448639372, 14.494804312027563], [120.893969110076, 14.489167881670346], [120.88563373375828, 14.478811333309984], [120.88165482589207, 14.466903652856093], [120.87396420691346, 14.458568276538369], [120.87506948387704, 14.441897523902918], [120.86340606357768, 14.433562147585192], [120.85729345427801, 14.425226771267468], [120.84860051581323, 14.416891394949742], [120.838955626379, 14.408556018632018], [120.83562147585192, 14.397312952868889], [120.8272860995342, 14.38947271129272], [120.81359226701223, 14.383549889678843], [120.81061534689874, 14.37323461401618], [120.79541988208224, 14.366879137043393], [120.78720298014201, 14.358543760725668], [120.7802053924295, 14.350208384407944], [120.7715031964848, 14.341873008090218], [120.76268693307182, 14.333537631772494], [120.75226771267468, 14.327980714227346], [120.74393233635695, 14.318950723216474], [120.73559696003923, 14.314767288140153], [120.72101005148319, 14.308531502819319], [120.71309144398137, 14.300196126501593], [120.70377097773519, 14.291860750183869], [120.6939200784506, 14.289082291411294], [120.6818800904361, 14.283525373866144], [120.67620740377544, 14.283525373866144], [120.66057857317972, 14.288640263879294], [120.64664972064878, 14.283525373866144], [120.63716036757742, 14.275189997548418], [120.6272370679088, 14.274396152184826], [120.62090464713981, 14.25851924491297], [120.61961914520731, 14.24184849227752], [120.62122050926564, 14.225177739642069], [120.61628050411171, 14.225177739642067], [120.60223093895564, 14.227803954098338], [120.5884868356874, 14.225177739642067], [120.58407172626343, 14.216842363324345], [120.58871752583447, 14.208506987006619], [120.58112842971087, 14.200171610688894], [120.57555773473891, 14.191836234371172], [120.58556018632018, 14.18575366246364], [120.58950852247068, 14.17516548173572], [120.58556018632018, 14.164490350662142], [120.58556018632018, 14.153876480059367], [120.60223093895563, 14.150802940162505], [120.60223093895563, 14.149370871238977], [120.58556018632018, 14.145247434595314], [120.57722481000245, 14.137623030893636], [120.56738633303728, 14.133488600147095], [120.57722481000245, 14.130011355486165], [120.59007009711132, 14.125153223829372], [120.60223093895563, 14.117537966427848], [120.61056631527336, 14.109522721400113], [120.6141132839192, 14.100147094876196], [120.61421712562608, 14.083476342240745], [120.62484491889693, 14.075140965923019], [120.62580265361684, 14.05847021328757], [120.62564708284944, 14.04179946065212], [120.61394878682258, 14.033464084334396], [120.61473400343222, 14.016793331698945], [120.61890169159108, 14.001137438218228], [120.62149838200187, 13.991787202745773], [120.6272370679088, 13.977200294189752], [120.6272370679088, 13.973226342138553], [120.61056631527336, 13.972903126596911], [120.60223093895564, 13.979925321062854], [120.60223093895563, 13.967302034812455], [120.61056631527336, 13.95873653405415], [120.61377222924172, 13.950110321157148], [120.60389801421917, 13.941774944839421], [120.61852487801887, 13.933439568521697], [120.61854318078171, 13.916768815886249], [120.62258398640631, 13.908433439568523], [120.6195132379042, 13.891762686933072], [120.61425045942454, 13.883427310615346], [120.61478675892758, 13.866756557979897], [120.61427092697012, 13.850085805344447], [120.61808347742507, 13.833415052708997], [120.62628357470287, 13.825079676391272], [120.62409831025538, 13.80840892375582], [120.63104317588274, 13.800073547438098], [120.64025108966972, 13.791738171120373], [120.64913852232249, 13.783402794802647], [120.65224319686197, 13.76728847585027], [120.6605785731797, 13.765539125964336], [120.66891394949742, 13.77401233590674], [120.67724932581515, 13.782120429215306], [120.67724932581515, 13.786181253575224], [120.67141386214332, 13.800073547438098], [120.66593315824863, 13.80840892375582], [120.6605785731797, 13.818432645814653], [120.65668596292133, 13.833415052708997], [120.6563687871232, 13.850085805344445], [120.66891394949741, 13.855302661134607], [120.68558470213287, 13.853932633091382], [120.6939200784506, 13.848942987667598], [120.70225545476833, 13.840857352992682], [120.71892620740378, 13.83951220644877], [120.7231136477142, 13.850085805344447], [120.71892620740377, 13.863510694966397], [120.7109269887254, 13.875091934297622], [120.70237625732366, 13.883427310615346], [120.69944331976882, 13.891762686933072], [120.70225545476833, 13.90551605785732], [120.70395570562754, 13.916768815886247], [120.7135276476325, 13.925104192203971], [120.72456583947374, 13.925104192203971], [120.72828899734533, 13.925104192203971], [120.73908618741564, 13.933439568521699], [120.7477691033364, 13.933439568521697], [120.7606030889924, 13.93185348482105], [120.77727384162785, 13.926964379696601], [120.79060046130661, 13.925104192203971], [120.80227997058103, 13.924192781910023], [120.81779843603019, 13.916768815886249], [120.8272860995342, 13.915808161372484], [120.84208613995003, 13.908433439568523], [120.85229222848736, 13.905625501155235], [120.86896298112282, 13.901222186832808], [120.87729835744057, 13.897401323853888], [120.88921114848205, 13.891762686933072], [120.90230448639372, 13.890290841010547], [120.91063986271145, 13.879418254207128], [120.9111118545795, 13.866756557979897], [120.91691492647877, 13.850085805344447], [120.91561408556987, 13.833415052708997], [120.90876865578298, 13.825079676391272], [120.90794033742674, 13.808408923755822], [120.91432716313861, 13.800073547438098], [120.91897523902918, 13.787351130953148], [120.92498548405828, 13.775067418484923], [120.92643056300147, 13.758396665849473], [120.91063986271143, 13.754143440722885], [120.90107178989602, 13.750061289531747], [120.89259746587182, 13.741725913214022], [120.88563373375828, 13.727385905615282], [120.87729835744057, 13.720544785680783], [120.87474049464868, 13.708384407943123], [120.87782084236814, 13.700049031625399], [120.88563373375828, 13.689629811228242], [120.893969110076, 13.678948637291676], [120.90230448639372, 13.687607019525771], [120.91063986271143, 13.6932394985266], [120.91897523902918, 13.70118532950997], [120.92573618294007, 13.716719784260848], [120.92961005798327, 13.725055160578574], [120.93671166412969, 13.733390536896298], [120.9475747029388, 13.741725913214022], [120.95529628187342, 13.750061289531747], [120.9606521206178, 13.762437516296828], [120.96898749693553, 13.773412918977497], [120.97732287325324, 13.780618853136879], [120.99399362588869, 13.782469050468276], [121.01066437852415, 13.77880525536673], [121.01899975484187, 13.773957576444705], [121.03226020869907, 13.766732042167195], [121.04072225065153, 13.758396665849475], [121.04400588379505, 13.744251784861952], [121.04893133343734, 13.733390536896298], [121.05969010915757, 13.725055160578574], [121.05859279235106, 13.708384407943123], [121.0514270575489, 13.7000490316254], [121.05096758094564, 13.683378278989949], [121.05159906907078, 13.666707526354498], [121.04400588379505, 13.650970335866635], [121.04068142976372, 13.641701397401324], [121.03472330562303, 13.6333660210836], [121.04400588379505, 13.62903611155052], [121.0606766364305, 13.6253424574282], [121.0717126044798, 13.625030644765875], [121.08568276538367, 13.621833220888181], [121.10235351801913, 13.623761998431345], [121.11068889433685, 13.627598551693776], [121.1273596469723, 13.631441249304977], [121.14069450868665, 13.6333660210836], [121.15236577592549, 13.63571311280871], [121.1664529698006, 13.641701397401324], [121.17737190487864, 13.642674587876131], [121.18745914668544, 13.641701397401324], [121.2003098006117, 13.6333660210836], [121.21033650878978, 13.625030644765873], [121.21392720346887, 13.625030644765873], [121.227384162785, 13.627884111016614], [121.23571953910273, 13.623692730086404], [121.24405491542045, 13.616217237668645], [121.25239029173817, 13.607433030018221], [121.2607256680559, 13.599158495647869], [121.27739642069133, 13.593713517465577], [121.2940671733268, 13.59763666800715], [121.30240254964453, 13.607349543485853], [121.31073792596224, 13.60923607041182], [121.31907330227997, 13.620932877134166], [121.32740867859769, 13.631547788435478], [121.33574405491544, 13.639129461904858], [121.34407943123314, 13.642019697739554], [121.35999000364043, 13.650036773719048], [121.36908556018633, 13.655317966347837], [121.37742093650405, 13.658957294044123], [121.38763849457092, 13.666707526354497], [121.40242706545722, 13.667062374221631], [121.41076244177495, 13.66151757506233], [121.41909781809268, 13.65534593056632], [121.4357685707281, 13.655180107911027], [121.44410394704585, 13.662336739902473], [121.45243932336356, 13.67046516982916], [121.4607746996813, 13.675288169000547], [121.46977735295854, 13.683378278989949], [121.46911007599903, 13.695732497460863], [121.46077469968131, 13.701716106888945], [121.44617965354735, 13.708384407943122], [121.44503880647525, 13.725055160578574], [121.43790363479374, 13.733390536896298], [121.43576857072813, 13.743919792406356], [121.42924708949243, 13.758396665849471], [121.43199512938507, 13.775067418484923], [121.43733867716205, 13.783402794802647], [121.44410394704585, 13.79832368287318], [121.45243932336356, 13.804027710790988], [121.4607746996813, 13.815274966836766], [121.46263599732562, 13.825079676391272], [121.47043162811073, 13.833415052708997], [121.48429236855239, 13.841750429026721], [121.4941162049522, 13.847307346571874], [121.50245158126992, 13.856362444113875], [121.51912233390537, 13.85764713977463], [121.52745771022309, 13.86537164667412], [121.53779533069694, 13.866756557979897], [121.55246383917627, 13.873310017449093], [121.560799215494, 13.880375849602416], [121.57242695746751, 13.883427310615346], [121.58580534444718, 13.890483216064784], [121.59605191502033, 13.891762686933074], [121.61081147340035, 13.898630144222444], [121.61914684971806, 13.906374702057786], [121.63581760235351, 13.903904171058988], [121.64415297867126, 13.898907295205408], [121.6502832289623, 13.908433439568523], [121.66082373130669, 13.910897097570318], [121.67749448394214, 13.91146448550224], [121.68999754841873, 13.916768815886247], [121.70250061289532, 13.919594367210838], [121.70250061289534, 13.931315905739789], [121.6990103526023, 13.941774944839421], [121.69975419573485, 13.958445697474872], [121.71083598921304, 13.961651808775125], [121.72750674184849, 13.960030851965929], [121.7337582740868, 13.950110321157146], [121.73862057693881, 13.950110321157146], [121.7446538017021, 13.958445697474872], [121.76084824711941, 13.966050140110982], [121.76883258777684, 13.950110321157146], [121.77001716106888, 13.94177494483942], [121.7608482471194, 13.93657183849542], [121.75251287080167, 13.943416761386851], [121.74466911208084, 13.933439568521697], [121.74047288278717, 13.925104192203971], [121.73917626869331, 13.908433439568523], [121.741806101144, 13.891762686933072], [121.7491887428414, 13.883427310615346], [121.75572956088202, 13.883427310615346], [121.76751839839538, 13.891762686933072], [121.77751899975485, 13.897628322119619], [121.77998318557988, 13.883427310615346], [121.79418975239028, 13.878201466848648], [121.80242392209975, 13.891762686933072], [121.80058124435399, 13.908433439568523], [121.79342783496458, 13.916768815886247], [121.7889330029002, 13.933439568521697], [121.7941897523903, 13.948503805663478], [121.80252512870801, 13.93760725668056], [121.80835989213043, 13.925104192203971], [121.81086050502574, 13.911767590095613], [121.81919588134346, 13.901542669203184], [121.8275312576612, 13.893598672921566], [121.83876086191175, 13.89176268693307], [121.84907872419397, 13.89176268693307], [121.85649718530425, 13.891762686933072], [121.86920813924982, 13.887594998774208], [121.8795915196104, 13.883427310615346], [121.88587889188527, 13.87300809021819], [121.89421426820299, 13.863454621484953], [121.90254964452072, 13.855432422558135], [121.91922039715615, 13.853279436100017], [121.9275557734739, 13.845965537106256], [121.9429241235791, 13.850085805344447], [121.94552285216537, 13.850085805344445], [121.95594202260926, 13.841750429026725], [121.96923265506251, 13.834181876665342], [121.97664187845605, 13.825079676391272], [121.97756803138024, 13.813538386105193], [121.98590340769796, 13.802423195518212], [122.00257416033341, 13.804687224301784], [122.01757783770533, 13.8000735474381], [122.02758028928659, 13.794698176931059], [122.03424859034078, 13.783402794802647], [122.04425104192204, 13.779235106643785], [122.05476682308749, 13.775067418484923], [122.06685504515504, 13.775067418484923], [122.07759254719294, 13.782212026757259], [122.09426329982838, 13.778780280979365], [122.10259867614612, 13.768721392096527], [122.11093405246385, 13.759267656088086], [122.11688789269078, 13.75006128953175], [122.121353272861, 13.741725913214022], [122.13150949090746, 13.733390536896298], [122.13594018141701, 13.718386859524394], [122.14427555773474, 13.71376207008359], [122.1533032410578, 13.708384407943123], [122.16094631037018, 13.69559508774989], [122.16928168668791, 13.684968999730753], [122.17129749716844, 13.675042902672224], [122.18022730613218, 13.6667075263545], [122.18595243932336, 13.65744300469888], [122.1942878156411, 13.646007495807432], [122.19706520454972, 13.6333660210836], [122.19993679046597, 13.616695268448147], [122.20262319195882, 13.605859279235107], [122.21095856827654, 13.599336273743226], [122.21929394459427, 13.603603850763434], [122.22762932091199, 13.593046692670704], [122.24430007354744, 13.596389539606735], [122.25263544986517, 13.600926612839128], [122.26513851434174, 13.600024515812699], [122.2720846612732, 13.591689139494974], [122.26097082618288, 13.587142570594397], [122.26097082618287, 13.58103838086677], [122.27500755433574, 13.575018386859524], [122.28210903103935, 13.575018386859524], [122.28597695513606, 13.584377765198681], [122.30264770777151, 13.587315443943808], [122.31931846040695, 13.58784319392283], [122.32845748273124, 13.58335376317725], [122.33101963420806, 13.5666830105418], [122.33598921304241, 13.554372524586487], [122.34432458936013, 13.547454192906729], [122.36099534199559, 13.544561094821972], [122.36933071831331, 13.53924573016262], [122.37797504112693, 13.533341505270899], [122.38649178720274, 13.525006128953175], [122.39688376780802, 13.51667075263545], [122.4028967152642, 13.508335376317724], [122.41100759990194, 13.5]]]}, "properties": {}}, {"type": "Feature", "geometry": {"type": "Polygon", "coordinates": [[[123.94421005554454, 13.775067418484923], [123.94680068644274, 13.775067418484923], [123.94421005554454, 13.775067418484923]]]}, "properties": {}}, {"type": "Feature", "geometry": {"type": "Polygon", "coordinates": [[[123.59513823755745, 13.900098063250795], [123.58685112936546, 13.908433439568523], [123.58154077253349, 13.908433439568523], [123.57699218026433, 13.908433439568523], [123.57888643730762, 13.916768815886245], [123.58931983348867, 13.916768815886247], [123.6029664133366, 13.909359592492715], [123.61222794257853, 13.908433439568523], [123.6203317806652, 13.900098063250796], [123.61130178965433, 13.898014219171365], [123.59513823755745, 13.900098063250795]]]}, "properties": {}}, {"type": "Feature", "geometry": {"type": "Polygon", "coordinates": [[[123.6270463893656, 13.908433439568523], [123.6300563863692, 13.908433439568523], [123.6270463893656, 13.908433439568523]]]}, "properties": {}}, {"type": "Feature", "geometry": {"type": "Polygon", "coordinates": [[[123.60234897805381, 13.925104192203971], [123.6033032642574, 13.925104192203971], [123.60234897805381, 13.925104192203971]]]}, "properties": {}}, {"type": "Feature", "geometry": {"type": "Polygon", "coordinates": [[[123.315323154823, 13.941774944839421], [123.32025955303143, 13.950110321157146], [123.33139103804956, 13.958445697474872], [123.33623437116941, 13.967857995829316], [123.3431459601887, 13.958445697474872], [123.33487349340326, 13.950110321157146], [123.32789899485168, 13.934107346616186], [123.315323154823, 13.941774944839421]]]}, "properties": {}}, {"type": "Feature", "geometry": {"type": "Polygon", "coordinates": [[[123.6518902178454, 13.958445697474872], [123.65390461843563, 13.958445697474872], [123.6518902178454, 13.958445697474872]]]}, "properties": {}}, {"type": "Feature", "geometry": {"type": "Polygon", "coordinates": [[[123.00776633047387, 14.100147094876196], [123.01193224851974, 14.100147094876196], [123.00776633047387, 14.100147094876196]]]}, "properties": {}}, {"type": "Feature", "geometry": {"type": "Polygon", "coordinates": [[[122.36034234015793, 14.133488600147095], [122.36114917092645, 14.133488600147096], [122.36034234015793, 14.133488600147095]]]}, "properties": {}}, {"type": "Feature", "geometry": {"type": "Polygon", "coordinates": [[[120.59667402141048, 14.175165481735721], [120.60537636398118, 14.17516548173572], [120.59667402141048, 14.175165481735721]]]}, "properties": {}}, {"type": "Feature", "geometry": {"type": "Polygon", "coordinates": [[[122.38151788402106, 14.225177739642069], [122.38724766427558, 14.225177739642069], [122.38151788402106, 14.225177739642069]]]}, "properties": {}}, {"type": "Feature", "geometry": {"type": "Polygon", "coordinates": [[[119.85741319249178, 15.958936013728856], [119.86609081785498, 15.958936013728856], [119.85741319249178, 15.958936013728856]]]}, "properties": {}}, {"type": "Feature", "geometry": {"type": "Polygon", "coordinates": [[[119.95623927433195, 16.23400343221378], [119.94373620985536, 16.236055861588454], [119.931274409579, 16.242338808531503], [119.92428699844733, 16.250674184849228], [119.92554993425306, 16.26734493748468], [119.92647007319721, 16.28401569012013], [119.93123314537877, 16.28401569012013], [119.94373620985536, 16.276871081847794], [119.95262653797491, 16.275680313802404], [119.94573031902834, 16.26734493748468], [119.96040696249081, 16.2609068394958], [119.96874233880854, 16.251476434708927], [119.96874233880854, 16.249748031925034], [119.9607693701568, 16.23400343221378], [119.95623927433195, 16.23400343221378]]]}, "properties": {}}, {"type": "Feature", "geometry": {"type": "Polygon", "coordinates": [[[119.90149636256689, 16.242338808531503], [119.9089674141564, 16.250674184849228], [119.91039470458446, 16.25910337324526], [119.912061779848, 16.250674184849228], [119.91039470458446, 16.238256175279584], [119.90149636256689, 16.242338808531503]]]}, "properties": {}}, {"type": "Feature", "geometry": {"type": "Polygon", "coordinates": [[[119.92446065215944, 16.31735719539103], [119.93063776135607, 16.325692571708753], [119.93192776007191, 16.342363324344202], [119.93258101741168, 16.359034076979654], [119.92706545721991, 16.375010214921957], [119.92606521206179, 16.384040205932827], [119.92798751209378, 16.384040205932827], [119.94373620985536, 16.37609597820856], [119.95207158617308, 16.368844741116323], [119.95207158617308, 16.36556915608103], [119.93759435362125, 16.359034076979654], [119.94647310833318, 16.350698700661926], [119.93815906534013, 16.342363324344202], [119.94896716289733, 16.342363324344202], [119.95862665997647, 16.350698700661926], [119.96735310942225, 16.350698700661926], [119.96040696249081, 16.336806406799052], [119.95207158617308, 16.332670394850748], [119.93685046420158, 16.325692571708753], [119.93123314537877, 16.31735719539103], [119.92446065215944, 16.31735719539103]]]}, "properties": {}}, {"type": "Feature", "geometry": {"type": "Polygon", "coordinates": [[[122.3901461101253, 17.30093160088257], [122.39812565468364, 17.30093160088257], [122.3901461101253, 17.30093160088257]]]}, "properties": {}}, {"type": "Feature", "geometry": {"type": "Polygon", "coordinates": [[[122.3837787039307, 17.31760235351802], [122.3931895139852, 17.325937729835744], [122.39619258962234, 17.325937729835744], [122.39433684726649, 17.314503700677715], [122.3837787039307, 17.31760235351802]]]}, "properties": {}}, {"type": "Feature", "geometry": {"type": "Polygon", "coordinates": [[[121.84923638823366, 18.259499877420936], [121.86087276293209, 18.26009985433018], [121.87661736264334, 18.26783525373866], [121.87818469836121, 18.26783525373866], [121.87754351556754, 18.251767994673433], [121.86087276293209, 18.256994014603336], [121.84923638823366, 18.259499877420936]]]}, "properties": {}}, {"type": "Feature", "geometry": {"type": "Polygon", "coordinates": [[[122.1276048050993, 13.512503064476586], [122.13968053228825, 13.516670752635452], [122.13594018141701, 13.529173817112037], [122.1276048050993, 13.53770765477066], [122.11093405246385, 13.53859882533264], [122.10810222598613, 13.525006128953173], [122.11926942878156, 13.518472996163608], [122.1276048050993, 13.512503064476586]]]}, "properties": {}}, {"type": "Feature", "geometry": {"type": "Polygon", "coordinates": [[[124.19477813189506, 13.516095899096296], [124.2031135082128, 13.51714796882295], [124.21750251967535, 13.525006128953175], [124.21144888453053, 13.539009561166953], [124.20402079616866, 13.55001225790635], [124.21481533311629, 13.558347634224075], [124.22543080601304, 13.566683010541798], [124.23049170765583, 13.575018386859522], [124.23793939561881, 13.58335376317725], [124.25312576611915, 13.588028679808428], [124.2697965187546, 13.58454453122264], [124.27813189507232, 13.59243847900455], [124.28855111546949, 13.591689139494974], [124.3031380240255, 13.590547183962471], [124.31219274244394, 13.58335376317725], [124.31426050877732, 13.566683010541801], [124.31980877666095, 13.552662616088597], [124.32814415297867, 13.545202138187987], [124.3434812454033, 13.55001225790635], [124.33605425498897, 13.558347634224075], [124.3405654980796, 13.566683010541798], [124.3496858695851, 13.575018386859524], [124.35073987391687, 13.591689139494974], [124.35181006257213, 13.608359892130425], [124.35137073959825, 13.625030644765873], [124.35169927478694, 13.641701397401324], [124.3591687907903, 13.650036773719048], [124.3698210345673, 13.654083072858702], [124.37815641088501, 13.646640879663678], [124.39347926955263, 13.650036773719048], [124.4031625398382, 13.651888850954299], [124.41149791615592, 13.660719408766703], [124.41149791615592, 13.672889058598784], [124.40913691057088, 13.683378278989949], [124.39482716352047, 13.688590329342787], [124.3923424148249, 13.7000490316254], [124.38649178720274, 13.710865261879142], [124.38649178720274, 13.717854814227517], [124.39482716352047, 13.712552096101986], [124.39482716352047, 13.72026231919588], [124.39482716352047, 13.727742107451842], [124.40146490718692, 13.741725913214022], [124.40883723677959, 13.750061289531748], [124.41149791615592, 13.763456359259875], [124.41149791615592, 13.770244635605629], [124.40316253983818, 13.76409240857613], [124.39845124018035, 13.775067418484923], [124.41149791615592, 13.778547137145296], [124.42334292460743, 13.783402794802647], [124.41983329247364, 13.798772016502543], [124.41810232895878, 13.808408923755822], [124.41655478790517, 13.825079676391272], [124.41149791615592, 13.839238741816672], [124.41149791615592, 13.843843788412387], [124.41149791615592, 13.85722419548304], [124.4012968192518, 13.858421181662171], [124.41149791615592, 13.861477486312005], [124.41149791615592, 13.870126178193445], [124.40316253983819, 13.879162699476044], [124.39482716352046, 13.888809259995735], [124.37815641088503, 13.88741568498532], [124.36982103456728, 13.895905481693916], [124.36148565824956, 13.905896497646296], [124.36046347011109, 13.916768815886247], [124.35620475587396, 13.933439568521697], [124.34550952030727, 13.94177494483942], [124.35555354738716, 13.950110321157144], [124.35006995063759, 13.958445697474872], [124.34481490561413, 13.969722971316497], [124.33555508827389, 13.97511645011032], [124.32814415297867, 13.986682869398148], [124.31980877666095, 13.977259832592022], [124.3068284209518, 13.97511645011032], [124.30313802402549, 13.964862935575036], [124.3031380240255, 13.950629497498428], [124.31980877666095, 13.952583726676666], [124.31980877666095, 13.944553403611996], [124.31980877666095, 13.941396064097706], [124.32919748610944, 13.933439568521697], [124.32683430812874, 13.925104192203971], [124.31980877666095, 13.908668238901418], [124.30327274900893, 13.916768815886249], [124.31147340034322, 13.932405936288227], [124.31147340034322, 13.94126761823182], [124.29758110648035, 13.941774944839421], [124.28646727139005, 13.949276783525374], [124.2850391658146, 13.958445697474872], [124.28540533596123, 13.97511645011032], [124.28286713431677, 13.99178720274577], [124.27813189507232, 14.000667884033101], [124.27067392678805, 14.016793331698945], [124.26626975257771, 14.025128708016672], [124.26146114243687, 14.034390237258586], [124.2520355636953, 14.04179946065212], [124.24479038980142, 14.053170700568888], [124.23624535196272, 14.05847021328757], [124.22811963716597, 14.070668324972047], [124.21978426084826, 14.077610707054198], [124.21643123396862, 14.091811718558468], [124.2031135082128, 14.097811732328807], [124.19477813189508, 14.09058604811295], [124.18644275557735, 14.079528006090245], [124.18525198753197, 14.066805589605295], [124.17393969110077, 14.05847021328757], [124.16143662662418, 14.051605785731798], [124.15018474353948, 14.05847021328757], [124.136430497671, 14.062498757618508], [124.12585561485069, 14.05847021328757], [124.12954559288953, 14.050134836969846], [124.12459964096196, 14.04179946065212], [124.12809512135327, 14.027907166789246], [124.13155508888138, 14.016793331698945], [124.13052880784682, 14.000122579063497], [124.13202508502485, 13.983451826428047], [124.12654435366626, 13.97511645011032], [124.13106590423652, 13.966781073792596], [124.136430497671, 13.95401752880608], [124.13822120320528, 13.941774944839421], [124.14562298205975, 13.933439568521697], [124.14476587398872, 13.92150748181136], [124.14013510936778, 13.908433439568523], [124.1377322900303, 13.891762686933072], [124.12809512135328, 13.886876431850268], [124.12809512135328, 13.879426329982838], [124.13575465634793, 13.866756557979897], [124.13384770500916, 13.850085805344445], [124.12987604368996, 13.833415052708997], [124.13065423469325, 13.816744300073548], [124.13288065406893, 13.800073547438098], [124.13409973867098, 13.783402794802647], [124.12509050895967, 13.775067418484923], [124.1210302848383, 13.758396665849473], [124.11850157502533, 13.75006128953175], [124.10910898640734, 13.741725913214022], [124.10459425225767, 13.725055160578574], [124.09701439033984, 13.716719784260848], [124.09475361608237, 13.707082852734292], [124.07921950567207, 13.700049031625399], [124.0697474871292, 13.697128513112968], [124.0604314783035, 13.691713655307673], [124.05307673449374, 13.680571361207706], [124.04153544420768, 13.675042902672224], [124.0364059818583, 13.665490327701834], [124.02354921551606, 13.658372150036774], [124.03081589199707, 13.650036773719048], [124.03736407111123, 13.641701397401324], [124.04161559205687, 13.625030644765875], [124.04585274168505, 13.61669526844815], [124.0515497168536, 13.600024515812699], [124.05307673449374, 13.591212832276817], [124.06224564844325, 13.591689139494974], [124.0697474871292, 13.60547247429217], [124.08268169176014, 13.600024515812699], [124.09475361608239, 13.596146560069087], [124.10308899240012, 13.589024087245832], [124.11618744089937, 13.58335376317725], [124.12809512135328, 13.576812870465972], [124.136430497671, 13.569031003902275], [124.14198741521615, 13.558347634224077], [124.14763115959795, 13.55001225790635], [124.15468642492185, 13.541676881588625], [124.16464178441774, 13.533341505270897], [124.17810737925963, 13.526910856148495], [124.18644275557735, 13.518969110118977], [124.19477813189506, 13.516095899096296]]]}, "properties": {}}, {"type": "Feature", "geometry": {"type": "Polygon", "coordinates": [[[121.07734738906595, 13.525314496151225], [121.09401814170138, 13.5309899846406], [121.09860794591226, 13.541676881588625], [121.09588526599657, 13.558347634224077], [121.0895630423581, 13.566683010541798], [121.07734738906595, 13.567952865577109], [121.06901201274822, 13.564720561514719], [121.05234126011277, 13.56314398622743], [121.04400588379507, 13.57002675430147], [121.04211977674505, 13.558347634224075], [121.05234126011277, 13.553551094857745], [121.06067663643049, 13.54291874339589], [121.06901201274822, 13.534270065563131], [121.07734738906595, 13.525314496151225]]]}, "properties": {}}, {"type": "Feature", "geometry": {"type": "Polygon", "coordinates": [[[123.56962490806572, 13.577596281732106], [123.5798751681321, 13.58335376317725], [123.5696249080657, 13.59077060180735], [123.56962490806572, 13.577596281732106]]]}, "properties": {}}, {"type": "Feature", "geometry": {"type": "Polygon", "coordinates": [[[120.41885265996567, 13.622568797151033], [120.42718803628341, 13.629198332924737], [120.42718803628341, 13.63670017161069], [120.41885265996568, 13.646800632005892], [120.41051728364795, 13.654168221111313], [120.39384653101251, 13.655562690359393], [120.37717577837705, 13.656396942391936], [120.36884040205933, 13.66516543403331], [120.3605050257416, 13.670670246243255], [120.34383427310615, 13.668490829746453], [120.33549889678844, 13.678819870066192], [120.31882814415297, 13.68007156203377], [120.30945084579554, 13.675042902672224], [120.31882814415297, 13.6672750735214], [120.32716352047072, 13.663333683596782], [120.34383427310615, 13.65952027346032], [120.35216964942387, 13.654555082568814], [120.36050502574162, 13.64364531951294], [120.3717296139641, 13.641701397401324], [120.38551115469478, 13.635728153978501], [120.3938465310125, 13.628866414964214], [120.41051728364795, 13.625532700259736], [120.41885265996567, 13.622568797151033]]]}, "properties": {}}, {"type": "Feature", "geometry": {"type": "Polygon", "coordinates": [[[120.893969110076, 13.623471205789077], [120.91063986271145, 13.622924340091574], [120.91897523902918, 13.626805216059438], [120.93564599166463, 13.62935844609682], [120.94521220616213, 13.6333660210836], [120.94125105661807, 13.641701397401324], [120.93564599166463, 13.652011552219296], [120.91897523902918, 13.656509995439427], [120.90230448639372, 13.655845497171242], [120.88563373375828, 13.655047729496276], [120.87729835744057, 13.661336625308858], [120.8606276048051, 13.664777335598748], [120.85229222848737, 13.669227910232982], [120.83806573407139, 13.675042902672224], [120.83222649670586, 13.675042902672224], [120.83562147585192, 13.66237313066928], [120.84212713541699, 13.650036773719048], [120.85229222848737, 13.64522806231733], [120.86479529296396, 13.641701397401324], [120.8701694330405, 13.6333660210836], [120.88563373375828, 13.627020437800883], [120.893969110076, 13.623471205789077]]]}, "properties": {}}, {"type": "Feature", "geometry": {"type": "Polygon", "coordinates": [[[122.80277028683501, 13.64628865148222], [122.80277028683501, 13.654935635239116], [122.80277028683501, 13.64628865148222]]]}, "properties": {}}, {"type": "Feature", "geometry": {"type": "Polygon", "coordinates": [[[120.26881588624663, 13.669155993534535], [120.27715126256436, 13.679029386998092], [120.28548663888208, 13.684488552200357], [120.2938220151998, 13.68108506692553], [120.2938220151998, 13.687123690336438], [120.29213241191394, 13.700049031625399], [120.28548663888208, 13.713087092488802], [120.27715126256436, 13.706236115141094], [120.2653927336743, 13.708384407943123], [120.25297867124294, 13.716719784260848], [120.2604805099289, 13.730924286755341], [120.27715126256436, 13.729147354830527], [120.29026928735232, 13.733390536896298], [120.28294978522015, 13.741725913214022], [120.27715126256436, 13.752628239382776], [120.2670362482556, 13.758396665849473], [120.266592206929, 13.775067418484923], [120.25450294920026, 13.783402794802646], [120.25214513361118, 13.794834168038385], [120.24246672025112, 13.800073547438098], [120.2352158662638, 13.808408923755822], [120.22669797944711, 13.816744300073548], [120.21046825202255, 13.817931926291212], [120.20213287570483, 13.809332542748301], [120.1937974993871, 13.822950589188478], [120.18546212306939, 13.82768448149056], [120.16879137043394, 13.827858135163847], [120.16045599411619, 13.834879161286613], [120.15212061779849, 13.845009449510712], [120.14378524148076, 13.851867568801797], [120.13152733513115, 13.858421181662171], [120.11877911252759, 13.861195933266757], [120.10210835989213, 13.861215472135429], [120.08543760725668, 13.860248113457837], [120.07710223093895, 13.855087031135081], [120.07516377133018, 13.841750429026725], [120.0854376072567, 13.838509247496201], [120.09079109230859, 13.825079676391272], [120.09098989796351, 13.80840892375582], [120.09377298357441, 13.797750669855583], [120.10121375072713, 13.783402794802647], [120.11044373620986, 13.776056780636736], [120.11877911252758, 13.774627116275061], [120.12711448884531, 13.765901363465124], [120.14378524148076, 13.762137309637797], [120.15212061779849, 13.752063114377535], [120.1604559941162, 13.742211496040635], [120.16879137043394, 13.73703574516376], [120.18546212306939, 13.735538091725298], [120.19540897568447, 13.733390536896298], [120.20473971740697, 13.725055160578574], [120.21162769989017, 13.716719784260848], [120.227139004658, 13.708992385807276], [120.23547438097573, 13.703753643322166], [120.24936667483861, 13.7000490316254], [120.25288173453447, 13.691713655307673], [120.26048050992891, 13.677506965329854], [120.26881588624663, 13.669155993534535]]]}, "properties": {}}, {"type": "Feature", "geometry": {"type": "Polygon", "coordinates": [[[123.64464329492522, 13.68818714994248], [123.64464329492523, 13.693845960877324], [123.64464329492522, 13.68818714994248]]]}, "properties": {}}, {"type": "Feature", "geometry": {"type": "Polygon", "coordinates": [[[120.31049276783526, 13.769490210981637], [120.31882814415297, 13.777441358002365], [120.3271635204707, 13.784973415457538], [120.33271398024453, 13.8000735474381], [120.3271635204707, 13.811041147856157], [120.31882814415299, 13.8188631123848], [120.31022433499317, 13.825079676391272], [120.2999017181955, 13.833415052708997], [120.28548663888208, 13.83974376435764], [120.28548663888208, 13.825820598730626], [120.28548663888208, 13.823412601127728], [120.27715126256436, 13.815599779972567], [120.26048050992891, 13.813826918362343], [120.2604805099289, 13.803248928892469], [120.2710512374997, 13.800073547438098], [120.27715126256436, 13.787881504465904], [120.28548663888208, 13.77789322195019], [120.30215739151753, 13.775843937445503], [120.31049276783526, 13.769490210981637]]]}, "properties": {}}, {"type": "Feature", "geometry": {"type": "Polygon", "coordinates": [[[122.7360872762932, 13.773332453307], [122.7360872762932, 13.778863728448155], [122.7360872762932, 13.773332453307]]]}, "properties": {}}, {"type": "Feature", "geometry": {"type": "Polygon", "coordinates": [[[123.98639372395195, 13.77864129359116], [123.98743564599165, 13.791738171120373], [123.9836152651794, 13.791738171120373], [123.98639372395195, 13.77864129359116]]]}, "properties": {}}, {"type": "Feature", "geometry": {"type": "Polygon", "coordinates": [[[120.3271635204707, 13.829134724329624], [120.3271635204707, 13.837582740867859], [120.3271635204707, 13.829134724329624]]]}, "properties": {}}, {"type": "Feature", "geometry": {"type": "Polygon", "coordinates": [[[123.84469232655063, 13.828104437113899], [123.84469232655064, 13.839339967391062], [123.84469232655063, 13.828104437113899]]]}, "properties": {}}, {"type": "Feature", "geometry": {"type": "Polygon", "coordinates": [[[123.84469232655063, 13.852920967408215], [123.85173405935817, 13.866756557979897], [123.85812693747292, 13.875091934297622], [123.84469232655063, 13.877473470388399], [123.84316008827305, 13.891762686933072], [123.84506079599814, 13.900098063250796], [123.83956110989902, 13.908433439568523], [123.84286905796333, 13.925104192203971], [123.8426084824712, 13.941774944839421], [123.8363569502329, 13.957254929429482], [123.8363569502329, 13.958710733281407], [123.8363569502329, 13.973940797622543], [123.82802157391518, 13.976902602178404], [123.81465196044662, 13.97511645011032], [123.80900649669037, 13.966781073792596], [123.81444659707638, 13.958445697474872], [123.81135082127973, 13.949214766344337], [123.80896928518894, 13.933439568521695], [123.81135082127972, 13.919084198196726], [123.81741291314717, 13.908433439568523], [123.8215746997654, 13.900098063250796], [123.82802157391518, 13.885362308689103], [123.82802157391518, 13.879413981277182], [123.82802157391518, 13.869787603913615], [123.8363569502329, 13.877053199313558], [123.83726642937664, 13.866756557979897], [123.84469232655063, 13.852920967408215]]]}, "properties": {}}, {"type": "Feature", "geometry": {"type": "Polygon", "coordinates": [[[120.04376072566806, 13.865713417317913], [120.05209610198577, 13.873320226471701], [120.05266840312329, 13.883427310615346], [120.0445551965412, 13.891762686933074], [120.03542534935033, 13.899353389962828], [120.01875459671488, 13.892483584344335], [120.01835959460551, 13.883427310615348], [120.02708997303259, 13.878530277028684], [120.03542534935033, 13.869146630075004], [120.04376072566806, 13.865713417317913]]]}, "properties": {}}, {"type": "Feature", "geometry": {"type": "Polygon", "coordinates": [[[123.79468006864428, 13.87092424613876], [123.79468006864428, 13.879780583476343], [123.78634469232655, 13.888634965943565], [123.78634469232654, 13.879506858242298], [123.79468006864428, 13.87092424613876]]]}, "properties": {}}, {"type": "Feature", "geometry": {"type": "Polygon", "coordinates": [[[121.71083598921302, 13.902876522023373], [121.71083598921304, 13.911211898341099], [121.71083598921302, 13.902876522023373]]]}, "properties": {}}, {"type": "Feature", "geometry": {"type": "Polygon", "coordinates": [[[123.5696249080657, 13.934976043364953], [123.57796028438341, 13.943435378322583], [123.57796028438341, 13.956785263991708], [123.57796028438342, 13.960358212145461], [123.57796028438344, 13.972351814480739], [123.57796028438342, 13.978020762338943], [123.57796028438341, 13.98658807474008], [123.56398310216599, 13.983451826428047], [123.56962490806569, 13.970126375367474], [123.5696249080657, 13.965307090372129], [123.55526953774074, 13.958445697474872], [123.56314183759636, 13.950110321157146], [123.5696249080657, 13.934976043364953]]]}, "properties": {}}, {"type": "Feature", "geometry": {"type": "Polygon", "coordinates": [[[123.85302770286835, 13.942701097763614], [123.8696984555038, 13.944699638327734], [123.8696984555038, 13.953796483545368], [123.86136307918608, 13.960690271039137], [123.85302770286835, 13.955239783506517], [123.85302770286835, 13.942701097763614]]]}, "properties": {}}, {"type": "Feature", "geometry": {"type": "Polygon", "coordinates": [[[123.53628340279481, 13.953930701969437], [123.53628340279482, 13.962315693622386], [123.53628340279481, 13.953930701969437]]]}, "properties": {}}, {"type": "Feature", "geometry": {"type": "Polygon", "coordinates": [[[123.51961265015935, 13.963208769656427], [123.52284993695639, 13.975116450110322], [123.51961265015936, 13.987099139588356], [123.51395172616336, 13.97511645011032], [123.51961265015935, 13.963208769656427]]]}, "properties": {}}, {"type": "Feature", "geometry": {"type": "Polygon", "coordinates": [[[123.54461877911253, 13.969191884020711], [123.54461877911254, 13.978785807425469], [123.54461877911253, 13.969191884020711]]]}, "properties": {}}, {"type": "Feature", "geometry": {"type": "Polygon", "coordinates": [[[122.16094631037019, 13.998348031223976], [122.17319343647259, 14.000122579063497], [122.18595243932336, 14.005353439651923], [122.18728133513869, 14.016793331698945], [122.18012452360854, 14.025128708016672], [122.17761706300564, 14.034338461101381], [122.1692816866879, 14.04596019107446], [122.16219661681785, 14.05847021328757], [122.15261093405248, 14.060938110556375], [122.14323363569503, 14.066805589605295], [122.13258122632212, 14.07514096592302], [122.1276048050993, 14.085306482027216], [122.11631362167772, 14.09181171855847], [122.10259867614613, 14.09779615826641], [122.09426329982838, 14.10470113673177], [122.08592792351067, 14.112680142720832], [122.07520451302521, 14.116817847511644], [122.06674110218697, 14.125153223829368], [122.05380622940821, 14.133488600147095], [122.04425104192202, 14.138360018625466], [122.03591566560434, 14.14710503593596], [122.0275802892866, 14.153339956903782], [122.01924491296887, 14.160464908957188], [122.01090953665113, 14.169295498413376], [122.0018546975035, 14.17516548173572], [121.9879938254509, 14.183500858053444], [121.97917098836443, 14.191836234371172], [121.96923265506251, 14.200049659313564], [121.96180329790977, 14.208506987006617], [121.9545825997162, 14.216842363324346], [121.94422652610935, 14.224171699683959], [121.93589114979162, 14.231114063009322], [121.92755577347388, 14.235497729368777], [121.92437205114908, 14.225177739642069], [121.91817847511645, 14.216842363324345], [121.91804632085962, 14.200171610688894], [121.92480483221978, 14.19183623437117], [121.93093574138969, 14.183500858053444], [121.93589114979162, 14.173378891206479], [121.94422652610935, 14.160522801209588], [121.94653336454118, 14.150159352782545], [121.95316070819374, 14.14182397646482], [121.9608972787448, 14.131107064056316], [121.96923265506251, 14.122374765056797], [121.98013803435086, 14.116817847511644], [121.99062600048703, 14.10848247119392], [122.00257416033341, 14.107171288421185], [122.01090953665114, 14.099188157808824], [122.02758028928659, 14.093256324486982], [122.03591566560432, 14.088731307730601], [122.04425104192204, 14.082101614191188], [122.05258641823978, 14.07304033594689], [122.06092179455749, 14.062927633823797], [122.07073507451264, 14.05847021328757], [122.08073402066447, 14.050134836969846], [122.08870638228325, 14.04179946065212], [122.10176513851434, 14.033464084334396], [122.1096516868765, 14.025128708016672], [122.11926942878156, 14.018877175778377], [122.1276048050993, 14.015404102312658], [122.13770241741788, 14.008457955381221], [122.15261093405246, 14.005412482337677], [122.16094631037019, 13.998348031223976]]]}, "properties": {}}, {"type": "Feature", "geometry": {"type": "Polygon", "coordinates": [[[124.04474135817603, 14.012444439707089], [124.0497905620542, 14.02512870801667], [124.03640598185831, 14.03129297849465], [124.03640598185828, 14.019201935920357], [124.04474135817603, 14.012444439707089]]]}, "properties": {}}, {"type": "Feature", "geometry": {"type": "Polygon", "coordinates": [[[123.21120372640354, 14.020613977789349], [123.22676899145809, 14.02512870801667], [123.21120372640354, 14.028801661329542], [123.21120372640354, 14.020613977789349]]]}, "properties": {}}, {"type": "Feature", "geometry": {"type": "Polygon", "coordinates": [[[124.01973522922285, 14.022002941897524], [124.01973522922285, 14.026853268634133], [124.01973522922285, 14.022002941897524]]]}, "properties": {}}, {"type": "Feature", "geometry": {"type": "Polygon", "coordinates": [[[124.06141211081149, 14.021621175056481], [124.06141211081147, 14.02914150358889], [124.06141211081149, 14.021621175056481]]]}, "properties": {}}, {"type": "Feature", "geometry": {"type": "Polygon", "coordinates": [[[123.1028438342731, 14.026892435611627], [123.11600495477478, 14.033464084334396], [123.11117921059083, 14.04643022527308], [123.0945084579554, 14.044577919424697], [123.09450845795538, 14.037631772493258], [123.1028438342731, 14.026892435611627]]]}, "properties": {}}, {"type": "Feature", "geometry": {"type": "Polygon", "coordinates": [[[120.48553567050746, 14.05599435893577], [120.48553567050747, 14.061102437387905], [120.48553567050746, 14.05599435893577]]]}, "properties": {}}, {"type": "Feature", "geometry": {"type": "Polygon", "coordinates": [[[123.0695023290022, 14.063499097857012], [123.08270482521311, 14.066805589605295], [123.0695023290022, 14.072113589620326], [123.0695023290022, 14.063499097857012]]]}, "properties": {}}, {"type": "Feature", "geometry": {"type": "Polygon", "coordinates": [[[123.1028438342731, 14.073950197877632], [123.11694026719368, 14.07514096592302], [123.11084037416042, 14.083476342240745], [123.09450845795538, 14.085499556379371], [123.09450845795538, 14.076316618410798], [123.1028438342731, 14.073950197877632]]]}, "properties": {}}, {"type": "Feature", "geometry": {"type": "Polygon", "coordinates": [[[123.08617308163764, 14.087048646376912], [123.08617308163764, 14.093962783414657], [123.08617308163764, 14.087048646376912]]]}, "properties": {}}, {"type": "Feature", "geometry": {"type": "Polygon", "coordinates": [[[123.06116695268449, 14.10181417013974], [123.0695023290022, 14.110640031903493], [123.0695023290022, 14.121725378909336], [123.06116695268449, 14.132339388448893], [123.05332329063631, 14.116817847511644], [123.06116695268449, 14.10181417013974]]]}, "properties": {}}, {"type": "Feature", "geometry": {"type": "Polygon", "coordinates": [[[120.56888943368473, 14.148166110619611], [120.56888943368475, 14.151548582168832], [120.56888943368473, 14.148166110619611]]]}, "properties": {}}, {"type": "Feature", "geometry": {"type": "Polygon", "coordinates": [[[122.1276048050993, 14.183297556192036], [122.1276048050993, 14.184334395685218], [122.1276048050993, 14.183297556192036]]]}, "properties": {}}, {"type": "Feature", "geometry": {"type": "Polygon", "coordinates": [[[121.91088502083844, 14.19101904061453], [121.91088502083844, 14.192805464175557], [121.91088502083844, 14.19101904061453]]]}, "properties": {}}, {"type": "Feature", "geometry": {"type": "Polygon", "coordinates": [[[121.81919588134346, 14.248910068812442], [121.8275312576612, 14.255710084967605], [121.83384838311046, 14.266854621230694], [121.84137166185207, 14.275189997548418], [121.84897017860628, 14.283525373866144], [121.84466508675874, 14.300196126501593], [121.83626355666071, 14.308531502819319], [121.82753125766119, 14.310804787269607], [121.81919588134346, 14.30715829423909], [121.80437743455639, 14.300196126501593], [121.80085805344447, 14.291860750183869], [121.80360624106552, 14.283525373866144], [121.81039742856365, 14.266854621230692], [121.81086050502574, 14.257477322873253], [121.81919588134346, 14.248910068812442]]]}, "properties": {}}, {"type": "Feature", "geometry": {"type": "Polygon", "coordinates": [[[122.44434910517283, 14.336316090545068], [122.44434910517283, 14.342630769573647], [122.44434910517283, 14.336316090545068]]]}, "properties": {}}, {"type": "Feature", "geometry": {"type": "Polygon", "coordinates": [[[120.61890169159108, 14.36227274486781], [120.61890169159108, 14.370768979324998], [120.61890169159108, 14.36227274486781]]]}, "properties": {}}, {"type": "Feature", "geometry": {"type": "Polygon", "coordinates": [[[120.56888943368473, 14.368602113278627], [120.58550078792919, 14.375214513361119], [120.59183998277504, 14.383549889678843], [120.58267486374865, 14.391885265996567], [120.57163133378924, 14.391885265996567], [120.560554057367, 14.387602870824159], [120.560554057367, 14.376956233785718], [120.56888943368473, 14.368602113278627]]]}, "properties": {}}, {"type": "Feature", "geometry": {"type": "Polygon", "coordinates": [[[122.95280706055405, 14.37170488122734], [122.9650322791534, 14.375214513361119], [122.95280706055405, 14.378724145494898], [122.95280706055405, 14.37170488122734]]]}, "properties": {}}, {"type": "Feature", "geometry": {"type": "Polygon", "coordinates": [[[123.05283157636676, 14.374981174668251], [123.05283157636676, 14.375416447115542], [123.05283157636676, 14.374981174668251]]]}, "properties": {}}, {"type": "Feature", "geometry": {"type": "Polygon", "coordinates": [[[120.61890169159108, 14.38211275583096], [120.61890169159108, 14.384591811718558], [120.61890169159108, 14.38211275583096]]]}, "properties": {}}, {"type": "Feature", "geometry": {"type": "Polygon", "coordinates": [[[120.60223093895563, 14.385093477885828], [120.61359736120707, 14.391885265996567], [120.60223093895564, 14.394706470288721], [120.60223093895563, 14.385093477885828]]]}, "properties": {}}, {"type": "Feature", "geometry": {"type": "Polygon", "coordinates": [[[122.81110566315273, 14.386999010913764], [122.82495364253862, 14.391885265996567], [122.81851598780945, 14.400220642314293], [122.81110566315273, 14.414275006851119], [122.80277028683503, 14.41942824861166], [122.80277028683501, 14.4104083244804], [122.80386747147092, 14.400220642314293], [122.81110566315273, 14.386999010913764]]]}, "properties": {}}, {"type": "Feature", "geometry": {"type": "Polygon", "coordinates": [[[120.12711448884531, 14.399407440679457], [120.1334886001471, 14.408556018632018], [120.12686365576168, 14.408556018632018], [120.12711448884531, 14.399407440679457]]]}, "properties": {}}, {"type": "Feature", "geometry": {"type": "Polygon", "coordinates": [[[122.0359156656043, 14.398744895077844], [122.0377002041825, 14.408556018632018], [122.04195479507496, 14.425226771267468], [122.03591566560432, 14.440664480110682], [122.02758028928659, 14.443485214630103], [122.02365775925472, 14.433562147585192], [122.03233947632859, 14.425226771267468], [122.03038209642976, 14.40855601863202], [122.0359156656043, 14.398744895077844]]]}, "properties": {}}, {"type": "Feature", "geometry": {"type": "Polygon", "coordinates": [[[124.0030644765874, 14.39580779602844], [124.00973277764157, 14.40855601863202], [124.0030644765874, 14.417803076734494], [123.99472910026968, 14.415849472910025], [123.9947291002697, 14.402721255209611], [124.0030644765874, 14.39580779602844]]]}, "properties": {}}, {"type": "Feature", "geometry": {"type": "Polygon", "coordinates": [[[122.96114243687178, 14.407667692012298], [122.97781318950723, 14.403630568989726], [122.97781318950723, 14.416296010927047], [122.96493124428893, 14.41689139494974], [122.954278009316, 14.425226771267468], [122.95176687220128, 14.433562147585192], [122.93613630791862, 14.441110212693316], [122.92123493274427, 14.433562147585192], [122.93375477182784, 14.425226771267468], [122.93781513500056, 14.416891394949744], [122.95280706055405, 14.415341021692244], [122.96114243687178, 14.407667692012298]]]}, "properties": {}}, {"type": "Feature", "geometry": {"type": "Polygon", "coordinates": [[[122.92780093160088, 14.413882948166439], [122.92780093160088, 14.420571870062552], [122.92780093160088, 14.413882948166439]]]}, "properties": {}}, {"type": "Feature", "geometry": {"type": "Polygon", "coordinates": [[[122.98614856582496, 14.426814461994654], [123.00281931846041, 14.42630230369556], [123.00281931846041, 14.437808471369692], [122.98614856582498, 14.438622911778097], [122.98614856582496, 14.426814461994654]]]}, "properties": {}}, {"type": "Feature", "geometry": {"type": "Polygon", "coordinates": [[[122.9027948026477, 14.44571608641887], [122.91946555528315, 14.442121052358617], [122.93613630791862, 14.445474938539515], [122.93799446130797, 14.458568276538367], [122.95280706055405, 14.4608437888139], [122.95697474871292, 14.475239029173817], [122.96190019835521, 14.483574405491542], [122.9573679268411, 14.491909781809268], [122.94609245185367, 14.49190978180927], [122.93751243131777, 14.483574405491542], [122.93613630791862, 14.474243430124334], [122.92450711350105, 14.466903652856093], [122.91113017896544, 14.464581821008602], [122.9027948026477, 14.452135240744154], [122.9027948026477, 14.44571608641887]]]}, "properties": {}}, {"type": "Feature", "geometry": {"type": "Polygon", "coordinates": [[[122.96947781318951, 14.443413046869775], [122.96947781318951, 14.45477946912122], [122.96947781318951, 14.443413046869775]]]}, "properties": {}}, {"type": "Feature", "geometry": {"type": "Polygon", "coordinates": [[[122.92780093160087, 14.488689295504692], [122.92780093160088, 14.494861894255127], [122.92780093160087, 14.488689295504692]]]}, "properties": {}}, {"type": "Feature", "geometry": {"type": "Polygon", "coordinates": [[[122.9027948026477, 14.497775416995815], [122.9027948026477, 14.501356541636023], [122.9027948026477, 14.497775416995815]]]}, "properties": {}}, {"type": "Feature", "geometry": {"type": "Polygon", "coordinates": [[[121.93589114979162, 14.623641415379586], [121.94422652610936, 14.626269529238915], [121.95580757032184, 14.63361117921059], [121.96923265506253, 14.63822546424911], [121.97891244691536, 14.641946555528317], [121.98806443118772, 14.650281931846042], [121.99423878401569, 14.659557597130815], [122.00650140498507, 14.66695268448149], [122.01509795962755, 14.675288060799215], [122.01924491296887, 14.687788522038145], [122.02262244456634, 14.700294189752391], [122.03260469194964, 14.708629566070115], [122.03770248586787, 14.71696494238784], [122.02977919231338, 14.725300318705566], [122.03050308356546, 14.741971071341014], [122.02357639666553, 14.75030644765874], [122.02954706347393, 14.758641823976465], [122.02219766616057, 14.766977200294189], [122.02139448128779, 14.783647952929638], [122.0275802892866, 14.798349950413751], [122.02758028928658, 14.801713718581945], [122.01924491296887, 14.81405058593192], [122.01090953665113, 14.820483376795542], [122.00257416033341, 14.827118996205407], [121.98778392363859, 14.83366021083599], [121.98044950829882, 14.841995587153715], [121.97756803138024, 14.852207752868846], [121.96923265506251, 14.861517915829046], [121.96923265506251, 14.872750251414404], [121.97053692526104, 14.883672468742342], [121.96863916691892, 14.892007845060064], [121.96923265506251, 14.906072002384356], [121.98590340769796, 14.907162189128158], [121.99423878401569, 14.911911368575172], [122.01090953665114, 14.914690242164703], [122.01275101935381, 14.925349350330963], [122.01373421422804, 14.942020102966413], [122.0118627093797, 14.958690855601862], [122.00257416033341, 14.96591484841056], [122.00257416033341, 14.969407768010367], [122.00707056077427, 14.983696984555039], [122.01924491296887, 14.990677603729242], [122.03285841354489, 14.983696984555039], [122.04313869536624, 14.97536160823731], [122.04801960500393, 14.967026231919588], [122.05258641823977, 14.956311978698112], [122.06092179455749, 14.947829607672706], [122.0611651632091, 14.958690855601864], [122.05488541608489, 14.967026231919586], [122.05344132863134, 14.98369698455504], [122.05030899306975, 14.992032360872763], [122.04425104192204, 15.00559676215906], [122.03591566560432, 15.016009431009165], [122.02758028928659, 15.01832085541328], [122.01924491296887, 15.026685048939918], [122.01090953665113, 15.036090778552166], [122.00257416033341, 15.046031103104982], [121.98590340769795, 15.042667824485111], [121.97756803138024, 15.035035893987537], [121.97057581171457, 15.050379995096836], [121.9608972787448, 15.05241024562055], [121.94422652610935, 15.054572540219167], [121.9275557734739, 15.052918864981052], [121.91922039715618, 15.042824360270169], [121.91042048681435, 15.04204461877911], [121.89421426820299, 15.035778596368477], [121.87992505165832, 15.033709242461388], [121.86920813924982, 15.02865749916553], [121.85630292936722, 15.033709242461388], [121.84420201029664, 15.036370434786427], [121.83447740459263, 15.042044618779112], [121.82058511072975, 15.042044618779112], [121.82753125766119, 15.0323200130751], [121.8340274105945, 15.017038489825937], [121.82753125766119, 15.005279960935892], [121.81517190656939, 15.000367737190487], [121.81649795757315, 14.983696984555039], [121.81086050502574, 14.968415461305877], [121.80941916954741, 14.958690855601864], [121.802525128708, 14.943491051728365], [121.80098771403861, 14.933684726648691], [121.80726293271172, 14.925349350330961], [121.81832238103247, 14.925349350330961], [121.81919588134346, 14.93805697356824], [121.82753125766118, 14.929978945790802], [121.84146335035814, 14.925349350330961], [121.8509552087134, 14.917013974013239], [121.85253738661437, 14.905975232330697], [121.86010249715558, 14.892007845060064], [121.86710180140057, 14.88367246874234], [121.87282979338934, 14.875337092424614], [121.87526126347605, 14.858666339789163], [121.87633829011851, 14.841995587153715], [121.88064216840783, 14.833660210835989], [121.88587889188528, 14.82223654766318], [121.89421426820299, 14.81099811350343], [121.90254964452072, 14.805301424099163], [121.91088502083844, 14.79678585063322], [121.91738750838574, 14.78364795292964], [121.91842077041005, 14.766977200294189], [121.92443121349781, 14.758641823976465], [121.9275557734739, 14.744471684236332], [121.93196490784166, 14.733635695023288], [121.9338073057122, 14.71696494238784], [121.9275557734739, 14.704478482230776], [121.91797816522319, 14.708629566070115], [121.91088502083844, 14.71997230824633], [121.90254964452072, 14.715575713001552], [121.8952561902427, 14.700294189752391], [121.90066746277155, 14.683623437116939], [121.90254964452072, 14.67250960202664], [121.90878650185829, 14.658617308163766], [121.91088502083844, 14.64611424368718], [121.91922039715617, 14.636614918449993], [121.9275557734739, 14.630145114622366], [121.93589114979162, 14.623641415379586]]]}, "properties": {}}, {"type": "Feature", "geometry": {"type": "Polygon", "coordinates": [[[121.83262917561412, 14.942020102966413], [121.83975561208932, 14.942020102966413], [121.83262917561412, 14.942020102966413]]]}, "properties": {}}, {"type": "Feature", "geometry": {"type": "Polygon", "coordinates": [[[121.8222505611587, 14.950355479284138], [121.83294925226772, 14.950355479284138], [121.8222505611587, 14.950355479284138]]]}, "properties": {}}, {"type": "Feature", "geometry": {"type": "Polygon", "coordinates": [[[121.99334057533493, 14.958690855601864], [121.99483416803838, 14.958690855601864], [121.99334057533493, 14.958690855601864]]]}, "properties": {}}, {"type": "Feature", "geometry": {"type": "Polygon", "coordinates": [[[123.18619759745037, 14.649091163800652], [123.18619759745036, 14.654449620004904], [123.18619759745037, 14.649091163800652]]]}, "properties": {}}, {"type": "Feature", "geometry": {"type": "Polygon", "coordinates": [[[122.31098308408923, 14.672402738227694], [122.32765383672469, 14.674144553612031], [122.33598921304241, 14.679686676314583], [122.35265996567786, 14.680355158923454], [122.36933071831331, 14.67828424211092], [122.38600147094877, 14.677515778224905], [122.40267222358422, 14.679292244852284], [122.4151752880608, 14.68362343711694], [122.42767835253738, 14.687933352448873], [122.4360137288551, 14.693460682989848], [122.43768080411867, 14.708629566070117], [122.42767835253738, 14.714531255837834], [122.41934297621968, 14.71815571043323], [122.41100759990194, 14.729521491556579], [122.39642069134592, 14.73363569502329], [122.39329492522677, 14.73363569502329], [122.37839471146874, 14.725300318705566], [122.36933071831331, 14.72029909291493], [122.36099534199559, 14.715137008961893], [122.34432458936013, 14.713455310254062], [122.33157406068969, 14.708629566070115], [122.32410615505992, 14.700294189752391], [122.31098308408923, 14.694232097884953], [122.30793069283258, 14.68362343711694], [122.31098308408923, 14.672402738227694]]]}, "properties": {}}, {"type": "Feature", "geometry": {"type": "Polygon", "coordinates": [[[123.01115469477813, 14.669731143254065], [123.02365775925472, 14.675288060799215], [123.03338236495873, 14.683623437116943], [123.02226852986843, 14.683623437116943], [123.01115469477813, 14.680844978344366], [123.01115469477813, 14.669731143254065]]]}, "properties": {}}, {"type": "Feature", "geometry": {"type": "Polygon", "coordinates": [[[123.11117921059083, 14.679455748958077], [123.12784996322628, 14.679455748958077], [123.14452071586173, 14.679455748958077], [123.14452071586174, 14.685290512380487], [123.13062842199886, 14.691958813434667], [123.12368227506742, 14.691958813434665], [123.11534689874969, 14.691958813434665], [123.10701152243197, 14.691958813434665], [123.11117921059083, 14.679455748958077]]]}, "properties": {}}, {"type": "Feature", "geometry": {"type": "Polygon", "coordinates": [[[122.24430007354744, 14.719613195355816], [122.25621861618525, 14.725300318705568], [122.25766641540324, 14.741971071341014], [122.25691044798603, 14.758641823976465], [122.25915087499149, 14.775312576611915], [122.26335236227365, 14.783647952929641], [122.26097082618288, 14.796151017406228], [122.24430007354744, 14.795109095366511], [122.22762932091199, 14.79260076453016], [122.2122088747242, 14.80031870556509], [122.20262319195882, 14.806380797432524], [122.19360570630103, 14.808654081882814], [122.19848506184401, 14.81698945820054], [122.20506624130988, 14.825324834518264], [122.21501939266632, 14.833660210835989], [122.21605240935959, 14.850330963471439], [122.20484595897688, 14.850330963471439], [122.20262319195882, 14.837874263959396], [122.1930970475957, 14.841995587153715], [122.18140587042278, 14.841995587153715], [122.16928168668791, 14.83577515711013], [122.1546369423132, 14.841995587153715], [122.15109493416111, 14.841995587153717], [122.14427555773474, 14.831320456080135], [122.13341047697855, 14.83366021083599], [122.13890322795186, 14.841995587153715], [122.13058972050155, 14.841995587153715], [122.11926942878156, 14.837827898994853], [122.10259867614613, 14.837095627183768], [122.09991266146653, 14.825324834518263], [122.10363284192931, 14.81698945820054], [122.11093405246385, 14.800924914751834], [122.11926942878156, 14.79368225945225], [122.13594018141703, 14.793456444321958], [122.14586627847555, 14.791983329247365], [122.15513086639058, 14.783647952929638], [122.16664946258757, 14.775312576611917], [122.172615837215, 14.766977200294189], [122.18595243932336, 14.76365977633878], [122.19573492952765, 14.758641823976465], [122.20762441774944, 14.75030644765874], [122.2165154858217, 14.75030644765874], [122.21978512763414, 14.75030644765874], [122.23503854430552, 14.741971071341013], [122.23690336572187, 14.73363569502329], [122.24430007354744, 14.719613195355816]]]}, "properties": {}}, {"type": "Feature", "geometry": {"type": "Polygon", "coordinates": [[[120.10210835989213, 14.75372309467344], [120.10515073366398, 14.766977200294189], [120.09956974598893, 14.766977200294189], [120.10210835989213, 14.75372309467344]]]}, "properties": {}}, {"type": "Feature", "geometry": {"type": "Polygon", "coordinates": [[[122.25263544986517, 14.80118158097393], [122.25606574003582, 14.81698945820054], [122.24615375252279, 14.81698945820054], [122.25263544986517, 14.80118158097393]]]}, "properties": {}}, {"type": "Feature", "geometry": {"type": "Polygon", "coordinates": [[[122.00257416033341, 14.84070277383649], [122.00257416033341, 14.842720034790794], [122.00257416033341, 14.84070277383649]]]}, "properties": {}}, {"type": "Feature", "geometry": {"type": "Polygon", "coordinates": [[[122.04425104192205, 14.839379920054705], [122.05258641823977, 14.846600767504455], [122.06552152924311, 14.841995587153715], [122.07759254719294, 14.838320565014342], [122.07759254719294, 14.846828704507395], [122.06925717087522, 14.857577104094748], [122.06248467761706, 14.86700171610689], [122.05258641823977, 14.868627745920394], [122.03591566560432, 14.874305486434956], [122.02421925047466, 14.875337092424614], [122.01783181364672, 14.875337092424614], [122.01924491296887, 14.862214469746007], [122.02505488717318, 14.850330963471439], [122.03591566560434, 14.847760493493876], [122.04425104192205, 14.839379920054705]]]}, "properties": {}}, {"type": "Feature", "geometry": {"type": "Polygon", "coordinates": [[[122.09426329982838, 14.839582715061741], [122.09426329982838, 14.843725570917771], [122.09426329982838, 14.839582715061741]]]}, "properties": {}}, {"type": "Feature", "geometry": {"type": "Polygon", "coordinates": [[[122.20262319195882, 14.8636675655798], [122.21373702704912, 14.867001716106891], [122.22016480480657, 14.875337092424614], [122.21846040696249, 14.88367246874234], [122.21095856827654, 14.893258151507721], [122.20053934787938, 14.892007845060064], [122.19678842853642, 14.875337092424612], [122.20262319195882, 14.8636675655798]]]}, "properties": {}}, {"type": "Feature", "geometry": {"type": "Polygon", "coordinates": [[[122.26097082618288, 14.862834027948026], [122.27486312004575, 14.86700171610689], [122.26097082618287, 14.867303722495212], [122.26097082618288, 14.862834027948026]]]}, "properties": {}}, {"type": "Feature", "geometry": {"type": "Polygon", "coordinates": [[[122.36099534199559, 14.8647284316566], [122.36099534199559, 14.868138358332033], [122.36099534199559, 14.8647284316566]]]}, "properties": {}}, {"type": "Feature", "geometry": {"type": "Polygon", "coordinates": [[[122.1609463103702, 14.87192349039033], [122.16479340713222, 14.88367246874234], [122.15844569747487, 14.883672468742338], [122.1609463103702, 14.87192349039033]]]}, "properties": {}}, {"type": "Feature", "geometry": {"type": "Polygon", "coordinates": [[[122.00257416033341, 14.881927855094442], [122.01318282110144, 14.88367246874234], [122.01924491296887, 14.899367536586375], [122.01924491296887, 14.902312475209982], [122.00923484917902, 14.900343221377788], [122.00257416033341, 14.885235351801914], [122.00257416033341, 14.881927855094442]]]}, "properties": {}}, {"type": "Feature", "geometry": {"type": "Polygon", "coordinates": [[[122.08592792351067, 14.890881442854967], [122.08592792351067, 14.892933997984256], [122.08592792351067, 14.890881442854967]]]}, "properties": {}}, {"type": "Feature", "geometry": {"type": "Polygon", "coordinates": [[[122.11093405246385, 14.890446443770786], [122.11093405246385, 14.895055115918964], [122.11093405246385, 14.890446443770786]]]}, "properties": {}}, {"type": "Feature", "geometry": {"type": "Polygon", "coordinates": [[[122.14427555773474, 14.896316770247715], [122.16094631037019, 14.898953991991501], [122.16809091864252, 14.908678597695516], [122.17761706300564, 14.910762441774946], [122.18675908864442, 14.917013974013239], [122.17845501087996, 14.925349350330961], [122.17573168028541, 14.925349350330963], [122.16554513868341, 14.925349350330965], [122.16180106351666, 14.942020102966413], [122.15573670017162, 14.950355479284138], [122.15174865374374, 14.950355479284138], [122.15020629119326, 14.93368472664869], [122.14391429568568, 14.925349350330963], [122.13870940943832, 14.908678597695515], [122.14427555773474, 14.896316770247715]]]}, "properties": {}}, {"type": "Feature", "geometry": {"type": "Polygon", "coordinates": [[[122.03591566560432, 14.907082282587526], [122.0359156656043, 14.910454374873364], [122.03591566560432, 14.907082282587526]]]}, "properties": {}}, {"type": "Feature", "geometry": {"type": "Polygon", "coordinates": [[[120.01041922039715, 14.911387594998775], [120.01041922039715, 14.920096921418427], [120.01041922039715, 14.911387594998775]]]}, "properties": {}}, {"type": "Feature", "geometry": {"type": "Polygon", "coordinates": [[[122.01924491296887, 14.964038078145311], [122.01924491296887, 14.969905725556622], [122.01924491296887, 14.964038078145311]]]}, "properties": {}}, {"type": "Feature", "geometry": {"type": "Polygon", "coordinates": [[[121.86087276293208, 15.049097629509497], [121.86620740377543, 15.058715371414563], [121.85253738661437, 15.06401970179857], [121.85253738661437, 15.05364166409073], [121.86087276293208, 15.049097629509497]]]}, "properties": {}}, {"type": "Feature", "geometry": {"type": "Polygon", "coordinates": [[[117.7181907330228, 15.082202609572061], [117.73486148565826, 15.078620250061292], [117.7515322382937, 15.080114847153338], [117.76820299092915, 15.082308724720665], [117.7848737435646, 15.08164675604411], [117.79368093363617, 15.083721500367737], [117.80987987251777, 15.088540389801421], [117.81821524883551, 15.081464002615022], [117.83488600147095, 15.082626341435482], [117.85155675410641, 15.081018135075503], [117.85300268673295, 15.092056876685461], [117.85269663462849, 15.108727629320914], [117.84322137778868, 15.112895317479776], [117.83303369562256, 15.117063005638638], [117.82071586173083, 15.117063005638638], [117.81424602201753, 15.108727629320912], [117.80671817805242, 15.108727629320912], [117.7932091198823, 15.114734003432215], [117.77960929536391, 15.117063005638636], [117.77862221132631, 15.133733758274087], [117.77931682601945, 15.150404510909539], [117.76820299092915, 15.155961428454686], [117.7634399187476, 15.14206913459181], [117.76264607338399, 15.125398381956362], [117.75380552274399, 15.117063005638638], [117.75021612624354, 15.117063005638638], [117.74094405756578, 15.125398381956362], [117.73486148565826, 15.139985290512382], [117.72652610934053, 15.146948379265602], [117.71798407080004, 15.150404510909537], [117.7210423091315, 15.158739887227263], [117.72559995641633, 15.175410639862712], [117.73486148565826, 15.176006023885407], [117.7515322382937, 15.177683924313001], [117.75986761461141, 15.170409414072076], [117.77320421671979, 15.175410639862712], [117.7848737435646, 15.176125100689944], [117.79405473776963, 15.183746016180436], [117.7862232806827, 15.192081392498164], [117.77896013198783, 15.200416768815884], [117.76820299092915, 15.20519224483125], [117.75986761461142, 15.210520255261613], [117.74319686197597, 15.212540952550759], [117.72652610934053, 15.213159355600457], [117.70985535670508, 15.211307515975541], [117.70659641258086, 15.200416768815888], [117.69897305984583, 15.192081392498162], [117.6848492277519, 15.185186698506957], [117.67651385143418, 15.180322558049943], [117.67651385143418, 15.171044490362952], [117.6848492277519, 15.163994798384088], [117.69462173791752, 15.15873988722726], [117.70151998038735, 15.145542208057531], [117.70765274431022, 15.133733758274087], [117.71584387949645, 15.125398381956362], [117.71849201168489, 15.117063005638638], [117.71973801844705, 15.100392253003188], [117.7181907330228, 15.091150857520491], [117.7181907330228, 15.082202609572061]]]}, "properties": {}}, {"type": "Feature", "geometry": {"type": "Polygon", "coordinates": [[[117.8515567541064, 15.120188771757785], [117.85404492614154, 15.133733758274087], [117.8515567541064, 15.150061961197851], [117.84322137778868, 15.154613463307594], [117.83488600147095, 15.159247257959645], [117.82655062515323, 15.169797019077306], [117.8182152488355, 15.177822578541882], [117.80154449620005, 15.176363254299023], [117.79811228242217, 15.167075263544987], [117.80987987251777, 15.159178591243984], [117.8182152488355, 15.15129758694358], [117.81977813189508, 15.142069134591813], [117.83488600147095, 15.135122987660374], [117.8438029156713, 15.133733758274087], [117.8515567541064, 15.120188771757785]]]}, "properties": {}}, {"type": "Feature", "geometry": {"type": "Polygon", "coordinates": [[[119.9937484677617, 15.13501612386143], [119.9937484677617, 15.146653591566562], [119.9937484677617, 15.13501612386143]]]}, "properties": {}}, {"type": "Feature", "geometry": {"type": "Polygon", "coordinates": [[[119.97707771512626, 15.206251532238294], [119.97707771512626, 15.2104474759101], [119.97707771512626, 15.206251532238294]]]}, "properties": {}}, {"type": "Feature", "geometry": {"type": "Polygon", "coordinates": [[[119.97707771512626, 15.249448394214268], [119.97707771512627, 15.251095856827655], [119.97707771512626, 15.249448394214268]]]}, "properties": {}}, {"type": "Feature", "geometry": {"type": "Polygon", "coordinates": [[[119.88538857563127, 15.316951741565617], [119.88805589605295, 15.32544741358176], [119.87705319931356, 15.327087159742623], [119.87705319931356, 15.32056816890797], [119.88538857563127, 15.316951741565617]]]}, "properties": {}}, {"type": "Feature", "geometry": {"type": "Polygon", "coordinates": [[[114.06729590585927, 15.417076872578038], [114.07705541682425, 15.417136553076734], [114.08396665849473, 15.428481926398083], [114.09230203481246, 15.438345455040725], [114.10063741113018, 15.443372491650557], [114.11730816376563, 15.449946013050758], [114.13351583993898, 15.450478058347635], [114.12564354008336, 15.461538461538463], [114.10897278744791, 15.46456881355141], [114.09230203481245, 15.464728863019875], [114.075631282177, 15.461805621035822], [114.06600450952837, 15.458813434665359], [114.05062515322385, 15.451581269919098], [114.0339544005884, 15.451311595979409], [114.02561902427067, 15.448890367620448], [114.01519980387351, 15.44214268202991], [114.02561902427067, 15.436238457138188], [114.03939051557819, 15.433807305712183], [114.05062515322383, 15.43174013238539], [114.05896052954155, 15.424192737979363], [114.06729590585927, 15.417076872578038]]]}, "properties": {}}, {"type": "Feature", "geometry": {"type": "Polygon", "coordinates": [[[119.87705319931356, 15.413802402549644], [119.87705319931356, 15.420470703603824], [119.87705319931356, 15.413802402549644]]]}, "properties": {}}, {"type": "Feature", "geometry": {"type": "Polygon", "coordinates": [[[114.18399117430742, 15.433693122474953], [114.18954809185257, 15.44214268202991], [114.1756557979897, 15.446111908847875], [114.1756557979897, 15.434565067195614], [114.18399117430742, 15.433693122474953]]]}, "properties": {}}, {"type": "Feature", "geometry": {"type": "Polygon", "coordinates": [[[114.23400343221378, 15.450130751001064], [114.2423388085315, 15.454645746506497], [114.25067418484925, 15.464561970056895], [114.25611029983905, 15.475484187300808], [114.25067418484923, 15.489711812394857], [114.2423388085315, 15.493281342141358], [114.23307727928957, 15.49215493993626], [114.2326873201636, 15.47548418730081], [114.23191958813435, 15.458813434665359], [114.23400343221378, 15.450130751001064]]]}, "properties": {}}, {"type": "Feature", "geometry": {"type": "Polygon", "coordinates": [[[113.93392988477568, 15.474201821713468], [113.93392988477568, 15.476361595334254], [113.93392988477568, 15.474201821713468]]]}, "properties": {}}, {"type": "Feature", "geometry": {"type": "Polygon", "coordinates": [[[113.8755822505516, 15.482757211734901], [113.88391762686933, 15.484861485658248], [113.89225300318705, 15.483349964952746], [113.90197760889107, 15.483819563618534], [113.89225300318705, 15.4875241753153], [113.88391762686935, 15.493822015199806], [113.86724687423389, 15.49882324099044], [113.85370188771759, 15.49215493993626], [113.86724687423389, 15.485010331663924], [113.8755822505516, 15.482757211734901]]]}, "properties": {}}, {"type": "Feature", "geometry": {"type": "Polygon", "coordinates": [[[114.22566805589607, 15.49771185748141], [114.22601536324262, 15.508825692571708], [114.2228895971235, 15.508825692571708], [114.22566805589607, 15.49771185748141]]]}, "properties": {}}, {"type": "Feature", "geometry": {"type": "Polygon", "coordinates": [[[119.91039470458446, 15.506905434070001], [119.91873008090218, 15.509181905240666], [119.92706545721991, 15.519476451199914], [119.92706545721991, 15.529108441611505], [119.91039470458446, 15.528830595734249], [119.90113317534252, 15.525496445207159], [119.90205932826673, 15.51299338073057], [119.91039470458446, 15.506905434070001]]]}, "properties": {}}, {"type": "Feature", "geometry": {"type": "Polygon", "coordinates": [[[113.77555773473891, 15.51319184207147], [113.79184960663264, 15.517161068889434], [113.80056386369208, 15.52182887962736], [113.80889924000981, 15.516943624289842], [113.82556999264526, 15.516975838304594], [113.82556999264527, 15.518351836934825], [113.81723461632753, 15.526933579055044], [113.80056386369208, 15.533137206831741], [113.79222848737436, 15.537058418809163], [113.77555773473892, 15.537780157675385], [113.75888698210346, 15.537280942759805], [113.74221622946803, 15.538940600558327], [113.74221622946803, 15.53216474626134], [113.75888698210346, 15.526137628000829], [113.76722235842118, 15.52261112263564], [113.77555773473891, 15.51319184207147]]]}, "properties": {}}, {"type": "Feature", "geometry": {"type": "Polygon", "coordinates": [[[113.95893601372886, 15.525033368745063], [113.95893601372885, 15.525913214023044], [113.95893601372886, 15.525033368745063]]]}, "properties": {}}, {"type": "Feature", "geometry": {"type": "Polygon", "coordinates": [[[114.24233880853151, 15.544945656615184], [114.25900956116695, 15.549031625398381], [114.25954160646383, 15.558837950478058], [114.25530494947019, 15.567173326795782], [114.2423388085315, 15.571341014954646], [114.23551895518065, 15.558837950478058], [114.24233880853151, 15.544945656615184]]]}, "properties": {}}, {"type": "Feature", "geometry": {"type": "Polygon", "coordinates": [[[114.40071095856828, 15.613753370924247], [114.41738171120373, 15.616971857104241], [114.42780093160088, 15.617185584702133], [114.42293862874888, 15.625520961019859], [114.409046334886, 15.631772493258152], [114.40071095856828, 15.637062251305938], [114.39237558225055, 15.645525864182398], [114.38487374356458, 15.633856337337583], [114.39237558225055, 15.624238595432518], [114.40071095856828, 15.613753370924247]]]}, "properties": {}}, {"type": "Feature", "geometry": {"type": "Polygon", "coordinates": [[[113.68386859524394, 15.623734808951774], [113.69599277897879, 15.625520961019859], [113.69220397156165, 15.634836969845551], [113.68386859524392, 15.628021573915174], [113.68386859524394, 15.623734808951774]]]}, "properties": {}}, {"type": "Feature", "geometry": {"type": "Polygon", "coordinates": [[[114.30902181907331, 15.62194865688369], [114.31819073302279, 15.625520961019859], [114.31735719539103, 15.640107869575877], [114.30902181907331, 15.645525864182398], [114.29512952521043, 15.642191713655308], [114.30068644275558, 15.628299419792434], [114.30902181907331, 15.62194865688369]]]}, "properties": {}}, {"type": "Feature", "geometry": {"type": "Polygon", "coordinates": [[[113.7088747241971, 15.631425185911581], [113.72554547683256, 15.632467107951296], [113.72554547683255, 15.634451721360278], [113.7088747241971, 15.636100477115434], [113.7088747241971, 15.631425185911581]]]}, "properties": {}}, {"type": "Feature", "geometry": {"type": "Polygon", "coordinates": [[[113.74221622946801, 15.627036483986718], [113.742216229468, 15.63510664378524], [113.74221622946801, 15.627036483986718]]]}, "properties": {}}, {"type": "Feature", "geometry": {"type": "Polygon", "coordinates": [[[114.60075999019368, 15.633039143580945], [114.6016693039738, 15.642191713655308], [114.59520307264853, 15.642191713655308], [114.60075999019368, 15.633039143580945]]]}, "properties": {}}, {"type": "Feature", "geometry": {"type": "Polygon", "coordinates": [[[119.85204707036038, 15.641397868291714], [119.86732859360954, 15.642191713655308], [119.8603824466781, 15.651320935336624], [119.84880553512572, 15.658862466290758], [119.83665868331227, 15.658862466290758], [119.84371169404267, 15.644843878847311], [119.85204707036038, 15.641397868291714]]]}, "properties": {}}, {"type": "Feature", "geometry": {"type": "Polygon", "coordinates": [[[113.99227751899977, 15.673866143662664], [113.99227751899976, 15.67970090708507], [113.99227751899977, 15.673866143662664]]]}, "properties": {}}, {"type": "Feature", "geometry": {"type": "Polygon", "coordinates": [[[114.65077224810003, 15.690253138806444], [114.66744300073547, 15.691999003291548], [114.6757783770532, 15.69516766091907], [114.67707499114708, 15.708874724197107], [114.67577837705322, 15.719988559287408], [114.66744300073547, 15.715959794067173], [114.65802040141978, 15.708874724197107], [114.64922865989305, 15.700539347879383], [114.65077224810003, 15.690253138806444]]]}, "properties": {}}, {"type": "Feature", "geometry": {"type": "Polygon", "coordinates": [[[119.84371169404265, 15.691877094059002], [119.85145168633768, 15.700539347879381], [119.83984169789514, 15.700539347879381], [119.84371169404265, 15.691877094059002]]]}, "properties": {}}, {"type": "Feature", "geometry": {"type": "Polygon", "coordinates": [[[113.96727139004659, 15.722767018059983], [113.96727139004658, 15.72971316499142], [113.96727139004659, 15.722767018059983]]]}, "properties": {}}, {"type": "Feature", "geometry": {"type": "Polygon", "coordinates": [[[119.81037018877177, 15.723790660765669], [119.82183133120863, 15.725545476832558], [119.83225006311733, 15.733880853150282], [119.8270409414072, 15.745612123523376], [119.81756892286435, 15.742216229468006], [119.80888172871502, 15.73388085315028], [119.81037018877177, 15.723790660765669]]]}, "properties": {}}, {"type": "Feature", "geometry": {"type": "Polygon", "coordinates": [[[113.95893601372886, 15.72971316499142], [113.95893601372886, 15.738048541309144], [113.95893601372886, 15.72971316499142]]]}, "properties": {}}, {"type": "Feature", "geometry": {"type": "Polygon", "coordinates": [[[114.10063741113018, 15.746383917626869], [114.10272125520962, 15.758886982103457], [114.0964697229713, 15.758886982103457], [114.10063741113018, 15.746383917626869]]]}, "properties": {}}, {"type": "Feature", "geometry": {"type": "Polygon", "coordinates": [[[114.73412601127727, 15.757219906839913], [114.742461387595, 15.76081053048447], [114.74662907575386, 15.775557734738907], [114.75296179672252, 15.783893111056631], [114.75869343621372, 15.800563863692082], [114.76208985440772, 15.808899240009806], [114.76860934892048, 15.817234616327532], [114.76771267467517, 15.83390536896298], [114.76329982838931, 15.842240745280707], [114.76538367246874, 15.858911497916157], [114.76538367246874, 15.875582250551606], [114.76746751654818, 15.886696085641905], [114.78247119392007, 15.892253003187058], [114.78865326468906, 15.900588379504779], [114.79247364550135, 15.910312985208794], [114.80080902181908, 15.920593282667319], [114.81609054506823, 15.925594508457955], [114.82581515077224, 15.930595734248591], [114.84248590340769, 15.933748680942688], [114.84445608326462, 15.942265261093407], [114.84248590340769, 15.9514072867322], [114.83415052708997, 15.946432949252268], [114.82581515077223, 15.939883725002627], [114.8091443981368, 15.93620316922597], [114.79247364550135, 15.936494615950366], [114.78506442210782, 15.925594508457955], [114.78217700416768, 15.917259132140229], [114.7758028928659, 15.906145297049932], [114.76746751654818, 15.895031461959631], [114.75913214023046, 15.88947454441448], [114.742461387595, 15.88947454441448], [114.742461387595, 15.87836070932418], [114.74960599586734, 15.867246874233881], [114.75413091443981, 15.858911497916157], [114.75809021819073, 15.842240745280707], [114.75198753195811, 15.825569992645256], [114.74932581515077, 15.817234616327532], [114.74502611876969, 15.800563863692082], [114.742461387595, 15.785560186320177], [114.73620985535669, 15.775557734738907], [114.73195156528135, 15.767222358421183], [114.73412601127727, 15.757219906839913]]]}, "properties": {}}, {"type": "Feature", "geometry": {"type": "Polygon", "coordinates": [[[119.77702868350087, 15.758066675227745], [119.78536405981859, 15.761061428099385], [119.79184713028792, 15.775557734738907], [119.79741687540337, 15.783893111056631], [119.80102812451847, 15.800563863692082], [119.79369943613631, 15.815150772248101], [119.78536405981859, 15.81850304315849], [119.7830486775081, 15.808899240009808], [119.77702868350086, 15.793776485833362], [119.77667181723649, 15.783893111056631], [119.77643009274195, 15.767222358421183], [119.77702868350087, 15.758066675227745]]]}, "properties": {}}, {"type": "Feature", "geometry": {"type": "Polygon", "coordinates": [[[113.92559450845796, 15.788060799215494], [113.92559450845796, 15.796396175533218], [113.92559450845796, 15.788060799215494]]]}, "properties": {}}, {"type": "Feature", "geometry": {"type": "Polygon", "coordinates": [[[113.93392988477568, 15.796396175533218], [113.93809757293454, 15.808899240009806], [113.92976219661682, 15.808899240009806], [113.93392988477568, 15.796396175533218]]]}, "properties": {}}, {"type": "Feature", "geometry": {"type": "Polygon", "coordinates": [[[114.4423878401569, 15.804731551850944], [114.4423878401569, 15.81306692816867], [114.4423878401569, 15.804731551850944]]]}, "properties": {}}, {"type": "Feature", "geometry": {"type": "Polygon", "coordinates": [[[124.28646727139005, 15.805017009944017], [124.30313802402549, 15.804523167443001], [124.30313802402549, 15.810256161735946], [124.2962922396733, 15.825569992645256], [124.29391590554631, 15.83390536896298], [124.28143006555776, 15.83390536896298], [124.27355760319065, 15.825569992645256], [124.27813189507232, 15.814675509563315], [124.28646727139005, 15.805017009944017]]]}, "properties": {}}, {"type": "Feature", "geometry": {"type": "Polygon", "coordinates": [[[113.93392988477568, 15.821402304486394], [113.9339298847757, 15.8272370679088], [113.93392988477568, 15.821402304486394]]]}, "properties": {}}, {"type": "Feature", "geometry": {"type": "Polygon", "coordinates": [[[114.42571708752146, 15.822235842118168], [114.43613630791862, 15.825569992645256], [114.43405246383917, 15.834831521887171], [114.42393093545336, 15.83390536896298], [114.42571708752146, 15.822235842118168]]]}, "properties": {}}, {"type": "Feature", "geometry": {"type": "Polygon", "coordinates": [[[113.97560676636431, 15.838073057121843], [113.98394214268203, 15.844324589360138], [113.99505597777234, 15.850576121598433], [114.00061289531749, 15.861689956688732], [114.00802211871101, 15.875582250551606], [114.01197931756893, 15.88391762686933], [114.01589441856665, 15.90058837950478], [114.0089482716352, 15.913091443981369], [114.00061289531747, 15.904756067663644], [113.99227751899977, 15.894817734361741], [113.98394214268203, 15.88623300917981], [113.97560676636431, 15.879749938710468], [113.97248100024515, 15.867246874233881], [113.97004984881916, 15.850576121598431], [113.97560676636431, 15.838073057121843]]]}, "properties": {}}, {"type": "Feature", "geometry": {"type": "Polygon", "coordinates": [[[114.09230203481245, 15.946432949252268], [114.09230203481245, 15.954768325569994], [114.09230203481245, 15.946432949252268]]]}, "properties": {}}, {"type": "Feature", "geometry": {"type": "Polygon", "coordinates": [[[114.88416278499633, 15.974738497997876], [114.89249816131405, 15.981130208502556], [114.8938578326283, 15.992277518999755], [114.89262256991582, 16.008948271635205], [114.89442170969505, 16.025619024270654], [114.90095611669527, 16.033954400588378], [114.90373279895968, 16.05062515322383], [114.90377543515567, 16.067295905859275], [114.90125030644765, 16.08396665849473], [114.90007577614834, 16.08396665849473], [114.88993343013937, 16.075631282177003], [114.8758274086786, 16.070074364631854], [114.86749203236087, 16.060151297586945], [114.85915665604315, 16.055834763422407], [114.8585154732495, 16.042289776906106], [114.86034742408856, 16.042289776906106], [114.86957587644031, 16.05062515322383], [114.88138432622375, 16.058960529541555], [114.89249816131405, 16.064914369768502], [114.89381427336423, 16.05062515322383], [114.89157200838986, 16.042289776906106], [114.89083108605051, 16.025619024270654], [114.89145623927433, 16.008948271635205], [114.88330787460475, 16.00061289531748], [114.87654186950584, 15.98394214268203], [114.88416278499633, 15.974738497997876]]]}, "properties": {}}, {"type": "Feature", "geometry": {"type": "Polygon", "coordinates": [[[111.75839666584947, 16.012694508182495], [111.77506741848492, 16.0162834027948], [111.7762064140066, 16.025619024270654], [111.783700486814, 16.033954400588378], [111.78340279480267, 16.048958077960286], [111.78340279480265, 16.051220537246525], [111.80007354743809, 16.058284688218492], [111.80840892375582, 16.06113497553748], [111.81674430007355, 16.05254870160484], [111.82038155519402, 16.067295905859282], [111.81674430007355, 16.077218972904188], [111.8059083108605, 16.075631282177003], [111.79173817112037, 16.072505516057856], [111.78340279480264, 16.07693030186288], [111.76673204216718, 16.077390972732967], [111.75542790168151, 16.075631282177003], [111.75839666584949, 16.064089991890924], [111.75839666584947, 16.05525591784479], [111.75313896694138, 16.042289776906106], [111.75295088665521, 16.025619024270654], [111.75839666584947, 16.012694508182495]]]}, "properties": {}}, {"type": "Feature", "geometry": {"type": "Polygon", "coordinates": [[[112.45856827653839, 16.014604419850805], [112.47523902917382, 16.01646759712462], [112.48357440549154, 16.023237488179877], [112.50024515812697, 16.025206381878686], [112.51691591076244, 16.01936749203236], [112.52525128708017, 16.01627668974005], [112.53661770933161, 16.01728364795293], [112.55025741603333, 16.01875459671488], [112.55859279235106, 16.012860795212912], [112.57526354498651, 16.014164603911457], [112.57874924781028, 16.025619024270654], [112.57943123314539, 16.042289776906106], [112.58359892130423, 16.05214067619069], [112.59193429762196, 16.049699000299636], [112.60860505025742, 16.050015247639607], [112.61694042657513, 16.052014382610118], [112.62527580289287, 16.05046788197255], [112.62527580289287, 16.053750919342978], [112.62527580289287, 16.061154049625166], [112.62673814961528, 16.075631282177003], [112.61832965596142, 16.075631282177003], [112.61562431452496, 16.06729590585928], [112.60026967393969, 16.059221010051484], [112.59193429762196, 16.071165902006793], [112.58359892130424, 16.0761605124194], [112.57428291247854, 16.075631282177003], [112.55859279235106, 16.071265132677244], [112.55025741603336, 16.076448475933642], [112.54192203971562, 16.07265436206353], [112.53120512730712, 16.06729590585928], [112.52275067418483, 16.058960529541555], [112.51691591076244, 16.047499387104686], [112.50024515812697, 16.047846694451255], [112.48357440549154, 16.04762441774945], [112.47523902917382, 16.050907708353243], [112.45856827653837, 16.051274663066767], [112.45023290022064, 16.049732077189788], [112.44050829451663, 16.042289776906106], [112.43841182107914, 16.025619024270654], [112.45023290022064, 16.017998108780162], [112.45856827653839, 16.014604419850805]]]}, "properties": {}}, {"type": "Feature", "geometry": {"type": "Polygon", "coordinates": [[[112.5452561902427, 16.05062515322383], [112.55382972016952, 16.05062515322383], [112.5452561902427, 16.05062515322383]]]}, "properties": {}}, {"type": "Feature", "geometry": {"type": "Polygon", "coordinates": [[[114.1756557979897, 16.061044373620987], [114.18399117430742, 16.069379749938708], [114.1906594753616, 16.08396665849473], [114.17982348614856, 16.08396665849473], [114.1756557979897, 16.073547438097574], [114.1756557979897, 16.061044373620987]]]}, "properties": {}}, {"type": "Feature", "geometry": {"type": "Polygon", "coordinates": [[[122.09426329982838, 16.106991427503527], [122.09426329982838, 16.11353365373496], [122.09426329982838, 16.106991427503527]]]}, "properties": {}}, {"type": "Feature", "geometry": {"type": "Polygon", "coordinates": [[[111.55834763422406, 16.14894117575401], [111.57501838685953, 16.150345458222013], [111.58335376317724, 16.154196637682368], [111.60002451581272, 16.155311828671866], [111.61669526844815, 16.15140743051996], [111.62838794911607, 16.158985045354253], [111.6333660210836, 16.173571953910272], [111.64170139740132, 16.181049276783526], [111.65142600310534, 16.18399117430743], [111.65003677371905, 16.19470808671593], [111.6444798561739, 16.208997303260603], [111.65003677371905, 16.222333905368963], [111.65837215003677, 16.227751899975488], [111.66837460161805, 16.23400343221378], [111.67504290267223, 16.245672959058595], [111.67798480019611, 16.259009561166952], [111.67858987131807, 16.275680313802404], [111.6667075263545, 16.281809266977202], [111.65003677371907, 16.276871081847794], [111.64686139226468, 16.26734493748468], [111.63336602108359, 16.262343711694044], [111.62365186071332, 16.259009561166952], [111.6215792780093, 16.242338808531503], [111.6222521859933, 16.225668055896055], [111.61733645124183, 16.208997303260603], [111.61600065375501, 16.200661926942878], [111.60835989213042, 16.190937321238867], [111.59168913949497, 16.185534762514415], [111.58335376317724, 16.179823486148567], [111.56946146931438, 16.18399117430743], [111.55834763422408, 16.185991664623685], [111.55001225790635, 16.17721868104928], [111.54779817357195, 16.167320421671977], [111.55001225790635, 16.15157582196072], [111.55834763422406, 16.14894117575401]]]}, "properties": {}}, {"type": "Feature", "geometry": {"type": "Polygon", "coordinates": [[[111.61530603906186, 16.18399117430743], [111.61877911252759, 16.18399117430743], [111.61530603906186, 16.18399117430743]]]}, "properties": {}}, {"type": "Feature", "geometry": {"type": "Polygon", "coordinates": [[[111.64894955072108, 16.250674184849228], [111.65360907785521, 16.250674184849228], [111.64894955072108, 16.250674184849228]]]}, "properties": {}}, {"type": "Feature", "geometry": {"type": "Polygon", "coordinates": [[[111.71671978426085, 16.182698522365108], [111.7333905368963, 16.18320595769779], [111.74918388149831, 16.18399117430743], [111.7419640668231, 16.200661926942878], [111.74016303015445, 16.208997303260603], [111.73458130494168, 16.225668055896055], [111.7321997688509, 16.23400343221378], [111.72505516057858, 16.249840647217454], [111.71359401814169, 16.242338808531503], [111.71671978426086, 16.231224973441204], [111.71880362834028, 16.217332679578327], [111.71564425183276, 16.208997303260603], [111.71349076460622, 16.192326550625154], [111.71671978426085, 16.182698522365108]]]}, "properties": {}}, {"type": "Feature", "geometry": {"type": "Polygon", "coordinates": [[[114.76746751654818, 16.20482961510174], [114.77684481490562, 16.208997303260603], [114.7758028928659, 16.217888371332844], [114.76746751654818, 16.21038653264689], [114.76746751654818, 16.20482961510174]]]}, "properties": {}}, {"type": "Feature", "geometry": {"type": "Polygon", "coordinates": [[[119.9937484677617, 16.208736822750673], [120.00213090485529, 16.208997303260603], [119.99374846776169, 16.209923456184793], [119.9937484677617, 16.208736822750673]]]}, "properties": {}}, {"type": "Feature", "geometry": {"type": "Polygon", "coordinates": [[[111.55834763422408, 16.21629075753861], [111.5666830105418, 16.217888371332844], [111.58121648719835, 16.225668055896055], [111.5785486638882, 16.242338808531503], [111.57501838685951, 16.253108409791572], [111.56197171088395, 16.250674184849228], [111.55657124254981, 16.242338808531503], [111.55132836995652, 16.225668055896055], [111.55834763422408, 16.21629075753861]]]}, "properties": {}}, {"type": "Feature", "geometry": {"type": "Polygon", "coordinates": [[[111.78340279480267, 16.22400098063251], [111.78340279480264, 16.2287938220152], [111.78340279480267, 16.22400098063251]]]}, "properties": {}}, {"type": "Feature", "geometry": {"type": "Polygon", "coordinates": [[[111.80840892375582, 16.224854848450423], [111.82041751675595, 16.225668055896055], [111.8190840548294, 16.242338808531503], [111.80840892375582, 16.243380730571218], [111.80462011633867, 16.23400343221378], [111.80840892375582, 16.224854848450423]]]}, "properties": {}}, {"type": "Feature", "geometry": {"type": "Polygon", "coordinates": [[[111.75839666584947, 16.247548418730084], [111.77298357440549, 16.250674184849228], [111.77673449374848, 16.259009561166952], [111.77791125275803, 16.275680313802404], [111.76673204216719, 16.283182152488354], [111.75839666584947, 16.284082910896885], [111.75006128953174, 16.275857662234696], [111.75006128953174, 16.271512625643542], [111.75006128953174, 16.263177249325814], [111.75006128953174, 16.256925717087523], [111.75839666584947, 16.247548418730084]]]}, "properties": {}}, {"type": "Feature", "geometry": {"type": "Polygon", "coordinates": [[[120.0270899730326, 16.279848001961266], [120.0270899730326, 16.28520645816552], [120.0270899730326, 16.279848001961266]]]}, "properties": {}}, {"type": "Feature", "geometry": {"type": "Polygon", "coordinates": [[[112.34187300809022, 16.300556202500616], [112.35520961019859, 16.300686442755577], [112.36623795424973, 16.3090218190733], [112.35020838440795, 16.312511046369092], [112.34062270164256, 16.3090218190733], [112.34187300809022, 16.300556202500616]]]}, "properties": {}}, {"type": "Feature", "geometry": {"type": "Polygon", "coordinates": [[[111.95844569747487, 16.31310986987881], [111.97511645011032, 16.31619950423579], [111.98345182642805, 16.321802729427148], [112.00012257906349, 16.325498725747877], [112.01679333169895, 16.318673307441195], [112.02512870801668, 16.31460926913244], [112.04179946065211, 16.31712565715998], [112.05013483696985, 16.318547963436416], [112.05847021328758, 16.31626565801609], [112.06480509928903, 16.325692571708753], [112.07031522173907, 16.334027948026478], [112.07645081077295, 16.342363324344202], [112.07514096592303, 16.352631541547197], [112.05847021328756, 16.35132778566704], [112.05013483696985, 16.349135817602352], [112.04179946065211, 16.350943858788916], [112.03227331628901, 16.359034076979654], [112.01924491296887, 16.359034076979654], [112.01679333169895, 16.34842541621164], [112.0084579553812, 16.354271004798093], [111.99178720274577, 16.354032851189018], [111.98345182642805, 16.350351393315353], [111.9751164501103, 16.35240366399964], [111.95844569747487, 16.355245269562506], [111.95011032115714, 16.348198087766608], [111.9498126291458, 16.334027948026478], [111.95011032115714, 16.319857808286347], [111.95844569747487, 16.31310986987881]]]}, "properties": {}}, {"type": "Feature", "geometry": {"type": "Polygon", "coordinates": [[[114.50073547438097, 16.332986025986763], [114.51145238678947, 16.334027948026478], [114.52574160333415, 16.340974094957915], [114.53407697965187, 16.345141783116777], [114.53407697965187, 16.357843308934264], [114.51740622701644, 16.352087930048214], [114.50490316253985, 16.350698700661926], [114.50073547438097, 16.33819563618534], [114.50073547438097, 16.332986025986763]]]}, "properties": {}}, {"type": "Feature", "geometry": {"type": "Polygon", "coordinates": [[[111.52500612895318, 16.41421426820299], [111.54167688158863, 16.41631001996288], [111.54619187709406, 16.425717087521452], [111.55090533394039, 16.434052463839176], [111.56001470948763, 16.442387840156904], [111.55001225790636, 16.449472910026966], [111.5333415052709, 16.444293069029523], [111.51667075263545, 16.450098063250795], [111.5, 16.450260140012528], [111.5, 16.434052463839176], [111.5, 16.42247555228678], [111.51667075263545, 16.418343485394235], [111.52500612895318, 16.41421426820299]]]}, "properties": {}}, {"type": "Feature", "geometry": {"type": "Polygon", "coordinates": [[[112.68362343711692, 16.43357615662102], [112.69195881343467, 16.439755616056566], [112.70029418975238, 16.444703222467382], [112.71696494238785, 16.445757460370448], [112.72476255249151, 16.459058592792353], [112.73275828698985, 16.467393969110077], [112.74197107134101, 16.474141654700617], [112.75030644765874, 16.481791437295236], [112.75030644765874, 16.48732639073942], [112.7425885066238, 16.500735474380974], [112.74121330985759, 16.509070850698702], [112.73155185094387, 16.517406227016426], [112.72363324344202, 16.52574160333415], [112.71251940835172, 16.52574160333415], [112.71429762196618, 16.509070850698702], [112.71643289709098, 16.49240009806325], [112.71443907077642, 16.4757293454278], [112.70862956607012, 16.466560431478303], [112.69195881343467, 16.461440128883133], [112.67528806079922, 16.460870631122294], [112.66695268448149, 16.453104752565405], [112.66695268448149, 16.44887091062624], [112.6752880607992, 16.440800149429716], [112.68362343711692, 16.43357615662102]]]}, "properties": {}}, {"type": "Feature", "geometry": {"type": "Polygon", "coordinates": [[[111.62503064476587, 16.44803438540439], [111.62503064476587, 16.455353981095584], [111.62503064476587, 16.44803438540439]]]}, "properties": {}}, {"type": "Feature", "geometry": {"type": "Polygon", "coordinates": [[[111.65003677371905, 16.45020225545477], [111.6604559941162, 16.450723216474625], [111.65003677371904, 16.453223829369943], [111.65003677371905, 16.45020225545477]]]}, "properties": {}}, {"type": "Feature", "geometry": {"type": "Polygon", "coordinates": [[[111.6750429026722, 16.449761442284117], [111.67504290267223, 16.454057367001717], [111.6750429026722, 16.449761442284117]]]}, "properties": {}}, {"type": "Feature", "geometry": {"type": "Polygon", "coordinates": [[[111.7000490316254, 16.45034433573291], [111.71413115803432, 16.450723216474625], [111.70004903162541, 16.452723706790877], [111.7000490316254, 16.45034433573291]]]}, "properties": {}}, {"type": "Feature", "geometry": {"type": "Polygon", "coordinates": [[[111.74172591321403, 16.45572444226526], [111.74172591321403, 16.46239274331944], [111.74172591321403, 16.45572444226526]]]}, "properties": {}}, {"type": "Feature", "geometry": {"type": "Polygon", "coordinates": [[[111.75839666584947, 16.469667253560367], [111.77506741848492, 16.473805797046786], [111.77681387828483, 16.484064721745526], [111.77298357440549, 16.49240009806325], [111.77451172673041, 16.509070850698702], [111.77776415788185, 16.517406227016426], [111.77387665043953, 16.52574160333415], [111.75839666584947, 16.529446215030916], [111.75233457398203, 16.517406227016426], [111.74506006374111, 16.509070850698702], [111.74506006374111, 16.49240009806325], [111.75070247232541, 16.484064721745526], [111.75839666584947, 16.469667253560367]]]}, "properties": {}}, {"type": "Feature", "geometry": {"type": "Polygon", "coordinates": [[[111.58335376317726, 16.498420092070496], [111.58335376317726, 16.503340279480263], [111.58335376317726, 16.498420092070496]]]}, "properties": {}}, {"type": "Feature", "geometry": {"type": "Polygon", "coordinates": [[[111.62503064476586, 16.517072811963715], [111.6333660210836, 16.524908065702377], [111.64003432213778, 16.534076979651875], [111.64725831494647, 16.5424123559696], [111.64170139740132, 16.551859115796358], [111.62503064476587, 16.553129268378107], [111.61669526844815, 16.54824711939201], [111.6000245158127, 16.54366266241726], [111.58335376317726, 16.54616327531258], [111.57501838685953, 16.551028700028375], [111.57356300369293, 16.5424123559696], [111.57620915490492, 16.534076979651875], [111.58335376317724, 16.524074528070607], [111.58960529541554, 16.534076979651875], [111.60002451581269, 16.53991174307428], [111.60835989213041, 16.532108536215745], [111.61896855289844, 16.52574160333415], [111.62503064476586, 16.517072811963715]]]}, "properties": {}}, {"type": "Feature", "geometry": {"type": "Polygon", "coordinates": [[[112.54192203971562, 16.51636430497671], [112.54192203971562, 16.5182397646482], [112.54192203971562, 16.51636430497671]]]}, "properties": {}}, {"type": "Feature", "geometry": {"type": "Polygon", "coordinates": [[[111.70838440794313, 16.529909291493013], [111.70838440794313, 16.538244667810737], [111.70838440794313, 16.529909291493013]]]}, "properties": {}}, {"type": "Feature", "geometry": {"type": "Polygon", "coordinates": [[[111.75006128953174, 16.529909291493013], [111.7517283647953, 16.5424123559696], [111.74648898539557, 16.5424123559696], [111.75006128953174, 16.529909291493013]]]}, "properties": {}}, {"type": "Feature", "geometry": {"type": "Polygon", "coordinates": [[[112.59193429762195, 16.538840051833432], [112.60079063495955, 16.5424123559696], [112.60026967393968, 16.551505493770755], [112.59193429762196, 16.549556964241937], [112.59193429762195, 16.538840051833432]]]}, "properties": {}}, {"type": "Feature", "geometry": {"type": "Polygon", "coordinates": [[[111.65837215003677, 16.552831576366756], [111.67504290267222, 16.556999264525622], [111.67504290267222, 16.563250796763914], [111.67504290267222, 16.571586173081638], [111.68337827898995, 16.57694462928589], [111.69171365530768, 16.574563093195113], [111.69247141679111, 16.584089237558224], [111.68337827898996, 16.58503286506589], [111.6667075263545, 16.58428536405982], [111.65588927198468, 16.584089237558224], [111.6531625398382, 16.567418484922776], [111.65837215003677, 16.552831576366756]]]}, "properties": {}}, {"type": "Feature", "geometry": {"type": "Polygon", "coordinates": [[[111.70838440794313, 16.57835866633979], [111.71899306871114, 16.584089237558224], [111.70838440794313, 16.585726543620634], [111.70838440794313, 16.57835866633979]]]}, "properties": {}}, {"type": "Feature", "geometry": {"type": "Polygon", "coordinates": [[[112.6419465555283, 16.58230308549014], [112.65097654653918, 16.584089237558224], [112.64194655552832, 16.5868676963308], [112.6419465555283, 16.58230308549014]]]}, "properties": {}}, {"type": "Feature", "geometry": {"type": "Polygon", "coordinates": [[[112.70862956607012, 16.64963560587488], [112.71166061200384, 16.65910762441775], [112.7075876440304, 16.65910762441775], [112.70862956607012, 16.64963560587488]]]}, "properties": {}}, {"type": "Feature", "geometry": {"type": "Polygon", "coordinates": [[[112.73363569502328, 16.65728614562061], [112.738123974579, 16.667443000735474], [112.72530031870556, 16.671325718827333], [112.72530031870556, 16.664096569666288], [112.73363569502328, 16.65728614562061]]]}, "properties": {}}, {"type": "Feature", "geometry": {"type": "Polygon", "coordinates": [[[112.75030644765874, 16.652856092179455], [112.7517523802853, 16.667443000735474], [112.75030644765874, 16.677793522976167], [112.74414551733695, 16.667443000735474], [112.75030644765874, 16.652856092179455]]]}, "properties": {}}, {"type": "Feature", "geometry": {"type": "Polygon", "coordinates": [[[112.71696494238785, 16.67022145950805], [112.71696494238785, 16.67657222241679], [112.71696494238785, 16.67022145950805]]]}, "properties": {}}, {"type": "Feature", "geometry": {"type": "Polygon", "coordinates": [[[112.35854376072567, 16.75034375433024], [112.37521451336112, 16.74749016834867], [112.37573392850257, 16.75913214023045], [112.37633485964038, 16.775802892865897], [112.37521451336112, 16.790092109410573], [112.3668791370434, 16.79872517773964], [112.35854376072567, 16.788305957342487], [112.3548391490289, 16.775802892865897], [112.36174967469404, 16.767467516548173], [112.35854376072567, 16.752880607992154], [112.35854376072567, 16.75034375433024]]]}, "properties": {}}, {"type": "Feature", "geometry": {"type": "Polygon", "coordinates": [[[112.21684236332435, 16.754964452071587], [112.23142927188036, 16.75913214023045], [112.21684236332435, 16.765383672468744], [112.21684236332435, 16.754964452071587]]]}, "properties": {}}, {"type": "Feature", "geometry": {"type": "Polygon", "coordinates": [[[112.32520225545477, 16.80581024760971], [112.33687178229958, 16.809144398136798], [112.34663608027178, 16.817479774454522], [112.3537806885441, 16.817479774454522], [112.36166952684482, 16.809144398136798], [112.37521451336113, 16.80581024760971], [112.37735789584282, 16.817479774454522], [112.37713806174212, 16.834150527089975], [112.37721500367738, 16.850821279725423], [112.3668791370434, 16.85553257938327], [112.35854376072567, 16.861240500122577], [112.3518754596715, 16.8758274086786], [112.34187300809022, 16.878953174797747], [112.32520225545477, 16.880689711530607], [112.31686687913704, 16.871659720519737], [112.31686687913704, 16.86332434420201], [112.31914016358733, 16.850821279725423], [112.32275067418485, 16.834150527089975], [112.31964533790962, 16.817479774454522], [112.32520225545477, 16.80581024760971]]]}, "properties": {}}, {"type": "Feature", "geometry": {"type": "Polygon", "coordinates": [[[112.34708261828881, 16.850821279725423], [112.35298684318052, 16.850821279725423], [112.34708261828881, 16.850821279725423]]]}, "properties": {}}, {"type": "Feature", "geometry": {"type": "Polygon", "coordinates": [[[112.32520225545477, 16.919588134346654], [112.32624417749449, 16.934175042902673], [112.3210345672959, 16.934175042902673], [112.32520225545477, 16.919588134346654]]]}, "properties": {}}, {"type": "Feature", "geometry": {"type": "Polygon", "coordinates": [[[112.34187300809022, 16.931941698990038], [112.34187300809023, 16.936006224048], [112.34187300809022, 16.931941698990038]]]}, "properties": {}}, {"type": "Feature", "geometry": {"type": "Polygon", "coordinates": [[[112.22517773964206, 16.95029010378361], [112.23351311595981, 16.95640271308327], [112.2335131159598, 16.963348860014708], [112.2223992808695, 16.959181171855846], [112.22517773964206, 16.95029010378361]]]}, "properties": {}}, {"type": "Feature", "geometry": {"type": "Polygon", "coordinates": [[[112.17516548173572, 16.95461015903645], [112.18788789822067, 16.959181171855846], [112.18350085805345, 16.969850453542534], [112.17516548173572, 16.98101191935465], [112.17353906684446, 16.96751654817357], [112.17516548173572, 16.95461015903645]]]}, "properties": {}}, {"type": "Feature", "geometry": {"type": "Polygon", "coordinates": [[[112.20850698700661, 16.97451636033604], [112.20850698700661, 16.976577864693787], [112.20850698700661, 16.97451636033604]]]}, "properties": {}}, {"type": "Feature", "geometry": {"type": "Polygon", "coordinates": [[[112.26685462123069, 16.971684236332436], [112.277968456321, 16.9758519244913], [112.27518999754842, 16.98541309144398], [112.26685462123069, 16.976893846531013], [112.26685462123069, 16.971684236332436]]]}, "properties": {}}, {"type": "Feature", "geometry": {"type": "Polygon", "coordinates": [[[111.50833537631772, 17.058205442510417], [111.5250061289532, 17.05910192779737], [111.52593228187737, 17.067541063986273], [111.5333415052709, 17.077026147382302], [111.55001225790635, 17.082359510773337], [111.55834763422408, 17.0865271989322], [111.55834763422408, 17.0977071878028], [111.55834763422408, 17.103447300431856], [111.55834763422408, 17.110231707559485], [111.54167688158863, 17.11691213909895], [111.5333415052709, 17.118220151998038], [111.51823363569503, 17.117553321892622], [111.51054179946065, 17.109217945574898], [111.50208384407944, 17.10088256925717], [111.5, 17.091157963553158], [111.5, 17.075876440303997], [111.5, 17.059205687668545], [111.50833537631772, 17.058205442510417]]]}, "properties": {}}, {"type": "Feature", "geometry": {"type": "Polygon", "coordinates": [[[122.53603824466781, 17.056143712694688], [122.53909806635406, 17.067541063986276], [122.5290316964587, 17.067541063986273], [122.53603824466781, 17.056143712694688]]]}, "properties": {}}, {"type": "Feature", "geometry": {"type": "Polygon", "coordinates": [[[122.5360382446678, 17.166154977652894], [122.53621099858113, 17.1759009561167], [122.53187055650895, 17.175900956116696], [122.5360382446678, 17.166154977652894]]]}, "properties": {}}, {"type": "Feature", "geometry": {"type": "Polygon", "coordinates": [[[120.38551115469478, 17.786883131201893], [120.3905123804854, 17.801054179946064], [120.38252534825261, 17.801054179946064], [120.38551115469478, 17.786883131201893]]]}, "properties": {}}, {"type": "Feature", "geometry": {"type": "Polygon", "coordinates": [[[120.41051728364795, 17.913383298894452], [120.41051728364795, 17.92314292718804], [120.41051728364795, 17.913383298894452]]]}, "properties": {}}, {"type": "Feature", "geometry": {"type": "Polygon", "coordinates": [[[122.11926942878156, 18.50416026559227], [122.13501402849283, 18.509561166952686], [122.14427555773474, 18.515705933839943], [122.1502557031566, 18.526231919588135], [122.15261093405246, 18.53780883114053], [122.15949919648364, 18.551238048541308], [122.15891061822174, 18.56790880117676], [122.15261093405246, 18.57909124015865], [122.13594018141703, 18.579543597286918], [122.12498070514741, 18.57624417749448], [122.11278790322322, 18.56790880117676], [122.10902275598336, 18.55957342485904], [122.11093405246385, 18.548701194879392], [122.1217322045168, 18.542902672223583], [122.1151648438923, 18.53456729590586], [122.11255257217145, 18.51789654327041], [122.11926942878156, 18.50416026559227]]]}, "properties": {}}, {"type": "Feature", "geometry": {"type": "Polygon", "coordinates": [[[121.84420201029664, 18.81701905616163], [121.86087276293209, 18.811610028451195], [121.87754351556752, 18.817208482720083], [121.88204172353463, 18.82630546702623], [121.88494473186158, 18.842976219661683], [121.8889804272593, 18.851311595979407], [121.894214268203, 18.86310942603363], [121.90254964452072, 18.86845188623815], [121.91922039715617, 18.87514435032773], [121.9275557734739, 18.881956361853398], [121.93589114979162, 18.888055651734675], [121.94422652610935, 18.893695207654627], [121.95256190242706, 18.901923305603468], [121.95716847124564, 18.917994606521205], [121.96180896052954, 18.926329982838933], [121.97558645098192, 18.934665359156657], [121.98590340769796, 18.94239237697126], [121.99050617772427, 18.951336111792106], [121.98590340769796, 18.963856734607667], [121.97984131583053, 18.976342240745282], [121.96923265506251, 18.98142823307474], [121.95851409192406, 18.984677617063006], [121.95256190242706, 18.996177349205052], [121.94422652610935, 19.00401660814167], [121.9275557734739, 19.004531444299943], [121.91088502083844, 19.009214411770106], [121.89901310804395, 19.001348369698455], [121.88587889188528, 18.99414321389839], [121.87754351556754, 18.988249921199174], [121.86920813924982, 18.980755087031135], [121.8659553094673, 18.968006864427558], [121.8606590353342, 18.959671488109834], [121.85253738661437, 18.95087303533001], [121.84903744959698, 18.934665359156657], [121.85253738661437, 18.91913124874635], [121.8608727629321, 18.91129803612121], [121.86604627431163, 18.901323853885756], [121.85716815123533, 18.892988477568032], [121.84658354638742, 18.892988477568032], [121.84347702303792, 18.901323853885756], [121.83056280465667, 18.901323853885756], [121.84375144941461, 18.892988477568032], [121.82753125766119, 18.885466308695943], [121.82703323203215, 18.876317724932584], [121.8346895007053, 18.86798234861486], [121.82566899318577, 18.85964697229713], [121.83111679292657, 18.851311595979407], [121.83493517613468, 18.83464084334396], [121.83586663397892, 18.82448463239372], [121.84420201029664, 18.81701905616163]]]}, "properties": {}}, {"type": "Feature", "geometry": {"type": "Polygon", "coordinates": [[[121.227384162785, 18.826238246249478], [121.22738416278499, 18.82634956954643], [121.227384162785, 18.826238246249478]]]}, "properties": {}}, {"type": "Feature", "geometry": {"type": "Polygon", "coordinates": [[[121.29406717332681, 18.84090131916392], [121.31073792596223, 18.840391031094597], [121.32740867859769, 18.840764650418222], [121.34407943123314, 18.83865822597496], [121.35761405725427, 18.842976219661683], [121.3690855601863, 18.845273785210395], [121.38575631282177, 18.848040385864408], [121.4024270654572, 18.84848886890555], [121.41454296765374, 18.851311595979407], [121.42743319441038, 18.856463005198158], [121.44410394704585, 18.8519887183217], [121.4607746996813, 18.858651703483076], [121.46911007599903, 18.86471407042137], [121.47744545231674, 18.870838152017534], [121.48060714678209, 18.884653101250308], [121.46911007599903, 18.886230064337443], [121.46077469968131, 18.884271619503295], [121.45243932336356, 18.888963493346356], [121.44410394704585, 18.895667705670157], [121.43418088000092, 18.901323853885756], [121.41909781809267, 18.906430132915695], [121.40242706545723, 18.9057509122433], [121.38575631282177, 18.902620467979624], [121.37742093650405, 18.899112226919637], [121.36075018386859, 18.893782322931624], [121.35241480755087, 18.892887881668244], [121.33574405491541, 18.889614272035633], [121.32609256654752, 18.884653101250308], [121.31073792596226, 18.878714685440784], [121.2940671733268, 18.88206125547055], [121.28573179700908, 18.885711561735096], [121.28015419611319, 18.876317724932584], [121.27585283248436, 18.86798234861486], [121.27739642069135, 18.857174293412342], [121.28573179700908, 18.84715959546485], [121.29406717332681, 18.84090131916392]]]}, "properties": {}}, {"type": "Feature", "geometry": {"type": "Polygon", "coordinates": [[[121.24405491542045, 18.851197412742177], [121.25239029173815, 18.85274707983955], [121.2649468409069, 18.85964697229713], [121.2607256680559, 18.87195999120069], [121.2607256680559, 18.882841062920367], [121.2607256680559, 18.88654750495888], [121.24795724521994, 18.884653101250308], [121.24405491542045, 18.875126956887193], [121.24069017631292, 18.85964697229713], [121.24405491542045, 18.851197412742177]]]}, "properties": {}}, {"type": "Feature", "geometry": {"type": "Polygon", "coordinates": [[[121.18570728119636, 18.883147355850976], [121.1940426575141, 18.88882078940917], [121.1940426575141, 18.89323008267869], [121.18570728119637, 18.90195592033639], [121.17744438641185, 18.917994606521205], [121.17733104519081, 18.917994606521205], [121.17660011077515, 18.901323853885756], [121.17737190487864, 18.888063027925742], [121.18570728119636, 18.883147355850976]]]}, "properties": {}}, {"type": "Feature", "geometry": {"type": "Polygon", "coordinates": [[[121.21071341014955, 18.983942142682032], [121.22144637059695, 18.984677617063006], [121.21071341014955, 18.98545905859279], [121.21071341014955, 18.983942142682032]]]}, "properties": {}}, {"type": "Feature", "geometry": {"type": "Polygon", "coordinates": [[[121.8608727629321, 18.98189915829043], [121.86087276293208, 18.988150690528723], [121.8608727629321, 18.98189915829043]]]}, "properties": {}}, {"type": "Feature", "geometry": {"type": "Polygon", "coordinates": [[[121.2357195391027, 19.017066507897596], [121.25180875385553, 19.018019122333907], [121.2554562894472, 19.026354498651635], [121.25239029173817, 19.041687309667143], [121.24906500869454, 19.051360627604804], [121.25043190665635, 19.068031380240257], [121.25005969577565, 19.084702132875705], [121.24823870162703, 19.101372885511154], [121.24405491542045, 19.11680840157662], [121.23888698210345, 19.12637901446433], [121.23571953910272, 19.13926095968263], [121.23461111138803, 19.151385143417507], [121.227384162785, 19.164096545084913], [121.21904878646727, 19.173697701952673], [121.20996185982582, 19.168055896052955], [121.20745174115567, 19.151385143417507], [121.20237803383183, 19.1363814660456], [121.19977322873252, 19.12637901446433], [121.19545122681805, 19.109708261828878], [121.19452856019596, 19.09303750919343], [121.19599397703469, 19.07636675655798], [121.18570728119637, 19.068088083480514], [121.18570728119637, 19.067976179072588], [121.19424187778867, 19.059696003922532], [121.20536627305796, 19.051360627604804], [121.21071341014954, 19.039544544692863], [121.22097233484828, 19.034689874969356], [121.23289626647897, 19.02635449865163], [121.2357195391027, 19.017066507897596]]]}, "properties": {}}, {"type": "Feature", "geometry": {"type": "Polygon", "coordinates": [[[113.89225300318705, 19.17305712184359], [113.89225300318705, 19.177149033854107], [113.89225300318705, 19.17305712184359]]]}, "properties": {}}, {"type": "Feature", "geometry": {"type": "Polygon", "coordinates": [[[121.51078695758764, 19.24764529573188], [121.5185658383409, 19.25974503554793], [121.52745771022309, 19.260189791700217], [121.54240102899885, 19.268080411865654], [121.53855943877008, 19.284751164501102], [121.53579308654082, 19.296823088823327], [121.53062877730049, 19.30975729345428], [121.5274577102231, 19.31873385256568], [121.52654887561037, 19.334763422407455], [121.53238645448053, 19.34309879872518], [121.5308178292054, 19.35976955136063], [121.52731834596752, 19.368104927678353], [121.52307151468936, 19.3847756803138], [121.51445419432977, 19.3847756803138], [121.50458190509762, 19.376440303996077], [121.4941162049522, 19.3705676524995], [121.47952929639618, 19.376440303996077], [121.46911007599901, 19.377874347233536], [121.45243932336356, 19.380785340627718], [121.44076979651875, 19.3847756803138], [121.4274331944104, 19.388808422296027], [121.41909781809267, 19.39359326848462], [121.41076244177495, 19.3926812873033], [121.3940916891395, 19.387367091964414], [121.39078598231616, 19.376440303996077], [121.38218400868561, 19.368104927678353], [121.36908556018633, 19.364782957775162], [121.35241480755087, 19.36510178963855], [121.34015690120127, 19.35976955136063], [121.35126510047256, 19.351434175042904], [121.36075018386859, 19.34560107984609], [121.36908556018632, 19.339960041037433], [121.37805868528082, 19.334763422407455], [121.38771955762569, 19.326428046089728], [121.38967215831575, 19.30975729345428], [121.3940916891395, 19.29454811832122], [121.39979484135688, 19.284751164501102], [121.41076244177495, 19.282835266598934], [121.4274331944104, 19.279537439385678], [121.43576857072811, 19.27385105700869], [121.44410394704585, 19.263448151002187], [121.4607746996813, 19.266994502169347], [121.4761986901728, 19.25974503554793], [121.48578082863449, 19.256503387138306], [121.50245158126992, 19.251601807135057], [121.51078695758764, 19.24764529573188]]]}, "properties": {}}, {"type": "Feature", "geometry": {"type": "Polygon", "coordinates": [[[121.51078695758764, 19.42027360134849], [121.51723346943106, 19.434787938220154], [121.51078695758764, 19.45007279790568], [121.50577055926829, 19.434787938220154], [121.51078695758764, 19.42027360134849]]]}, "properties": {}}, {"type": "Feature", "geometry": {"type": "Polygon", "coordinates": [[[121.95256190242706, 19.476299762851987], [121.96786097511496, 19.476464819808776], [121.97756803138024, 19.480705625303763], [121.98590340769795, 19.485864286720258], [121.99284535939076, 19.501470948761952], [121.99740927619433, 19.509806325079676], [121.99874288925695, 19.52647707771513], [121.99868026190762, 19.543147830350577], [121.99423878401569, 19.55819781536869], [121.98590340769796, 19.566655611043647], [121.97756803138024, 19.573997782917807], [121.9608972787448, 19.573283421653123], [121.95256190242705, 19.565268636732227], [121.94422652610935, 19.558327364884384], [121.9275557734739, 19.553048304620418], [121.91088502083844, 19.553791464725517], [121.90156901201274, 19.5514832066683], [121.89337610336389, 19.543147830350577], [121.89421426820299, 19.53328365165618], [121.90064393380581, 19.518141701397404], [121.90254964452072, 19.509359787062653], [121.91654880218255, 19.501470948761956], [121.92728689036687, 19.493135572444228], [121.93589114979162, 19.485746967620262], [121.94422652610935, 19.47854866388821], [121.95256190242706, 19.476299762851987]]]}, "properties": {}}, {"type": "Feature", "geometry": {"type": "Polygon", "coordinates": [[[122.14427555773474, 19.95290785502735], [122.14741642417331, 19.968252022554548], [122.14304419532418, 19.968252022554548], [122.14427555773474, 19.95290785502735]]]}, "properties": {}}, {"type": "Feature", "geometry": {"type": "Polygon", "coordinates": [[[121.85253738661437, 20.260173469321394], [121.86859678517676, 20.268325569992648], [121.87502351807615, 20.276660946310372], [121.88520959878615, 20.284996322628096], [121.88942382206963, 20.29333169894582], [121.89023556834434, 20.31000245158127], [121.88587889188527, 20.321229693152084], [121.87754351556754, 20.33163315336691], [121.86920813924984, 20.33852657288543], [121.86087276293209, 20.345332966009106], [121.85253738661439, 20.35414205799104], [121.83586663397892, 20.352152262322676], [121.82753125766119, 20.34418591405598], [121.81086050502574, 20.343387827253842], [121.802525128708, 20.33686088638283], [121.79471103922188, 20.32667320421672], [121.79759287284605, 20.31000245158127], [121.802525128708, 20.298147694151616], [121.81890279498054, 20.301667075263545], [121.82182810544379, 20.31000245158127], [121.81826351261722, 20.318337827898993], [121.81735403534044, 20.335008580534446], [121.82753125766119, 20.341150436768558], [121.83135733203655, 20.32667320421672], [121.83586663397892, 20.31034975892784], [121.83916369253438, 20.301667075263545], [121.8393391209296, 20.284996322628096], [121.84495142602441, 20.276660946310372], [121.85253738661437, 20.260173469321394]]]}, "properties": {}}, {"type": "Feature", "geometry": {"type": "Polygon", "coordinates": [[[121.77751899975485, 20.328122834880674], [121.79045642272433, 20.335008580534446], [121.7778335422574, 20.34334395685217], [121.77731190966, 20.34334395685217], [121.77751899975485, 20.328122834880674]]]}, "properties": {}}, {"type": "Feature", "geometry": {"type": "Polygon", "coordinates": [[[121.91922039715617, 20.343197722179927], [121.93589114979162, 20.342153188806783], [121.94526844814906, 20.34334395685217], [121.95725486495215, 20.351679333169894], [121.9608972787448, 20.36237619775935], [121.97609664989865, 20.368350085805346], [121.9826540237097, 20.37668546212307], [121.97791776744951, 20.39335621475852], [121.96923265506251, 20.39886956411525], [121.96862899224334, 20.410026967393968], [121.97744845920369, 20.418362343711696], [121.98581517464821, 20.42669772002942], [121.99359760122202, 20.435033096347144], [122.00257416033341, 20.43928250388167], [122.01090953665114, 20.4436325679835], [122.02758028928659, 20.4515265005503], [122.03591566560432, 20.458776289494608], [122.03897954498707, 20.468374601618045], [122.03401249425012, 20.47670997793577], [122.02437437531825, 20.485045354253494], [122.01090953665116, 20.488373897064193], [121.99423878401569, 20.485898389841566], [121.98590340769796, 20.477986326497057], [121.97674623371512, 20.47670997793577], [121.9608972787448, 20.47028958562605], [121.95752203006771, 20.46003922530032], [121.9608972787448, 20.449418342572898], [121.9608972787448, 20.437150105022376], [121.95256190242706, 20.428301786525015], [121.94422652610935, 20.418918035466213], [121.93589114979162, 20.413267283942517], [121.9275557734739, 20.405080291139328], [121.92444815934141, 20.39335621475852], [121.91735909953181, 20.385020838440795], [121.91083018283635, 20.37668546212307], [121.91360566594855, 20.368350085805346], [121.90995886791423, 20.360014709487622], [121.91357819578342, 20.351679333169894], [121.91922039715617, 20.343197722179927]]]}, "properties": {}}, {"type": "Feature", "geometry": {"type": "Polygon", "coordinates": [[[116.7512870801667, 20.584540639823796], [116.75962245648444, 20.58840402059328], [116.75962245648444, 20.596183705156495], [116.75070008183448, 20.593405246383917], [116.7512870801667, 20.584540639823796]]]}, "properties": {}}, {"type": "Feature", "geometry": {"type": "Polygon", "coordinates": [[[116.80963471439077, 20.583124948925388], [116.82463839176269, 20.585069870066192], [116.83464084334396, 20.592293862874886], [116.84591811718559, 20.585069870066192], [116.85964697229713, 20.58477217805485], [116.86641946555528, 20.593405246383917], [116.86890850153904, 20.601740622701644], [116.86798234861486, 20.61424368717823], [116.85131159597941, 20.614839071200926], [116.8440181417014, 20.601740622701644], [116.83464084334395, 20.59896216392907], [116.82838931110565, 20.61007599901937], [116.81797009070851, 20.612159843098798], [116.80963471439078, 20.607297540246794], [116.80129933807305, 20.6000735474381], [116.79157473236904, 20.593405246383917], [116.80129933807305, 20.587848328838767], [116.80963471439077, 20.583124948925388]]]}, "properties": {}}, {"type": "Feature", "geometry": {"type": "Polygon", "coordinates": [[[116.89298847756803, 20.61507722481], [116.90410231265834, 20.618411375337097], [116.90283937685261, 20.63508212797254], [116.89298847756803, 20.639249816131407], [116.88632017651386, 20.626746751654814], [116.89298847756803, 20.61507722481]]]}, "properties": {}}, {"type": "Feature", "geometry": {"type": "Polygon", "coordinates": [[[116.80963471439078, 20.622579063495955], [116.81519163193593, 20.635082127972545], [116.80963471439077, 20.64579904038105], [116.80129933807305, 20.639249816131407], [116.80129933807305, 20.63091443981368], [116.80963471439078, 20.622579063495955]]]}, "properties": {}}, {"type": "Feature", "geometry": {"type": "Polygon", "coordinates": [[[116.70961019857808, 20.63312086295661], [116.72032711098659, 20.635082127972545], [116.71794557489582, 20.64897442183542], [116.70888538324611, 20.64341750429027], [116.70961019857808, 20.63312086295661]]]}, "properties": {}}, {"type": "Feature", "geometry": {"type": "Polygon", "coordinates": [[[115.30093160088255, 20.659942022253478], [115.30093160088258, 20.66072943971939], [115.30093160088255, 20.659942022253478]]]}, "properties": {}}, {"type": "Feature", "geometry": {"type": "Polygon", "coordinates": [[[116.9179946065212, 20.65800441284629], [116.9293069029524, 20.660088256925718], [116.9287115189297, 20.676759009561167], [116.9191853745666, 20.676759009561167], [116.91572132207091, 20.668423633243442], [116.9179946065212, 20.65800441284629]]]}, "properties": {}}, {"type": "Feature", "geometry": {"type": "Polygon", "coordinates": [[[116.87631772493258, 20.672591321402304], [116.87631772493258, 20.68092669772003], [116.87631772493258, 20.672591321402304]]]}, "properties": {}}, {"type": "Feature", "geometry": {"type": "Polygon", "coordinates": [[[116.68460406962491, 20.68301054179946], [116.68460406962491, 20.689262074037757], [116.68460406962491, 20.68301054179946]]]}, "properties": {}}, {"type": "Feature", "geometry": {"type": "Polygon", "coordinates": [[[121.79418975239031, 20.69118749722226], [121.81086050502574, 20.68679141742033], [121.82420964153457, 20.69342976219662], [121.83287677073452, 20.701765138514343], [121.84420201029664, 20.705585519326632], [121.85253738661436, 20.716672638467195], [121.85720427654722, 20.726771267467516], [121.8603153991069, 20.743442020102968], [121.86754106398628, 20.751777396420692], [121.87754351556755, 20.759051906661618], [121.87754351556754, 20.76318370085547], [121.87605466167017, 20.776783525373865], [121.87754351556754, 20.785569755007124], [121.88533484280542, 20.80178965432704], [121.88276732236733, 20.81846040696249], [121.87431625800241, 20.826795783280218], [121.86430561055974, 20.835131159597942], [121.85253738661437, 20.83702556330652], [121.84420201029664, 20.82995088516938], [121.8336474753489, 20.826795783280218], [121.82826759834515, 20.810125030644762], [121.82753125766119, 20.795698417787168], [121.81919588134346, 20.785317363032487], [121.81636967649288, 20.776783525373865], [121.81086050502574, 20.761721354133066], [121.80252512870801, 20.75446411758842], [121.7941897523903, 20.747012055063593], [121.78585437607256, 20.735819069111542], [121.7842497046959, 20.726771267467516], [121.78585437607256, 20.710215453837908], [121.78878318012653, 20.701765138514343], [121.79418975239031, 20.69118749722226]]]}, "properties": {}}, {"type": "Feature", "geometry": {"type": "Polygon", "coordinates": [[[116.72628095121354, 20.70001378767941], [116.72628095121352, 20.704060387119267], [116.72628095121354, 20.70001378767941]]]}, "properties": {}}, {"type": "Feature", "geometry": {"type": "Polygon", "coordinates": [[[116.80963471439078, 20.7000980632508], [116.80963471439078, 20.705932826673205], [116.80963471439078, 20.7000980632508]]]}, "properties": {}}, {"type": "Feature", "geometry": {"type": "Polygon", "coordinates": [[[116.84297621966168, 20.696208220969194], [116.85686851352455, 20.701765138514343], [116.86589850453542, 20.710100514832067], [116.87631772493256, 20.714647083732643], [116.87831821524883, 20.726771267467516], [116.87353926616001, 20.735106643785244], [116.87631772493259, 20.747146631799733], [116.87949310638696, 20.760112772738417], [116.87909618370516, 20.776783525373865], [116.86798234861486, 20.77804646117958], [116.85131159597941, 20.77733921712838], [116.85131159597941, 20.772615837215003], [116.85297867124297, 20.760112772738417], [116.85964697229713, 20.746220478875543], [116.85964697229713, 20.740663561330393], [116.85131159597941, 20.731772493258156], [116.84297621966168, 20.722603579308654], [116.83741930211653, 20.710100514832067], [116.84297621966168, 20.696208220969194]]]}, "properties": {}}, {"type": "Feature", "geometry": {"type": "Polygon", "coordinates": [[[121.91922039715617, 20.699264525619025], [121.93589114979162, 20.699239434344], [121.94046216261103, 20.710100514832067], [121.9275557734739, 20.71498962206491], [121.91922039715617, 20.702203842531066], [121.91922039715617, 20.699264525619025]]]}, "properties": {}}, {"type": "Feature", "geometry": {"type": "Polygon", "coordinates": [[[116.70961019857808, 20.707322056059496], [116.7197978807442, 20.710100514832067], [116.70961019857808, 20.71426820299093], [116.70961019857808, 20.707322056059496]]]}, "properties": {}}, {"type": "Feature", "geometry": {"type": "Polygon", "coordinates": [[[116.92632998283894, 20.717930716827507], [116.93466535915664, 20.72481000245158], [116.94100024515812, 20.735106643785244], [116.94473727220725, 20.743442020102968], [116.94300073547439, 20.755566203837837], [116.92632998283894, 20.75969600392253], [116.91839152920299, 20.743442020102968], [116.91770717975163, 20.735106643785244], [116.9179946065212, 20.723437116940424], [116.92632998283894, 20.717930716827507]]]}, "properties": {}}, {"type": "Feature", "geometry": {"type": "Polygon", "coordinates": [[[116.68460406962491, 20.722603579308654], [116.68460406962491, 20.72736665149021], [116.68460406962491, 20.722603579308654]]]}, "properties": {}}, {"type": "Feature", "geometry": {"type": "Polygon", "coordinates": [[[116.71794557489581, 20.730938955626378], [116.73461632753126, 20.72954972624009], [116.74461877911254, 20.735106643785244], [116.74628585437608, 20.751777396420692], [116.75962245648444, 20.754555855193267], [116.7762932091199, 20.753444471684237], [116.77999782081665, 20.76844814905614], [116.7762932091199, 20.781546597555423], [116.75962245648444, 20.781271804929563], [116.75040967213326, 20.776783525373865], [116.742951703849, 20.761303540783807], [116.73461632753126, 20.75490316253984], [116.72107134101496, 20.751777396420692], [116.71701942197161, 20.743442020102968], [116.71794557489581, 20.730938955626378]]]}, "properties": {}}, {"type": "Feature", "geometry": {"type": "Polygon", "coordinates": [[[121.90254964452072, 20.8953710472549], [121.90254964452072, 20.90985438440416], [121.90254964452072, 20.8953710472549]]]}, "properties": {}}, {"type": "Feature", "geometry": {"type": "Polygon", "coordinates": [[[121.9275557734739, 20.921692893103405], [121.9275557734739, 20.93229913797728], [121.91922039715617, 20.93831192909189], [121.91922039715617, 20.927676526760045], [121.9275557734739, 20.921692893103405]]]}, "properties": {}}, {"type": "Feature", "geometry": {"type": "Polygon", "coordinates": [[[121.93589114979162, 21.060285550846963], [121.93755822505517, 21.07685707281197], [121.93493605458855, 21.076857072811965], [121.93589114979162, 21.060285550846963]]]}, "properties": {}}, {"type": "Feature", "geometry": {"type": "Polygon", "coordinates": [[[121.95256190242708, 21.102030126288792], [121.95364748371419, 21.11853395440059], [121.9486810592022, 21.11853395440059], [121.95256190242708, 21.102030126288792]]]}, "properties": {}}, {"type": "Feature", "geometry": {"type": "Polygon", "coordinates": [[[111.5333415052709, 21.505808361777962], [111.55001225790635, 21.508907411947376], [111.55834763422408, 21.512722066075845], [111.5666830105418, 21.522353167856593], [111.57828152605398, 21.52696739396911], [111.59168913949497, 21.53277372921857], [111.60835989213042, 21.530548651270486], [111.61669526844815, 21.52339508983294], [111.62919833292474, 21.518632017651385], [111.64170139740133, 21.5117958097087], [111.65003677371905, 21.525925471929394], [111.65837215003677, 21.527048714713672], [111.67123244492697, 21.535302770286833], [111.67207305365481, 21.551973522922285], [111.67921059083108, 21.560308899240013], [111.67096492983032, 21.568644275557737], [111.67504290267222, 21.58384518084319], [111.68337827898995, 21.592563181512947], [111.69171365530768, 21.600763707809076], [111.70004903162538, 21.607336593022755], [111.71671978426085, 21.60793962105558], [111.72505516057856, 21.616812040680138], [111.74172591321403, 21.614267831560603], [111.75839666584947, 21.614951921767315], [111.77506741848492, 21.611710386532646], [111.77684347929082, 21.626991909781808], [111.76673204216719, 21.629346259357767], [111.75839666584947, 21.64267505859484], [111.75839666584947, 21.64598449431615], [111.76673204216719, 21.641876510349174], [111.77506741848492, 21.651674484400363], [111.78340279480265, 21.660124942317896], [111.78381611926376, 21.668668791370436], [111.77573808093676, 21.67700416768816], [111.79098903034064, 21.67700416768816], [111.79205490741008, 21.67700416768816], [111.80007354743812, 21.692005038471844], [111.8000735474381, 21.6948860434281], [111.79173817112036, 21.7055826007775], [111.78340279480265, 21.714622553888926], [111.77506741848492, 21.71898976691818], [111.76294323475005, 21.72701642559451], [111.75006128953174, 21.727334263719808], [111.7333905368963, 21.727232928870777], [111.71683569973678, 21.735351801912234], [111.7085100668826, 21.74368717822996], [111.70838440794313, 21.75243932336357], [111.69213569968417, 21.76035793086541], [111.70838440794313, 21.768210971726578], [111.71671978426086, 21.759213859606117], [111.72505516057856, 21.76748635791912], [111.7333905368963, 21.760170889541186], [111.75006128953174, 21.76021960562802], [111.75839666584947, 21.76854402695128], [111.76742145333846, 21.768693307183135], [111.77506741848494, 21.7852197411814], [111.78330531305322, 21.768693307183135], [111.79166010203666, 21.76035793086541], [111.79155735266676, 21.74368717822996], [111.79859783927897, 21.735351801912234], [111.8000735474381, 21.72690817395402], [111.8084089237558, 21.734837824285727], [111.81647401067211, 21.718681049276782], [111.81591151269102, 21.702010296641333], [111.82384912136523, 21.69367492032361], [111.82507967639128, 21.68405446670301], [111.833415052709, 21.69214489066534], [111.84175042902672, 21.684891647804182], [111.85008580534445, 21.674011981309526], [111.85008580534445, 21.666584947291007], [111.84175042902672, 21.65934268093306], [111.833415052709, 21.648581900979963], [111.82674675165481, 21.635327286099535], [111.83460582075438, 21.626991909781808], [111.84239161182039, 21.618656533464083], [111.84175042902672, 21.607542698373784], [111.82507967639127, 21.605690392525403], [111.81674430007355, 21.597818092669772], [111.81674430007354, 21.58809348696576], [111.81674430007355, 21.58490842447037], [111.80840892375582, 21.576578912614718], [111.80364585157426, 21.560308899240013], [111.81674430007354, 21.55523519191618], [111.82507967639127, 21.56068343874269], [111.833415052709, 21.568794923959], [111.84175042902672, 21.56712875259088], [111.85842118166217, 21.560453975839998], [111.86940872317192, 21.568644275557737], [111.87509193429763, 21.582020286246355], [111.88342731061533, 21.58861834766295], [111.89640166576284, 21.59365040451091], [111.90536520292306, 21.601985780828635], [111.91676881588624, 21.6044518684131], [111.93343956852169, 21.604259065278924], [111.94344202010296, 21.601985780828635], [111.95844569747487, 21.60013347498025], [111.9667810737926, 21.603740596895527], [111.97720029418976, 21.61032115714636], [111.98789736046416, 21.618656533464083], [111.99397414553275, 21.618656533464083], [112.00845795538122, 21.61476669118248], [112.01679333169895, 21.622824221622945], [112.02267712674674, 21.635327286099535], [112.01679333169895, 21.651303424041842], [112.00845795538122, 21.65824957097328], [112.0001225790635, 21.664180511814738], [111.98345182642805, 21.668147830350577], [111.9667810737926, 21.661722644439], [111.9556672387023, 21.660333415052712], [111.94177494483944, 21.654776497507562], [111.93185890294421, 21.660333415052712], [111.92510419220397, 21.668906944979515], [111.91632407119135, 21.668668791370433], [111.90565498079596, 21.660333415052712], [111.89176268693306, 21.654498651630302], [111.87509193429764, 21.657554956280137], [111.86860886382829, 21.668668791370436], [111.88342731061535, 21.676607245006366], [111.89210137040811, 21.677004167688164], [111.90843343956853, 21.68480813126736], [111.91676881588624, 21.69324037462987], [111.92577925712943, 21.69367492032361], [111.9257717439949, 21.710345672959058], [111.94177494483941, 21.71777967634023], [111.95011032115715, 21.72568556723677], [111.95844569747487, 21.73274914659836], [111.9667810737926, 21.742327012261704], [111.97511645011032, 21.74995437849132], [111.98468318880013, 21.752022554547686], [112.00012257906351, 21.758215256103483], [112.0084579553812, 21.766311771092354], [112.02512870801667, 21.763136389637985], [112.0334640843344, 21.775646697204998], [112.05013483696985, 21.77403649716306], [112.05013483696985, 21.77841791286743], [112.03346408433441, 21.782145767845492], [112.01791817483416, 21.785364059818587], [112.0334640843344, 21.78646662283192], [112.05013483696985, 21.792675793413146], [112.05847021328756, 21.78238560917462], [112.07514096592303, 21.7826275928259], [112.08347634224074, 21.787745595909364], [112.09934018525574, 21.793699436136308], [112.10848247119392, 21.799288289958554], [112.12515322382937, 21.80089803390169], [112.13348860014709, 21.80799717039475], [112.15015935278254, 21.808965409972195], [112.166830105418, 21.808591367064437], [112.18150036773719, 21.802034812454032], [112.1785517283648, 21.785364059818583], [112.17560418575245, 21.768693307183135], [112.18350085805346, 21.757579472092836], [112.18493799190134, 21.74368717822996], [112.2001716106889, 21.739140609329382], [112.20850698700661, 21.730047471528227], [112.22501186150639, 21.735351801912234], [112.22633313427028, 21.735351801912234], [112.23030720199145, 21.718681049276782], [112.2342757304232, 21.710345672959058], [112.25018386859524, 21.702124105715075], [112.25851924491297, 21.700694184591164], [112.27518999754842, 21.694410394704587], [112.29186075018387, 21.696239651498292], [112.30714227343303, 21.702010296641333], [112.31686687913702, 21.708213367389405], [112.32520225545477, 21.71677582040416], [112.34002070224183, 21.710345672959058], [112.3446514668628, 21.710345672959058], [112.35020838440795, 21.71932695214313], [112.3668791370434, 21.720533355125166], [112.38354988967885, 21.721459508049357], [112.39188526599656, 21.7273172504743], [112.4002206423143, 21.735576778335698], [112.40855601863201, 21.751417048077805], [112.41689139494974, 21.75619024270655], [112.42383754188117, 21.768693307183135], [112.42326550625152, 21.785364059818583], [112.41679476411144, 21.793699436136308], [112.40962518891835, 21.810370188771756], [112.41594580490282, 21.82704094140721], [112.40809077751229, 21.835376317724933], [112.40050949198394, 21.852047070360385], [112.40046766500511, 21.868717822995833], [112.40152448880002, 21.885388575631282], [112.39674257214556, 21.893723951949006], [112.40522186810492, 21.90205932826673], [112.39290088266148, 21.91039470458446], [112.39188526599656, 21.918901856662295], [112.38381932639373, 21.93540083353763], [112.3999695145856, 21.935400833537635], [112.4002206423143, 21.92683193323632], [112.40679039698576, 21.91039470458446], [112.41393368073113, 21.90205932826673], [112.42473503535142, 21.893723951949006], [112.4166598567187, 21.885388575631282], [112.41689139494974, 21.876707595210455], [112.41689139494974, 21.86065253989051], [112.41657278008144, 21.85204707036039], [112.41689139494974, 21.838750963968323], [112.42280300937446, 21.82704094140721], [112.43052467991187, 21.818705565089484], [112.44189752390292, 21.81700814491252], [112.45023290022064, 21.805240726392988], [112.4669036528561, 21.808236729330698], [112.48241518101585, 21.802034812454032], [112.48820517008184, 21.793699436136308], [112.4970235096265, 21.785364059818583], [112.50858053444472, 21.785043468433056], [112.524940651926, 21.77702868350086], [112.5335866633979, 21.776483378505944], [112.53665759151494, 21.76035793086541], [112.54192203971562, 21.74577102230939], [112.55859279235108, 21.746251909404645], [112.57526354498651, 21.744774401227925], [112.59193429762196, 21.749938710468253], [112.60026967393969, 21.754404090638463], [112.6086050502574, 21.765121003046964], [112.62249734412029, 21.768693307183135], [112.62527580289287, 21.782622895758827], [112.63916809675574, 21.785364059818583], [112.64981113962047, 21.793699436136308], [112.64969327532009, 21.810370188771756], [112.65769115523958, 21.818705565089484], [112.65845698163851, 21.835376317724933], [112.65980807620917, 21.84371169404266], [112.67528806079922, 21.844013591041335], [112.69129357987558, 21.852047070360385], [112.699103421707, 21.86038244667811], [112.70711404310325, 21.868717822995833], [112.70278701253733, 21.885388575631282], [112.71696494238785, 21.89341523430761], [112.7336356950233, 21.885513731434717], [112.75004107432675, 21.893723951949006], [112.75671827559545, 21.90205932826673], [112.75030644765874, 21.915659152785125], [112.75030644765874, 21.92560259375949], [112.75864182397645, 21.935115199274527], [112.76697720029419, 21.94338449710983], [112.77638717217712, 21.94373620985536], [112.79198332924736, 21.946404384112334], [112.80865408188282, 21.94929312740051], [112.82532483451827, 21.95171264650939], [112.833660210836, 21.959355935023716], [112.84199558715372, 21.950670799148995], [112.85033096347144, 21.959851270736294], [112.86420479583177, 21.952071586173084], [112.85033096347144, 21.94428671169851], [112.84351111012057, 21.935400833537635], [112.85033096347145, 21.924286998447332], [112.85866633978917, 21.914691290320526], [112.86000980952664, 21.90205932826673], [112.86700171610688, 21.88610467323196], [112.88367246874233, 21.88543231711126], [112.88378953863946, 21.877053199313558], [112.8844687788957, 21.86038244667811], [112.9003432213778, 21.852251418880382], [112.90867859769551, 21.84602707635314], [112.91701397401324, 21.853039377034833], [112.92737004758588, 21.86038244667811], [112.93368472664869, 21.869378836203182], [112.94202010296641, 21.861970137405297], [112.95035547928414, 21.868801076852098], [112.95869085560187, 21.87894760298107], [112.97536160823731, 21.879014464329494], [112.98369698455504, 21.89094549317643], [112.9918360496034, 21.90205932826673], [112.99203236087277, 21.916646236822753], [113.00592465473565, 21.918730080902183], [113.0153714145624, 21.927065457219907], [113.02088558658797, 21.935400833537635], [113.0309307836888, 21.94373620985536], [113.03342978193373, 21.960406962490808], [113.02537386614367, 21.97429925635368], [113.02128789728405, 21.98541309144398], [113.03370924246138, 21.986262484395734], [113.03871046825202, 22.002083844079433], [113.02537386614367, 22.004590285938395], [113.01807128364624, 22.01875459671488], [113.01681838482057, 22.02708997303261], [113.01078695758765, 22.043760725668058], [113.00870311350823, 22.054911361501937], [113.00036773719049, 22.060784052064083], [113.00036773719049, 22.07676241944049], [113.0087031135082, 22.067073212446452], [113.01230248052883, 22.077102230938955], [113.01703848982594, 22.090994524801832], [113.01981694859852, 22.102108359892135], [113.01703848982594, 22.11113197829722], [113.01703848982594, 22.126724445224678], [113.02537386614367, 22.13495033028086], [113.03952637815621, 22.135449865163032], [113.04204461877912, 22.147132782157783], [113.05831844872714, 22.143785241480757], [113.05454768325569, 22.127114488845308], [113.05454768325569, 22.110443736209856], [113.05454768325569, 22.093772983574407], [113.06288305957342, 22.093772983574407], [113.07121843589115, 22.10210835989213], [113.06705074773228, 22.114611424368718], [113.06288305957342, 22.127114488845308], [113.06705074773228, 22.13766084032481], [113.07942491463167, 22.143785241480757], [113.0725118563306, 22.15212061779848], [113.0787599668664, 22.160455994116205], [113.07710612228773, 22.177126746751654], [113.08253917751779, 22.193797499387106], [113.09205687668546, 22.19726949217613], [113.10318935913219, 22.193797499387106], [113.10872762932092, 22.182683664296803], [113.11428454686607, 22.16879137043393], [113.12325264157658, 22.1604559941162], [113.12890064092042, 22.15212061779848], [113.13091849875794, 22.135449865163032], [113.11706300563864, 22.1280406417695], [113.11706300563864, 22.124336030072733], [113.11706300563863, 22.113435922588486], [113.10673094222967, 22.11044373620986], [113.1063249051816, 22.093772983574407], [113.10651220629816, 22.077102230938955], [113.10474114499505, 22.060431478303506], [113.11291626061629, 22.052096101985782], [113.12177225784629, 22.043760725668058], [113.12539838195636, 22.032684185290577], [113.1337337582741, 22.040982266895483], [113.1337337582741, 22.029868431805184], [113.1337337582741, 22.024311514260035], [113.14206913459181, 22.01382141474634], [113.145471328941, 22.002083844079433], [113.15406037776143, 21.993748467761705], [113.15873988722726, 21.982400433133243], [113.16429938549693, 21.968742338808532], [113.15873988722726, 21.959471304478413], [113.15217262103754, 21.94373620985536], [113.14775234571754, 21.94373620985536], [113.13373375827409, 21.94790389801422], [113.12539838195636, 21.95832311841138], [113.12539838195636, 21.946355899555215], [113.12706545721991, 21.935400833537635], [113.12539838195636, 21.926139304295717], [113.11706300563864, 21.916646236822753], [113.10973797796548, 21.90205932826673], [113.12539838195636, 21.894765873988725], [113.13581760235351, 21.90205932826673], [113.14996580689281, 21.91039470458446], [113.15646660277696, 21.918730080902183], [113.15383672468742, 21.935400833537635], [113.16573084800987, 21.94373620985536], [113.16707526354499, 21.95707281196372], [113.17541063986272, 21.949987742093654], [113.19208139249817, 21.950682356786796], [113.20041676881588, 21.954949161407665], [113.20875214513362, 21.965600343312406], [113.21483636140273, 21.95207158617308], [113.22542289776906, 21.94929312740051], [113.22542289776906, 21.939887928979807], [113.21708752145132, 21.92956169079715], [113.2124837070233, 21.918730080902183], [113.21708752145135, 21.9070788606684], [113.22542289776906, 21.8999754841873], [113.23375827408678, 21.887840156901202], [113.2450943858789, 21.885388575631282], [113.25876440303996, 21.87774897365715], [113.26996506496691, 21.885388575631282], [113.28343711694043, 21.893723951949006], [113.29105743327719, 21.90205932826673], [113.29210590831086, 21.91456239274332], [113.29210590831084, 21.924286998447332], [113.2884012966141, 21.935400833537635], [113.28284437906895, 21.94373620985536], [113.27181557536287, 21.952071586173084], [113.25876440303996, 21.956019922323584], [113.24376833787662, 21.960406962490808], [113.25168416063397, 21.968742338808532], [113.25042902672224, 21.978718010089928], [113.24209365040453, 21.98708016670753], [113.23375827408678, 21.97893002097464], [113.23375827408678, 21.991403608298903], [113.24209365040451, 22.0], [113.25042902672223, 22.006714608700392], [113.25793086540818, 22.01875459671488], [113.25281056281301, 22.035425349350334], [113.2670997793577, 22.043030619728107], [113.26775278117778, 22.052096101985782], [113.27960284383428, 22.060431478303506], [113.28739460872816, 22.060431478303506], [113.28377053199314, 22.05107209996435], [113.28301277050971, 22.035425349350334], [113.28377053199314, 22.025166424592797], [113.28940254305945, 22.010419220397157], [113.29329653028671, 22.002083844079433], [113.30877666094631, 21.994269400805486], [113.32544741358176, 21.994035886024623], [113.3421181662172, 21.997221143673215], [113.35045354253492, 21.987265397292365], [113.36712429517038, 21.989698631982993], [113.37545967148813, 21.999399570372834], [113.38379504780583, 22.0044263385531], [113.39213042412356, 22.000694614693145], [113.40046580044128, 22.002284213709807], [113.41546947781319, 22.010419220397157], [113.40880117675901, 22.02042167197843], [113.39213042412356, 22.02153305548746], [113.39213042412356, 22.02823102389005], [113.39910381082142, 22.043760725668058], [113.40404715983914, 22.052096101985782], [113.40880117675901, 22.060908330508084], [113.42547192939446, 22.06320993707608], [113.44118374496254, 22.060431478303506], [113.45047805834763, 22.059159980229296], [113.45930375091935, 22.060431478303506], [113.4511034257535, 22.068766854621234], [113.45047805834763, 22.078313353974313], [113.44285888438097, 22.093772983574407], [113.4343629974667, 22.102108359892135], [113.43380730571218, 22.11097862665756], [113.42600681984216, 22.127114488845308], [113.42718141034788, 22.143785241480757], [113.41854502389472, 22.152120617798484], [113.41019866550769, 22.160455994116205], [113.40132550292878, 22.16879137043393], [113.40046580044128, 22.179438364176523], [113.39324049397308, 22.193797499387106], [113.38689370064614, 22.193797499387106], [113.37545967148813, 22.187668546276775], [113.37323079792459, 22.177126746751654], [113.3754596714881, 22.165260245556553], [113.3754596714881, 22.15381425997326], [113.36712429517038, 22.164560215004148], [113.35878891885264, 22.158570162402665], [113.35045354253494, 22.16418619015396], [113.3421181662172, 22.17625204678521], [113.33378278989949, 22.179529470890976], [113.3231384450056, 22.185462123069378], [113.33378278989947, 22.19223885175999], [113.3445628171873, 22.193797499387106], [113.33378278989947, 22.19535614701422], [113.32961510174061, 22.210468252022558], [113.3233994095389, 22.218803628340282], [113.32013825666732, 22.23547438097573], [113.30877666094631, 22.240640412680207], [113.30346750403186, 22.25214513361118], [113.30044128462859, 22.263824642992482], [113.29960774699681, 22.277151262564352], [113.30716596026795, 22.28548663888208], [113.31711203726404, 22.289095026987795], [113.31711203726404, 22.294221844658686], [113.30491769036921, 22.30215739151753], [113.31148002619771, 22.310492767835257], [113.32145337905845, 22.310492767835257], [113.32544741358177, 22.297027929138764], [113.33378278989949, 22.288888833231262], [113.3421181662172, 22.279581401385197], [113.3421181662172, 22.27392049660347], [113.33378278989949, 22.26648104689828], [113.3223544123931, 22.260480509928904], [113.32219458384355, 22.243809757293455], [113.32870024331994, 22.243809757293455], [113.33475568872367, 22.252145133611183], [113.35002970984081, 22.25214513361118], [113.33807937563554, 22.243809757293455], [113.3421181662172, 22.234173077485817], [113.35653775880405, 22.227139004658003], [113.36420150080173, 22.218803628340282], [113.36712429517038, 22.208129549376423], [113.36889638310441, 22.218803628340282], [113.37618717437167, 22.22713900465801], [113.37545967148812, 22.235867701804562], [113.35878891885264, 22.23866446328531], [113.35878891885267, 22.248545766590553], [113.36619814224619, 22.260480509928904], [113.37545967148812, 22.262596087643793], [113.37545967148812, 22.257883819518103], [113.37545967148812, 22.25135145924884], [113.38971755196852, 22.25214513361118], [113.39213042412358, 22.26658529254472], [113.39213042412356, 22.270146744636264], [113.39213042412356, 22.277563089462177], [113.40046580044128, 22.274665273143903], [113.408801176759, 22.266747710106003], [113.41713655307673, 22.256881142908277], [113.41713655307672, 22.247270644475318], [113.40880117675901, 22.252762568881195], [113.40046580044128, 22.249114087706793], [113.38942705887214, 22.243809757293455], [113.39213042412356, 22.23504848584229], [113.40046580044128, 22.224013238461232], [113.40880117675901, 22.21734278915802], [113.41619943977334, 22.20213287570483], [113.41802915095279, 22.193797499387106], [113.42547192939446, 22.179286636901654], [113.43268246257698, 22.16879137043393], [113.43745988627052, 22.16879137043393], [113.45047805834763, 22.173527379731027], [113.45270082536568, 22.160455994116205], [113.4671488109831, 22.156335725878016], [113.46714881098309, 22.145465626713776], [113.45256190242705, 22.15212061779848], [113.4466892510126, 22.160455994116205], [113.44021913359009, 22.160455994116205], [113.44214268202991, 22.14775446825366], [113.44818280981724, 22.135449865163032], [113.45350910428135, 22.127114488845308], [113.46374846518503, 22.118779112527584], [113.46409552680814, 22.10210835989213], [113.46159189343794, 22.08543760725668], [113.47085342267985, 22.077102230938955], [113.48024725948235, 22.06876685462123], [113.49215493993626, 22.067555731585873], [113.50542349822253, 22.06876685462123], [113.51090953665114, 22.06876685462123], [113.52341260112772, 22.06876685462123], [113.53174797744546, 22.077102230938955], [113.5421671978426, 22.0774666986264], [113.54966903652857, 22.093772983574404], [113.55050257416033, 22.10266405164665], [113.56532102094741, 22.110443736209856], [113.57321245616588, 22.118779112527584], [113.58384407943123, 22.1193348042821], [113.58622561552201, 22.135449865163032], [113.59688681192921, 22.143785241480757], [113.58856324034444, 22.15212061779848], [113.58384407943123, 22.16566950659434], [113.56717332679578, 22.16865230843011], [113.55050257416033, 22.168178024133404], [113.53383182152488, 22.164623682275067], [113.51882814415298, 22.16879137043393], [113.52549644520715, 22.182683664296803], [113.54125920480985, 22.185462123069378], [113.55050257416033, 22.186276920399848], [113.55883795047808, 22.197007528793478], [113.56560357605989, 22.210468252022558], [113.5555258805017, 22.218803628340282], [113.55883795047806, 22.22749675069156], [113.57550870311351, 22.22991746343058], [113.58384407943123, 22.23793077875322], [113.58972546862307, 22.25214513361118], [113.58384407943123, 22.268033221775617], [113.57550870311351, 22.275960494518962], [113.57448721089861, 22.28548663888208], [113.57372478090808, 22.30215739151753], [113.58384407943123, 22.302536272259246], [113.59694252793051, 22.310492767835257], [113.60561316909767, 22.31882814415298], [113.60036391089363, 22.327163520470705], [113.60051483206668, 22.33966658494729], [113.60885020838441, 22.346617370369742], [113.62122437523979, 22.352169649423878], [113.62431642688317, 22.368840402059327], [113.61718558470213, 22.38359119301673], [113.60051483206666, 22.380402650292204], [113.59217945574898, 22.389266653896854], [113.57550870311351, 22.390895955374617], [113.56221179329447, 22.393846531012503], [113.56383917626869, 22.410517283647955], [113.57330357708685, 22.41885265996568], [113.56717332679578, 22.433562147563705], [113.55508327650946, 22.43552341260113], [113.55883795047808, 22.449587569841604], [113.57105128263412, 22.452194165236577], [113.5639425608349, 22.4605295415543], [113.5689194727483, 22.468864917872033], [113.56138487101, 22.477200294189753], [113.55641134888953, 22.485535670507478], [113.56717332679577, 22.49254018843557], [113.58384407943123, 22.487883663867954], [113.58384407943123, 22.498542521426412], [113.5671733267958, 22.496897266228473], [113.56717332679578, 22.502975369286876], [113.5755087031135, 22.51625096128948], [113.58384407943123, 22.52098206876763], [113.59217945574896, 22.52860178148239], [113.60051483206668, 22.539455136004538], [113.60449353192534, 22.527212552096103], [113.61222485462778, 22.51887717577838], [113.61718558470213, 22.505449760165344], [113.61992674876188, 22.51887717577838], [113.61457261411647, 22.527212552096103], [113.62296409711124, 22.535547928413827], [113.62138771653221, 22.552218681049276], [113.61718558470213, 22.563921986596824], [113.60885020838441, 22.574698938354523], [113.60051483206668, 22.582521774546763], [113.58384407943123, 22.581184660628363], [113.56717332679578, 22.58169525141406], [113.56717332679578, 22.590949438266357], [113.57550870311351, 22.600484793003112], [113.58540272703098, 22.60223093895563], [113.57720763328817, 22.610566315273353], [113.57550870311351, 22.620100615549934], [113.56717332679578, 22.630809372044965], [113.55883795047806, 22.637446288522966], [113.55883795047806, 22.648318072504868], [113.57048101583578, 22.64390782054425], [113.57550870311353, 22.63288434174923], [113.58384407943123, 22.624449363025988], [113.59026578690847, 22.61056631527335], [113.59494553832502, 22.610566315273353], [113.60761884601233, 22.610566315273353], [113.61639353539114, 22.60223093895563], [113.62415108028316, 22.593895562637904], [113.62508641533728, 22.577224810002456], [113.62964182126578, 22.57722481000245], [113.63020464853662, 22.593895562637904], [113.63761183653966, 22.60223093895563], [113.63385633733756, 22.61305230475038], [113.62003716074202, 22.618901691591077], [113.62768198448238, 22.6272370679088], [113.62184898904286, 22.635572444226526], [113.61718558470213, 22.646865534762867], [113.60885020838441, 22.639377724654832], [113.60404595694406, 22.652243196861978], [113.61325380342902, 22.660578573179702], [113.60051483206668, 22.666116843368442], [113.60051483206668, 22.67425713943652], [113.60448613707379, 22.68558470213288], [113.59217945574896, 22.688758854754937], [113.58384407943123, 22.69592478919146], [113.58384407943123, 22.707256680558963], [113.59217945574896, 22.70028296112431], [113.60051483206668, 22.708767467510484], [113.61718558470213, 22.705746338885348], [113.61718558470213, 22.71180195415165], [113.60228692000071, 22.718926207403776], [113.59217945574896, 22.723093895562638], [113.57938562237405, 22.718926207403776], [113.57415827904991, 22.71059083108605], [113.56039659807782, 22.71059083108605], [113.56931139729558, 22.718926207403776], [113.56134439233703, 22.7272615837215], [113.55464931918269, 22.735596960039224], [113.54405104454074, 22.74393233635695], [113.55050257416033, 22.753876858735286], [113.55883795047806, 22.74712841624273], [113.5671733267958, 22.740381906239698], [113.58384407943123, 22.738772341493593], [113.59907272548966, 22.74393233635695], [113.60885020838441, 22.747083707388267], [113.61663278856251, 22.7606030889924], [113.60885020838441, 22.77402689486341], [113.60051483206666, 22.78008387376563], [113.59146581053491, 22.785609217945577], [113.58384407943123, 22.799023964134136], [113.57860499935728, 22.81061534689875], [113.58891363624524, 22.818950723216474], [113.58255271523669, 22.8272860995342], [113.56726225644498, 22.8272860995342], [113.55883795047808, 22.82448429239103], [113.54378049653644, 22.8272860995342], [113.55402676650263, 22.835621475851923], [113.55157576397778, 22.852292228487375], [113.54445514271877, 22.8606276048051], [113.53638086628524, 22.8606276048051], [113.52549644520715, 22.85341707162259], [113.51716106888944, 22.846914566319334], [113.51716106888944, 22.858575175430424], [113.51716106888944, 22.864753195144324], [113.51716106888944, 22.870901440753094], [113.51716106888944, 22.881066404239277], [113.50439198175317, 22.885633733758276], [113.49215493993626, 22.886618690064367], [113.49215493993626, 22.900880699095296], [113.50201574460502, 22.902304486393724], [113.51563564053839, 22.902304486393724], [113.52197920543614, 22.893969110076], [113.52549644520715, 22.884422610692678], [113.53772685721341, 22.87729835744055], [113.54519341724588, 22.87729835744055], [113.55050257416033, 22.892045561734186], [113.55050257416033, 22.89655595095493], [113.545541040659, 22.91063986271145], [113.54216719784262, 22.922730738231248], [113.53383182152488, 22.93200608928184], [113.53042962717569, 22.94398136798235], [113.52008386325808, 22.952316744300074], [113.51099584971084, 22.960652120617805], [113.51847506919924, 22.968987496935526], [113.51716106888944, 22.980101332025825], [113.5088256925717, 22.972281315035335], [113.5082807186406, 22.985658249570974], [113.51166521631464, 22.9939936258887], [113.51055442984587, 23.010664378524147], [113.5040489726319, 23.01899975484187], [113.50224513237592, 23.035670507477324], [113.49594374727128, 23.035670507477324], [113.48725177736205, 23.035670507477327], [113.49503216528001, 23.044005883795048], [113.49215493993626, 23.053742047136865], [113.47762686206275, 23.060676636430504], [113.4671488109831, 23.06327666208971], [113.45881343466536, 23.071255762065466], [113.44214268202991, 23.072217926716583], [113.42841729200623, 23.069012012748225], [113.41713655307674, 23.066431400824197], [113.41713655307672, 23.071916324976847], [113.42758106758853, 23.07734738906595], [113.4421426820299, 23.08333329659861], [113.45290780373944, 23.085682765383673], [113.4671488109831, 23.090991922338443], [113.4729574356655, 23.07734738906595], [113.48381956361854, 23.07164146893659], [113.49215493993626, 23.067044380030485], [113.500490316254, 23.0581742736467], [113.5088256925717, 23.050472428597136], [113.51716106888944, 23.041227425022473], [113.52297780047499, 23.0273351311596], [113.52549644520714, 23.016991039888772], [113.53670608924429, 23.010664378524147], [113.53813950953906, 22.9939936258887], [113.54445086252753, 22.985658249570974], [113.55050257416033, 22.97303379607518], [113.55050257416033, 22.963418203193864], [113.54809984997905, 22.952316744300074], [113.55585720567703, 22.94398136798235], [113.56205624245115, 22.935645991664625], [113.56717332679578, 22.921265177512], [113.57136195809116, 22.91063986271145], [113.57550870311353, 22.901345549326354], [113.58384407943123, 22.906331238136], [113.58384407943123, 22.9006539168882], [113.57550870311353, 22.886824501803666], [113.5755087031135, 22.88371018537726], [113.57550870311351, 22.872184629698104], [113.57455910330214, 22.860627604805103], [113.58153790843781, 22.85229222848737], [113.58982640700705, 22.843956852169647], [113.59669126485647, 22.84395685216965], [113.60409224672942, 22.84395685216965], [113.603937984639, 22.8272860995342], [113.61169504676903, 22.818950723216474], [113.61067296879528, 22.802279970581026], [113.62552096101986, 22.794338143658845], [113.63945054959555, 22.7939445942633], [113.64219171365532, 22.783942142682033], [113.65052708997304, 22.77560676636431], [113.65247520477962, 22.785609217945577], [113.66246306072347, 22.785609217945577], [113.66391420958662, 22.76893846531013], [113.6532061985378, 22.7606030889924], [113.65986885041738, 22.752267712674676], [113.6755332189262, 22.744451998223383], [113.68567278929679, 22.74393233635695], [113.69873515382652, 22.74393233635695], [113.7088747241971, 22.744723920072914], [113.71721010051485, 22.75848814274593], [113.72554547683255, 22.767012533868], [113.73388085315028, 22.75679780851518], [113.74595406634981, 22.752267712674676], [113.75438102830682, 22.74393233635695], [113.75286698815755, 22.7272615837215], [113.74972557750603, 22.718926207403776], [113.75888698210346, 22.714977871308328], [113.76410071993377, 22.702255454768327], [113.76208061285904, 22.68558470213288], [113.76139386216306, 22.668913949497426], [113.77408244691998, 22.668913949497426], [113.77739777367276, 22.668913949497426], [113.77891877355086, 22.652243196861978], [113.78688606488703, 22.64390782054425], [113.79222848737436, 22.631043175716993], [113.7982338016748, 22.61890169159108], [113.80370139563831, 22.610566315273353], [113.81723461632753, 22.6036582293837], [113.82556999264526, 22.595520392293224], [113.8285955375934, 22.58556018632018], [113.833905368963, 22.571667892457302], [113.84224074528072, 22.564785212796785], [113.84600672849729, 22.552218681049276], [113.85525234947161, 22.54388330473155], [113.85630982838137, 22.527212552096103], [113.8611461832446, 22.51887717577838], [113.86378242635027, 22.50220642314293], [113.86437568971284, 22.485535670507474], [113.87340222905313, 22.477200294189753], [113.87558225055159, 22.46736581975609], [113.88886737523168, 22.4605295415543], [113.88152901124076, 22.452194165236577], [113.88905528855736, 22.452194165236577], [113.89609491522876, 22.4605295415543], [113.90273105426672, 22.468864917872033], [113.90892375582251, 22.481986156277713], [113.91725913214023, 22.486279236634985], [113.92559450845796, 22.478951423671774], [113.93869295695724, 22.485535670507478], [113.94842429890362, 22.493871046825205], [113.94786772710029, 22.510541799460654], [113.95060063741113, 22.52277676695114], [113.96727139004659, 22.522286327573433], [113.98394214268203, 22.523633453284262], [114.00061289531747, 22.52498978507804], [114.01728364795294, 22.51981163499883], [114.02561902427065, 22.51310653063534], [114.02561902427065, 22.505129217511573], [114.01937796360062, 22.493871046825205], [114.01728364795295, 22.482537333671683], [114.0089482716352, 22.493312749695445], [114.00061289531747, 22.5001225790635], [113.98394214268203, 22.499427964370355], [113.97769061044374, 22.485535670507478], [113.97560676636431, 22.47553321892621], [113.96727139004658, 22.468269367477298], [113.95893601372886, 22.458862466290757], [113.94464679718419, 22.452194165236577], [113.93512065282107, 22.443858788918853], [113.93584166838079, 22.427188036283404], [113.92559450845796, 22.42688624859099], [113.9094335647597, 22.41885265996568], [113.903615755924, 22.410517283647955], [113.90356529961825, 22.393846531012503], [113.91204952194165, 22.38551115469478], [113.91725913214023, 22.373980814418086], [113.92559450845796, 22.36641664012468], [113.94226526109341, 22.362014237471968], [113.95320544251042, 22.368840402059327], [113.96727139004656, 22.374139914594398], [113.98394214268203, 22.369164988360676], [113.99227751899976, 22.367219719237546], [114.0089482716352, 22.360832859452398], [114.01728364795294, 22.357288611348544], [114.03395440058839, 22.353576958811693], [114.04568567096146, 22.360505025741602], [114.05896052954155, 22.364309150761947], [114.075631282177, 22.36319193070774], [114.07823706440486, 22.352169649423878], [114.08566084071984, 22.343834273106154], [114.08936331186318, 22.327163520470705], [114.09646624692158, 22.327163520470705], [114.10897278744791, 22.33315731931853], [114.11338870788717, 22.343834273106154], [114.12016111634225, 22.343834273106154], [114.12564354008336, 22.332985669295624], [114.12564354008336, 22.320270032126224], [114.12564354008336, 22.31701043828892], [114.14231429271881, 22.313445433953884], [114.15064966903653, 22.322946413131234], [114.15479250023192, 22.310492767835257], [114.15898504535426, 22.300051161488177], [114.16732042167197, 22.290031555048042], [114.1756557979897, 22.29881159867974], [114.1866869185552, 22.30215739151753], [114.19232655062515, 22.31441345279668], [114.20633225101147, 22.310492767835257], [114.21733267957833, 22.306464337639333], [114.22566805589605, 22.297920347039828], [114.22858543760726, 22.28548663888208], [114.2227564972965, 22.28548663888208], [114.2089973032606, 22.29267690292499], [114.20066192694289, 22.2971859941616], [114.19232655062515, 22.293664921794186], [114.18399117430742, 22.284533661398417], [114.16732042167197, 22.284768938144904], [114.15898504535426, 22.287868174998206], [114.14231429271881, 22.292272976711605], [114.12564354008336, 22.290487864672713], [114.11730816376563, 22.28467972924808], [114.11730816376561, 22.269418643294422], [114.12564354008336, 22.260834905192773], [114.12942054441926, 22.25214513361118], [114.14231429271881, 22.244333665286895], [114.15064966903653, 22.237124542094104], [114.15898504535426, 22.23049803690545], [114.17520596656527, 22.23547438097573], [114.17615722428785, 22.23547438097573], [114.19138060284916, 22.23547438097573], [114.1927144229453, 22.23547438097573], [114.19380540771378, 22.218803628340282], [114.20899730326059, 22.213017296741608], [114.2089973032606, 22.209025590736797], [114.20899730326062, 22.196257118628402], [114.22455212598065, 22.20213287570483], [114.21733267957833, 22.217019297060077], [114.21733267957833, 22.21976014693412], [114.22566805589605, 22.22840658178601], [114.23433805190672, 22.227139004658007], [114.23330881752064, 22.218803628340282], [114.23524239737802, 22.210468252022558], [114.25067418484923, 22.203968262717858], [114.25807289676445, 22.218803628340282], [114.25442570735616, 22.23547438097573], [114.25001253033629, 22.243809757293455], [114.25795648893173, 22.25214513361118], [114.25067418484923, 22.266944270026833], [114.24233880853151, 22.271773600423884], [114.24002342622101, 22.28548663888208], [114.25067418484923, 22.29289586227561], [114.25900956116695, 22.3002668937379], [114.26626191874796, 22.285486638882077], [114.26734493748468, 22.270327835485922], [114.2756803138024, 22.262420322840452], [114.28401569012013, 22.26910308664618], [114.29235106643785, 22.261083710923415], [114.30502778458774, 22.268815886246628], [114.29784039027271, 22.277151262564352], [114.30068644275558, 22.285954944745356], [114.30902181907331, 22.29687526655372], [114.30902181907331, 22.307997585670844], [114.30068644275558, 22.31598653859012], [114.29235106643785, 22.30955977291032], [114.29157592295441, 22.31882814415298], [114.29808105615001, 22.327163520470705], [114.28605917532008, 22.327163520470705], [114.2756803138024, 22.325183285143304], [114.2734988491289, 22.33549889678843], [114.26728033218285, 22.343834273106154], [114.26734493748468, 22.353018681888415], [114.28139450262577, 22.360505025741602], [114.2734829386968, 22.368840402059327], [114.27465083138121, 22.38551115469478], [114.28312989028454, 22.393846531012503], [114.28443337785413, 22.393846531012503], [114.29407771089907, 22.38551115469478], [114.29235106643785, 22.37613608423353], [114.28589908699186, 22.360505025741602], [114.30004476635338, 22.360505025741602], [114.30140780806043, 22.360505025741602], [114.30238834153438, 22.343834273106154], [114.31056171694954, 22.33549889678843], [114.31914718311293, 22.327163520470705], [114.33180072660522, 22.327163520470705], [114.33796202894882, 22.33549889678843], [114.32569257170876, 22.34267187319604], [114.32558751276368, 22.352169649423878], [114.32569257170877, 22.36249834011395], [114.33402794802646, 22.35339483948464], [114.3423633243442, 22.345486960310865], [114.35069870066192, 22.352384866992075], [114.35105375005628, 22.343834273106154], [114.35903407697965, 22.328754848486696], [114.36736945329739, 22.324940753452648], [114.37237067908801, 22.33549889678843], [114.366022196158, 22.343834273106154], [114.36736945329737, 22.352462632779478], [114.3757048296151, 22.361796617002465], [114.38989985695721, 22.368840402059327], [114.39130731780293, 22.38551115469478], [114.38382139136141, 22.393846531012503], [114.3863134903831, 22.40218190733023], [114.37987251777396, 22.40218190733023], [114.3744435924356, 22.40218190733023], [114.3757048296151, 22.41136609995286], [114.38404020593282, 22.418975691350443], [114.39237558225054, 22.412032806614814], [114.40607231154115, 22.41885265996568], [114.39946054789748, 22.427188036283404], [114.40383672468744, 22.43552341260113], [114.39237558225055, 22.44210684152525], [114.3757048296151, 22.443218283586504], [114.36667399560591, 22.443858788918853], [114.37402806644914, 22.452194165236577], [114.36354907248509, 22.4605295415543], [114.36687906493955, 22.477200294189753], [114.35903407697965, 22.491758915269582], [114.35118908901974, 22.477200294189753], [114.35502074764149, 22.4605295415543], [114.3510298901311, 22.443858788918853], [114.35091117520729, 22.427188036283404], [114.35012601937419, 22.427188036283404], [114.3423633243442, 22.441516074940324], [114.34071898382334, 22.452194165236577], [114.3423633243442, 22.461658340853475], [114.3423633243442, 22.47510562761843], [114.33402794802647, 22.467467537133636], [114.32569257170876, 22.475357882804122], [114.31735719539103, 22.48216443641393], [114.30902181907331, 22.475208933529878], [114.3008927843858, 22.4605295415543], [114.29235106643785, 22.4588401665458], [114.27758470552867, 22.452194165236577], [114.27060660647857, 22.443858788918853], [114.27681793851451, 22.43552341260113], [114.2756803138024, 22.42630784868189], [114.26734493748467, 22.432385093141292], [114.25067418484923, 22.434716034018198], [114.24233880853149, 22.43897239348613], [114.23400343221377, 22.432741244185763], [114.22566805589605, 22.426020616609232], [114.21775904152722, 22.410517283647955], [114.2166270890049, 22.410517283647955], [114.21270558730185, 22.427188036283404], [114.20066192694287, 22.43215694400635], [114.19232655062515, 22.443288458679493], [114.18222270695621, 22.443858788918853], [114.18399117430741, 22.454063083677482], [114.19232655062515, 22.445690739777113], [114.20066192694287, 22.453332489040903], [114.2089973032606, 22.461323275319845], [114.22566805589605, 22.46318135085232], [114.23565400171931, 22.4605295415543], [114.25067418484923, 22.45361577573892], [114.2628505412311, 22.4605295415543], [114.26734493748468, 22.473277764157885], [114.28401569012013, 22.470626921089146], [114.29235106643785, 22.477521552807733], [114.30902181907331, 22.484673390198747], [114.31735719539103, 22.48835763458348], [114.32569257170876, 22.496112221275837], [114.33402794802647, 22.504392751357415], [114.33402794802649, 22.516495639687598], [114.32569257170876, 22.509472887437198], [114.3158327412505, 22.510541799460654], [114.32252535226024, 22.51887717577838], [114.32269613705749, 22.535547928413827], [114.30902181907331, 22.5430327561277], [114.29889542940067, 22.54388330473155], [114.30728528234044, 22.552218681049276], [114.29235106643785, 22.557017837110998], [114.28696417833476, 22.54388330473155], [114.2819318460407, 22.535547928413827], [114.26734493748468, 22.532859097343593], [114.25900956116695, 22.5426566121305], [114.25900956116695, 22.547805834763423], [114.26843586606131, 22.552218681049276], [114.25900956116695, 22.555628607724707], [114.25067418484923, 22.551201640168845], [114.23415674059123, 22.54388330473155], [114.22765266930503, 22.535547928413827], [114.21733267957833, 22.53388085315028], [114.21733267957833, 22.53951086489242], [114.22566805589605, 22.549169153128158], [114.23400343221378, 22.554791328053348], [114.24568667466878, 22.560554057367], [114.2530429353254, 22.568889433684724], [114.2673449374847, 22.574099043972026], [114.27568031380238, 22.565667785142693], [114.28545092043589, 22.568889433684724], [114.27850469754233, 22.577224810002452], [114.27507848159388, 22.58556018632018], [114.27723832809517, 22.58556018632018], [114.29096666406616, 22.577224810002452], [114.29356653624544, 22.577224810002452], [114.30688951350365, 22.58556018632018], [114.30902181907331, 22.59431929766185], [114.32569257170876, 22.597725205959332], [114.3423633243442, 22.595792265432788], [114.35069870066192, 22.605465884478456], [114.36736945329736, 22.605425289619554], [114.38404020593282, 22.6090953665114], [114.39237558225055, 22.61080831787192], [114.40071095856827, 22.608391869277423], [114.41738171120373, 22.602347910272886], [114.42154939936259, 22.593895562637904], [114.43016262155757, 22.58556018632018], [114.43405246383918, 22.57235528666472], [114.4423878401569, 22.56510062626758], [114.45072321647464, 22.55721990683991], [114.45966144065225, 22.552218681049276], [114.4757293454278, 22.547544524238504], [114.47665549835199, 22.535547928413827], [114.4757293454278, 22.519710713410152], [114.47053939413561, 22.510541799460654], [114.4757293454278, 22.500817193756642], [114.47782614024226, 22.485535670507478], [114.47783324229431, 22.46886491787203], [114.49240009806326, 22.462034846736593], [114.49424074647791, 22.452194165236577], [114.5090708506987, 22.44588483124347], [114.51740622701642, 22.452362568011363], [114.52574160333415, 22.464153618214183], [114.52725745260165, 22.477200294189757], [114.54241235596959, 22.484093782534234], [114.55273234569631, 22.477200294189753], [114.5640225908674, 22.477200294189753], [114.5757538612405, 22.484300799941888], [114.58408923755823, 22.485694469822608], [114.60075999019368, 22.493195205502143], [114.60882923061105, 22.50220642314293], [114.61743074282913, 22.503679789532214], [114.62281646480254, 22.51887717577838], [114.61598542116036, 22.527212552096103], [114.60689304578332, 22.535547928413827], [114.60075999019367, 22.549219625084675], [114.58408923755823, 22.551056551225287], [114.56741848492277, 22.54968577356909], [114.55908310860505, 22.55934795459691], [114.55025268394246, 22.560554057367003], [114.5424123559696, 22.575933777351032], [114.52574160333415, 22.575343942848658], [114.51929891006466, 22.560554057367], [114.5090708506987, 22.552900539892125], [114.49626210598436, 22.560554057367003], [114.50046413619759, 22.577224810002452], [114.50629239192614, 22.58556018632018], [114.51740622701642, 22.586915532041882], [114.53407697965187, 22.587544799729162], [114.54545122635136, 22.593895562637904], [114.55283075366964, 22.60223093895563], [114.56516432671027, 22.610566315273353], [114.57575386124049, 22.614961065558205], [114.5823928612254, 22.6272370679088], [114.58408923755823, 22.63614738586455], [114.59155065565419, 22.652243196861978], [114.58408923755823, 22.661273187872844], [114.56741848492277, 22.6663670289559], [114.55908310860505, 22.657715412567807], [114.55074773228732, 22.66192298871482], [114.54032851189018, 22.660578573179702], [114.52574160333415, 22.659011773123726], [114.51685364839658, 22.652243196861978], [114.50073547438097, 22.64733351284203], [114.50073547438097, 22.658194294637088], [114.50907085069869, 22.66722650606455], [114.51740622701642, 22.672248100024518], [114.53012281629898, 22.677249325815154], [114.53726332271944, 22.68558470213288], [114.55074773228732, 22.6890577755986], [114.56741848492277, 22.692620188542325], [114.57470141474587, 22.702255454768327], [114.58408923755823, 22.70435398862075], [114.58825692571709, 22.718926207403776], [114.5757538612405, 22.725338035340485], [114.56741848492277, 22.729047735789585], [114.56741848492278, 22.741370835280673], [114.5757538612405, 22.730556198800613], [114.58499682101798, 22.735596960039224], [114.60075999019368, 22.74240614069314], [114.6135610230833, 22.74393233635695], [114.62576611914685, 22.746524988469005], [114.63410149546459, 22.753472246811356], [114.64452071586172, 22.7606030889924], [114.65077224810003, 22.77400696385748], [114.66744300073549, 22.773155350414964], [114.6795987578655, 22.777273841627853], [114.68871575717088, 22.785609217945577], [114.70078450600637, 22.792753009765875], [114.715510337501, 22.785609217945577], [114.71797621966168, 22.777273841627853], [114.73412601127727, 22.770075107535273], [114.75079676391272, 22.774773228732535], [114.75913214023046, 22.7789899485168], [114.76945212995716, 22.785609217945577], [114.77539372771386, 22.802279970581026], [114.77394023896662, 22.818950723216474], [114.77865446890578, 22.8272860995342], [114.78622211326305, 22.8272860995342], [114.78049667577736, 22.818950723216474], [114.79247364550135, 22.814783035057612], [114.8067206362438, 22.81061534689875], [114.81674273569011, 22.802279970581026], [114.80497670997794, 22.7939445942633], [114.79976709977936, 22.7939445942633], [114.78518019122335, 22.7939445942633], [114.77984428744419, 22.785609217945577], [114.7758028928659, 22.773232447049562], [114.76098444607884, 22.76893846531013], [114.75347599201484, 22.7606030889924], [114.74901061184464, 22.752267712674676], [114.73549097467081, 22.74393233635695], [114.72579063495957, 22.741295751001218], [114.72579063495955, 22.72933197027648], [114.72995832311841, 22.718926207403776], [114.73536381589545, 22.71059083108605], [114.74246138759501, 22.699476995995752], [114.74817614117052, 22.68558470213288], [114.73412601127725, 22.68213558089796], [114.72817217105033, 22.66891394949743], [114.72802771930375, 22.652243196861974], [114.73731353567013, 22.64390782054425], [114.73560653993624, 22.6272370679088], [114.73853626323788, 22.610566315273353], [114.742461387595, 22.599588014757323], [114.75079676391272, 22.59108640269254], [114.76642559450846, 22.593895562637904], [114.7758028928659, 22.598939652023333], [114.79247364550135, 22.59444983765621], [114.80080902181908, 22.587265634115756], [114.81747977445453, 22.59197201425689], [114.82581515077224, 22.597184711707577], [114.84040205932826, 22.60223093895563], [114.84376826899503, 22.60223093895563], [114.85915665604315, 22.59550886128004], [114.8758274086786, 22.59556352009712], [114.88416278499632, 22.589389608841273], [114.88684297039791, 22.577224810002452], [114.8787693062025, 22.568889433684728], [114.87764458254209, 22.552218681049276], [114.89068098745055, 22.552218681049276], [114.89547508142752, 22.552218681049276], [114.90619199383602, 22.552218681049276], [114.91640807115601, 22.560554057367007], [114.9110924623305, 22.577224810002452], [114.90083353763177, 22.58208711285446], [114.89687687161637, 22.593895562637904], [114.9042073803895, 22.60223093895563], [114.9091689139495, 22.615412464289314], [114.91528743485794, 22.6272370679088], [114.91997558277143, 22.635572444226526], [114.92847189068529, 22.64390782054425], [114.93933503776603, 22.652243196861978], [114.94886118212915, 22.660578573179702], [114.95658510351075, 22.668913949497426], [114.96441789527223, 22.677249325815154], [114.96751654817358, 22.686626624172597], [114.98418730080903, 22.68628959654744], [114.99252267712674, 22.694884351250824], [115.00085805344447, 22.70358528506143], [115.01752880607992, 22.70260070023081], [115.03148705119528, 22.71059083108605], [115.02933725586337, 22.7272615837215], [115.0179455748958, 22.735596960039224], [115.02586418239764, 22.749200481586257], [115.0425349350331, 22.74769548594686], [115.04981938134824, 22.7606030889924], [115.04848877526004, 22.777273841627853], [115.05920568766855, 22.783525373866148], [115.06754106398628, 22.788387676718152], [115.075876440304, 22.79704504001645], [115.09254719293946, 22.80007494985584], [115.10569347357315, 22.802279970581026], [115.11477486312006, 22.802279970581026], [115.11922039715617, 22.802279970581026], [115.12588869821035, 22.814635624847007], [115.13484150981087, 22.81061534689875], [115.14360137288551, 22.802279970581026], [115.1511897455346, 22.7939445942633], [115.16548173571954, 22.785609217945577], [115.17590095611669, 22.779185625198114], [115.1914413349892, 22.785609217945577], [115.17968976353384, 22.7939445942633], [115.173336224942, 22.802279970581026], [115.17585278867276, 22.818950723216474], [115.18364327828026, 22.8272860995342], [115.19257170875214, 22.830384291737637], [115.20924246138759, 22.830602284661506], [115.22591321402307, 22.835032966469885], [115.2425839666585, 22.834553525879027], [115.24727261583723, 22.818950723216474], [115.23480428209528, 22.81061534689875], [115.22604290713429, 22.802279970581026], [115.22591321402305, 22.792857371265338], [115.22591321402305, 22.779197390008864], [115.24226337526166, 22.785609217945577], [115.25091934297622, 22.78602267907558], [115.26759009561167, 22.785774750194477], [115.28426084824713, 22.79055114071948], [115.30093160088256, 22.78689158353292], [115.31760235351803, 22.789490650387794], [115.32951003397193, 22.785609217945577], [115.3426084824712, 22.781964165900817], [115.34260848247119, 22.771969511243846], [115.34260848247119, 22.762270164255945], [115.34380609400452, 22.752267712674676], [115.33566233553975, 22.74393233635695], [115.33587915166905, 22.7272615837215], [115.34260848247119, 22.714539167236552], [115.35094385878892, 22.70626878410649], [115.36053442845329, 22.702255454768327], [115.36761461142437, 22.69263771286326], [115.38428536405982, 22.690601695567956], [115.40095611669526, 22.690004977516754], [115.41762686933072, 22.68850427350312], [115.42596224564845, 22.694799527192256], [115.4426329982839, 22.69745201760634], [115.4561789613193, 22.702255454768327], [115.46263947295549, 22.702255454768327], [115.4759745035548, 22.694067306816727], [115.48430987987251, 22.690585927923514], [115.50098063250798, 22.68703433279683], [115.50931600882569, 22.68225055160579], [115.51765138514342, 22.673544714118385], [115.52598676146114, 22.664746261338564], [115.54265751409659, 22.667246874233882], [115.55932826673204, 22.663603020378268], [115.56409328386307, 22.652243196861978], [115.57109393322042, 22.652243196861978], [115.5732205605949, 22.668913949497426], [115.57827230381778, 22.677249325815154], [115.56766364304977, 22.6836010333497], [115.55932826673204, 22.691646794000317], [115.55932826673204, 22.696003922530032], [115.56303287851058, 22.71059083108605], [115.55099289041432, 22.71486017008104], [115.54265751409659, 22.723093895562638], [115.53432213777887, 22.729437814890062], [115.52598676146114, 22.736467820216106], [115.51794435839258, 22.752267712674676], [115.5265528123064, 22.7606030889924], [115.53208478659118, 22.777273841627853], [115.54265751409659, 22.78060799215494], [115.55307673449376, 22.785609217945577], [115.55912055738501, 22.802279970581026], [115.56409133891358, 22.81061534689875], [115.56075859761843, 22.8272860995342], [115.56986103971761, 22.835621475851923], [115.58433439568522, 22.83968751317466], [115.59266977200295, 22.849188259844773], [115.60100514832067, 22.85536234864032], [115.6093405246384, 22.862552634011703], [115.62601127727385, 22.866894804982202], [115.63434665359156, 22.871403794127467], [115.65101740622701, 22.873296798979993], [115.66768815886248, 22.874519898667977], [115.68019122333905, 22.87729835744055], [115.68612488104606, 22.87729835744055], [115.69269428781564, 22.86525836942606], [115.69766568525012, 22.852292228487375], [115.70936504045108, 22.84694444228854], [115.72603579308654, 22.851330184208486], [115.74270654572197, 22.851774637213293], [115.75757356114104, 22.84395685216965], [115.76007200309837, 22.835621475851923], [115.76771267467517, 22.82478548663888], [115.78438342731062, 22.820573444125024], [115.7891194366077, 22.81061534689875], [115.79800551163095, 22.802279970581026], [115.8071718872817, 22.793944594263305], [115.7934480578799, 22.785609217945577], [115.79063495954891, 22.777273841627853], [115.79271880362835, 22.764770777151263], [115.793343293339, 22.752267712674676], [115.80105417994606, 22.7401435289398], [115.81772493258151, 22.7359622263157], [115.82883876767183, 22.74393233635695], [115.83439568521696, 22.75310125030645], [115.84273106153469, 22.762270164255945], [115.84924781029218, 22.777273841627853], [115.8580801371695, 22.785609217945577], [115.86773719048787, 22.788550423405297], [115.87607256680559, 22.794882230347824], [115.89274331944104, 22.794822022819904], [115.90107869575877, 22.78860293959305], [115.90941407207649, 22.796219947263662], [115.9177494483942, 22.805513870237277], [115.93442020102967, 22.80823381080797], [115.95109095366512, 22.80456051131508], [115.964616281275, 22.81061534689875], [115.97264319729459, 22.818950723216474], [115.984432458936, 22.824904563443422], [115.99276783525374, 22.828037886460564], [116.0094385878892, 22.834430707806533], [116.02610934052464, 22.833537631772494], [116.03444471684236, 22.838399934624498], [116.0427800931601, 22.8454806870211], [116.05945084579554, 22.849816519117912], [116.06917545149956, 22.84395685216965], [116.07612159843099, 22.83145378769306], [116.08278989948518, 22.818950723216474], [116.09279235106644, 22.815378419080304], [116.10112772738417, 22.81966620618563], [116.10946310370188, 22.829192417756452], [116.11779848001962, 22.83611557047992], [116.12613385633733, 22.833110508400114], [116.13446923265506, 22.83697242823679], [116.14801421917136, 22.84395685216965], [116.15782370187335, 22.852292228487375], [116.16781073792595, 22.85986984332167], [116.17614611424369, 22.866581445032047], [116.18322993252707, 22.87729835744055], [116.18927420547791, 22.885633733758276], [116.19815928936647, 22.893969110076], [116.2064675556731, 22.902304486393724], [116.20948761951459, 22.91247382886718], [116.22337991337747, 22.918975239029173], [116.23284317896224, 22.927310615346897], [116.24172510146005, 22.935645991664625], [116.25116450110323, 22.940549154254477], [116.25949987742095, 22.94918285079428], [116.27507242503002, 22.952316744300074], [116.28450600637413, 22.95890597466528], [116.29284138269183, 22.96759826754924], [116.30951213532728, 22.963084480999612], [116.31472174552586, 22.952316744300074], [116.32618288796273, 22.945762431272694], [116.33689980037124, 22.94398136798235], [116.35118901691591, 22.937750884653877], [116.35952439323364, 22.929512828326743], [116.3761951458691, 22.931631926095456], [116.39286589850454, 22.931358643809723], [116.40120127482226, 22.937504492559317], [116.41787202745772, 22.93810118352458], [116.43454278009315, 22.93997605728422], [116.4428781564109, 22.93286753289205], [116.44621630466895, 22.943981367982346], [116.45954890904633, 22.948733577979986], [116.47621966168178, 22.945906397188953], [116.48455503799951, 22.93661409576943], [116.50122579063496, 22.940554403888264], [116.50560002410485, 22.952316744300074], [116.51479211999467, 22.9606521206178], [116.52345346081556, 22.968987496935526], [116.51680409553873, 22.97732287325325], [116.51734562613528, 22.9939936258887], [116.52623191958813, 22.99840583308267], [116.54277140645769, 22.9939936258887], [116.54301234822535, 22.9939936258887], [116.55123804854131, 23.00328052915847], [116.56165726893848, 23.010664378524147], [116.57133379377457, 23.01899975484187], [116.55957342485904, 23.02473168202857], [116.55490519921759, 23.035670507477327], [116.55123804854131, 23.05147569664251], [116.54738264781889, 23.0606766364305], [116.54966977455673, 23.07734738906595], [116.5526272779276, 23.085682765383673], [116.54931745488173, 23.094018141701397], [116.54290267222359, 23.108836588488465], [116.53456729590586, 23.116245811882], [116.53456729590586, 23.120066192694292], [116.53815685747497, 23.135695023290022], [116.54290267222359, 23.147384675826274], [116.55123804854131, 23.15467794687516], [116.55957342485905, 23.161892444519825], [116.56790880117676, 23.172917961003137], [116.57624417749449, 23.182389437665194], [116.5845795538122, 23.18872734500308], [116.60125030644765, 23.188485739968947], [116.60958568276538, 23.179561967000215], [116.6179210590831, 23.173204216719785], [116.62625643540085, 23.163826918362346], [116.63459181171858, 23.157922693470624], [116.65126256435401, 23.15903407697966], [116.65134509283058, 23.169036528560923], [116.65959794067174, 23.178632930014707], [116.66771204338387, 23.194042657514096], [116.66793331698946, 23.20364673643455], [116.67626869330718, 23.21467186572147], [116.68460406962492, 23.22193299976407], [116.69293944594261, 23.230482815735158], [116.70127482226036, 23.23836989724844], [116.71794557489581, 23.23898404686399], [116.72628095121354, 23.245915490483448], [116.73739478630384, 23.24405491542045], [116.74573016262156, 23.235719539102725], [116.75962245648444, 23.22799796072125], [116.77045844569747, 23.227384162785], [116.77629320911988, 23.21488109830841], [116.79296396175533, 23.21148975692583], [116.80037549476106, 23.227384162784997], [116.80755087031136, 23.235719539102725], [116.79296396175533, 23.243683835778413], [116.78135553185251, 23.24405491542045], [116.77329127284352, 23.252390291738173], [116.77319839115091, 23.269061044373622], [116.77366995930313, 23.28573179700907], [116.76795783280215, 23.30066601286566], [116.75962245648444, 23.310279182083175], [116.75800863724352, 23.31907330227997], [116.7512870801667, 23.335305350898704], [116.74295170384899, 23.337827898994853], [116.73119236818846, 23.335744054915423], [116.7179455748958, 23.332171750779256], [116.70961019857806, 23.339316359051587], [116.69293944594263, 23.33886982103457], [116.68117387359143, 23.344079431233148], [116.67177765013409, 23.352414807550872], [116.68460406962491, 23.356150783006278], [116.70127482226036, 23.354749646847242], [116.71314963647626, 23.352414807550872], [116.72628095121354, 23.3499494145217], [116.74295170384899, 23.348466471363672], [116.75128708016672, 23.338247170984104], [116.7658368719431, 23.344079431233148], [116.7720620536901, 23.352414807550872], [116.78224022546772, 23.360750183868596], [116.7903753355927, 23.36908556018632], [116.79705741622625, 23.377420936504045], [116.80310569900374, 23.38575631282177], [116.80963471439077, 23.400899165272833], [116.81797009070851, 23.3918516519619], [116.82547192939445, 23.402427065457218], [116.82630546702623, 23.412509900129464], [116.83464084334396, 23.42132652833237], [116.84336939777573, 23.41909781809267], [116.85964697229713, 23.41325210020735], [116.8725231681376, 23.41909781809267], [116.8604560494688, 23.427433194410398], [116.85562022055485, 23.435768570728122], [116.8628528862655, 23.444103947045846], [116.85700082116526, 23.45243932336357], [116.84368504070093, 23.460774699681295], [116.85964697229713, 23.46882496251564], [116.86847667565104, 23.46911007599902], [116.86811465617546, 23.485780828634468], [116.86024290912323, 23.4941162049522], [116.86034158699027, 23.51078695758764], [116.87012808899463, 23.519122333905372], [116.87631772493259, 23.53310881283422], [116.8846531012503, 23.54386137470461], [116.89298847756803, 23.552233551735313], [116.90132385388576, 23.56071505311341], [116.91058538312767, 23.56079921549399], [116.92363614720806, 23.560799215493994], [116.91718139907557, 23.55246383917627], [116.92618087579424, 23.54412846285854], [116.93411490594303, 23.53579308654082], [116.93466535915665, 23.525932281872063], [116.93674920323608, 23.510786957587644], [116.92632998283894, 23.50337773419411], [116.92632998283894, 23.498283893111058], [116.93883304731551, 23.50245158126992], [116.9513361117921, 23.506619269428782], [116.96800686442755, 23.502914657732017], [116.97634224074528, 23.501062351883633], [116.984677617063, 23.502919335280048], [116.99188576024054, 23.519122333905372], [116.99301299338073, 23.528897326176917], [117.00134836969846, 23.53671923946501], [117.00968374601618, 23.54615325056549], [117.02635449865163, 23.548296151017407], [117.02968864917872, 23.560799215493994], [117.03919465559312, 23.569134591811718], [117.03468987496936, 23.583756245897465], [117.01801912233392, 23.580772664406275], [117.00968374601618, 23.570248967813818], [117.00134836969846, 23.56376240210697], [116.984677617063, 23.562049521941653], [116.96800686442755, 23.56600882569257], [116.96309872405772, 23.577469968129442], [116.9700094726598, 23.58580534444717], [116.96800686442755, 23.598114200587904], [116.96047609170991, 23.610811473400346], [116.96800686442757, 23.624577062360743], [116.97634224074528, 23.63205277540589], [116.98824992119918, 23.627482226035795], [117.00134836969846, 23.626520451845288], [117.00968374601618, 23.61747977445453], [117.02635449865163, 23.616498209375862], [117.03468987496936, 23.623592383754193], [117.03489317683372, 23.63581760235352], [117.04302525128708, 23.648320666830106], [117.05969600392253, 23.651847172195296], [117.05969600392253, 23.635872803519963], [117.05969600392251, 23.635771068502116], [117.06760024008588, 23.61914684971807], [117.06562338263736, 23.60247609708262], [117.06710522731605, 23.585805344447166], [117.07636675655797, 23.58007477322873], [117.07636675655797, 23.57609721184648], [117.06088677196792, 23.577469968129446], [117.05905482112885, 23.577469968129442], [117.05969600392253, 23.561146522840566], [117.06539915613992, 23.55246383917627], [117.07041291633104, 23.544128462858545], [117.0847021328757, 23.538692347868725], [117.09230505083718, 23.55246383917627], [117.10137288551115, 23.55476325333288], [117.1180436381466, 23.553979362143128], [117.12596307754134, 23.569134591811718], [117.12846285854377, 23.577469968129442], [117.13471439078205, 23.587370673389195], [117.14721745525864, 23.594140720764894], [117.15651460576686, 23.60247609708262], [117.16633014523526, 23.610811473400346], [117.1763912723707, 23.61286325834009], [117.19306202500613, 23.61247854866389], [117.20834354825529, 23.61914684971807], [117.21390046580044, 23.61914684971807], [117.2185584702133, 23.610811473400346], [117.22640353027703, 23.596414005215184], [117.24307428291247, 23.596224564844324], [117.2514096592302, 23.60366686512801], [117.25974503554792, 23.61358993217292], [117.26808041186565, 23.620294973141615], [117.28336193511481, 23.627482226035795], [117.27851744282611, 23.644152978671244], [117.26808041186564, 23.647323933435885], [117.26219384660607, 23.660823731306692], [117.26808041186567, 23.673838148138117], [117.27641578818339, 23.677853612621444], [117.27641578818339, 23.693173323453383], [117.27075402313739, 23.70250061289532], [117.26808041186567, 23.714583084988902], [117.26808041186565, 23.72671241766842], [117.27641578818339, 23.735842118166218], [117.2847511645011, 23.739017499648753], [117.30142191713655, 23.744017965748256], [117.318092669772, 23.744153970372988], [117.32642804608973, 23.744976777118907], [117.33476342240745, 23.75484118825847], [117.34861891552674, 23.752512870801667], [117.3399730326788, 23.744177494483942], [117.34631596153741, 23.735842118166218], [117.3514341750429, 23.724766344231913], [117.3524706984718, 23.710835989213045], [117.35037860339601, 23.702500612895324], [117.34106219539814, 23.694165236577593], [117.33520212642418, 23.677494483942144], [117.34448802811147, 23.669159107624417], [117.35976955136061, 23.66201449935208], [117.36810492767836, 23.673326795783282], [117.37644030399608, 23.668325569992646], [117.39311105663154, 23.667968339579026], [117.39311105663153, 23.653658651396995], [117.3847756803138, 23.64580669061879], [117.37088338645093, 23.644152978671244], [117.36810492767836, 23.631692109876933], [117.35976955136064, 23.621925308490646], [117.35121288185778, 23.61914684971807], [117.34309879872518, 23.6076831002439], [117.33355489639877, 23.610811473400346], [117.318092669772, 23.615930627384124], [117.30975729345428, 23.620188771757785], [117.30199677067571, 23.610811473400346], [117.31531421099945, 23.60247609708262], [117.31083282588237, 23.58580534444717], [117.318092669772, 23.569500338893018], [117.32642804608972, 23.56600882569257], [117.33476342240743, 23.570650114778577], [117.34309879872518, 23.577693257063515], [117.35976955136063, 23.58132893870654], [117.36388071100576, 23.569134591811718], [117.37644030399608, 23.56774536242543], [117.38477568031381, 23.569892353295145], [117.40144643294926, 23.575088432038662], [117.40978180926697, 23.579233695724398], [117.42645256190244, 23.579013556336427], [117.4410250449177, 23.58580534444717], [117.43687178229959, 23.60247609708262], [117.42645256190242, 23.605601863201766], [117.41978426084826, 23.619146849718074], [117.42228487374356, 23.63581760235352], [117.42573707893327, 23.652488354988968], [117.43478793822015, 23.655822505516056], [117.44624908065703, 23.652488354988968], [117.45979406717333, 23.644740804915134], [117.46812944349105, 23.64158824749656], [117.48313312086296, 23.644152978671244], [117.48956326830805, 23.652488354988968], [117.4881343466536, 23.669159107624417], [117.48176915019279, 23.677494483942144], [117.47330987041678, 23.68582986025987], [117.47646481980878, 23.69555446596388], [117.49194480439883, 23.70250061289532], [117.49313557244423, 23.715003677371907], [117.50147094876195, 23.705279071667896], [117.51314047560678, 23.710835989213045], [117.52595611669527, 23.71917136553077], [117.52647707771513, 23.728548663888212], [117.52647707771513, 23.74270654572199], [117.52369861894255, 23.752512870801667], [117.5340546925494, 23.76084824711939], [117.51889946288082, 23.76084824711939], [117.50980632507968, 23.76001470948762], [117.50147094876195, 23.76442055125556], [117.48480019612649, 23.763878221204592], [117.47712426411981, 23.752512870801667], [117.46812944349105, 23.747500849862536], [117.45145869085559, 23.748737546666298], [117.43478793822015, 23.751957179047153], [117.43478793822015, 23.755077601976353], [117.43691378796754, 23.769183623437122], [117.44681502716062, 23.777518999754843], [117.45749782032624, 23.785854376072567], [117.46755379593709, 23.794189752390295], [117.47291510475783, 23.80252512870802], [117.4764648198088, 23.816814345252688], [117.48480019612649, 23.82012203426766], [117.4929646254261, 23.835866633978917], [117.49852905123805, 23.84420201029664], [117.50105334471885, 23.86087276293209], [117.49797521778683, 23.87754351556754], [117.49081491592781, 23.88587889188527], [117.48588131453631, 23.902549644520718], [117.47646481980878, 23.906782115437622], [117.47646481980878, 23.91697625737832], [117.49313557244423, 23.913078540922054], [117.50147094876195, 23.91985234382659], [117.50980632507968, 23.918641634432465], [117.52647707771513, 23.918764743607433], [117.53481245403285, 23.910683702891816], [117.54314783035058, 23.912968864917875], [117.55108088736067, 23.902549644520718], [117.55981858298603, 23.902253563171314], [117.57565365524701, 23.894214268202994], [117.5679374560275, 23.885878891885266], [117.57648933562147, 23.885588690919942], [117.59220477953792, 23.87754351556754], [117.59548192015582, 23.869208139249817], [117.60149546457465, 23.8552613658541], [117.60266452154295, 23.84420201029664], [117.60528427199179, 23.827531257661192], [117.60496853804037, 23.810860505025744], [117.60149546457465, 23.796273596469725], [117.59316008825692, 23.788021926387252], [117.58962896337955, 23.777518999754843], [117.581150310255, 23.769183623437122], [117.58852932363597, 23.76084824711939], [117.58274086785978, 23.752512870801667], [117.57093241807632, 23.744177494483942], [117.56759826754924, 23.744177494483942], [117.55981858298603, 23.75987306417847], [117.55295415543026, 23.744177494483942], [117.54314783035058, 23.74334395685217], [117.53632797699971, 23.727506741848494], [117.54939936258887, 23.727506741848494], [117.55871236181993, 23.735842118166218], [117.5639862711449, 23.735842118166218], [117.56458165516759, 23.71917136553077], [117.57648933562147, 23.71187791125276], [117.59276316557512, 23.71917136553077], [117.6009745035548, 23.727506741848494], [117.6046212306938, 23.735842118166218], [117.60983084089237, 23.745125504299086], [117.6181662172101, 23.753703638847057], [117.62650159352782, 23.767331317588734], [117.63400343221377, 23.777518999754843], [117.63862577726269, 23.785854376072564], [117.63587889188527, 23.80252512870802], [117.6321423439417, 23.810860505025744], [117.62650159352782, 23.823196861975973], [117.62228968027173, 23.835866633978917], [117.62178523578785, 23.852537386614365], [117.62650159352782, 23.867541063986273], [117.63325830015114, 23.87754351556754], [117.63602773789096, 23.88587889188527], [117.64317234616328, 23.896298112282423], [117.65048997202196, 23.910885020838442], [117.65924771477603, 23.919220397156167], [117.66722148587635, 23.92755577347389], [117.67651385143418, 23.93311269101904], [117.69318460406961, 23.930334232246466], [117.69818582986026, 23.94422652610934], [117.70388840224246, 23.95256190242706], [117.70151998038735, 23.962462042483445], [117.69367713478961, 23.97756803138024], [117.68541206664341, 23.985903407697972], [117.69318460406963, 24.002507253899147], [117.70151998038735, 24.010577951025837], [117.70371737705517, 24.019244912968865], [117.71258146227449, 24.027580289286586], [117.72623128895012, 24.02758028928659], [117.73476536105308, 24.019244912968865], [117.74310673943492, 24.01090953665114], [117.74328698451703, 24.01090953665114], [117.7597945984067, 24.010909536651145], [117.75140479927292, 24.002574160333417], [117.75986761461142, 24.002355629871783], [117.76779474378792, 23.98590340769797], [117.766319144231, 23.969232655062516], [117.7584880460139, 23.96089727874479], [117.7510439735702, 23.952561902427064], [117.74287627056688, 23.94422652610934], [117.73277764157882, 23.935891149791615], [117.72652610934053, 23.92199885592874], [117.72652610934053, 23.915052708997305], [117.73486148565826, 23.903331086050507], [117.74319686197597, 23.90135887647533], [117.75431069706629, 23.902549644520718], [117.76716106888944, 23.910885020838442], [117.76912914385333, 23.919220397156167], [117.76760072386081, 23.92755577347389], [117.76820299092915, 23.936777891989063], [117.77490877258595, 23.952561902427064], [117.7848737435646, 23.95672959058593], [117.80154449620005, 23.9575631282177], [117.80710141374519, 23.969232655062516], [117.80154449620005, 23.983819563618535], [117.80154449620005, 23.98672951039288], [117.80987987251777, 23.995174292035948], [117.82238293699436, 24.002574160333417], [117.83332311841137, 24.01090953665114], [117.83488600147095, 24.020354816572553], [117.85063060118222, 24.02758028928659], [117.85989213042413, 24.028417376197005], [117.86822750674185, 24.02549644520716], [117.88489825937731, 24.022817217105036], [117.89948516793332, 24.02758028928659], [117.90782054425105, 24.035915665604314], [117.9032360872763, 24.05258641823977], [117.89958041441196, 24.06092179455749], [117.89934476212748, 24.077592547192943], [117.90117987213002, 24.09426329982839], [117.90782054425105, 24.102598676146116], [117.90990438833049, 24.115152360268077], [117.92157391517529, 24.119269428781564], [117.9307428291248, 24.12760480509929], [117.93491051728365, 24.137847590235324], [117.94324589360137, 24.148528300671217], [117.9515812699191, 24.15573670017161], [117.95501348366261, 24.169281686687917], [117.96307398576822, 24.169281686687917], [117.9640843343957, 24.152610934052465], [117.97658739887225, 24.147609708261832], [117.98423475401995, 24.16094631037019], [117.98395914788065, 24.17761706300564], [117.99325815150773, 24.184285364059825], [118.00088952645635, 24.19428781564109], [118.00895172054263, 24.202623191958814], [118.0182642804609, 24.203306980031385], [118.02659965677861, 24.212875628167403], [118.04269871007516, 24.219293944594263], [118.04327040941408, 24.229489895974986], [118.0516057857318, 24.236838426406973], [118.05994116204954, 24.24849573274092], [118.06827653836724, 24.256518389109107], [118.07765383672469, 24.252635449865164], [118.08670210706958, 24.24430007354744], [118.09923650754737, 24.24430007354744], [118.10161804363815, 24.254371986598024], [118.11273187872845, 24.26097082618289], [118.1266241725913, 24.261573746720522], [118.14270152862937, 24.269306202500616], [118.13495954890905, 24.279493884666724], [118.12662417259133, 24.291669536249042], [118.12662417259133, 24.297422546586258], [118.13111060164925, 24.310983084089237], [118.12134510092342, 24.31931846040696], [118.11567406916981, 24.327653836724693], [118.10995341995587, 24.341696790968534], [118.10644776183017, 24.352659965677866], [118.09328266732044, 24.35931142760419], [118.07661191468496, 24.35481412109639], [118.05994116204953, 24.357710464659863], [118.04753478381666, 24.36099534199559], [118.05994116204954, 24.367663643049774], [118.06827653836724, 24.371273696493233], [118.08233432041705, 24.37766609463104], [118.07373764692619, 24.386001470948763], [118.06775557734738, 24.394336847266487], [118.06265402481878, 24.411007599901936], [118.0516057857318, 24.4142431538767], [118.03493503309636, 24.415117948379994], [118.0182642804609, 24.415623901517662], [118.00159352782545, 24.415837771673267], [117.99325815150772, 24.40759379381261], [117.98315180287017, 24.411007599901936], [117.96825202255457, 24.41722739850477], [117.9515812699191, 24.41347299284311], [117.93907820544251, 24.419342976219664], [117.93491051728364, 24.430178965432706], [117.9182397646482, 24.427893537594187], [117.9182397646482, 24.42739388703719], [117.92657514096592, 24.41378605867451], [117.93863166740965, 24.411007599901936], [117.9515812699191, 24.40578243868901], [117.96616817847512, 24.40267222358421], [117.9515812699191, 24.40227454339901], [117.93491051728365, 24.397475604919904], [117.91823976464819, 24.39753749485142], [117.90990438833049, 24.403115081554], [117.90386525885984, 24.394336847266487], [117.89930669635518, 24.394336847266487], [117.89323363569503, 24.40786217484808], [117.89323363569503, 24.41410625274224], [117.89323363569503, 24.42144862440104], [117.88489825937728, 24.42883282144976], [117.8848982593773, 24.44320416632097], [117.89323363569503, 24.433880269414054], [117.90156901201274, 24.44348682486411], [117.9104354616264, 24.44434910517284], [117.91853352962757, 24.452684481490564], [117.91014042618971, 24.46101985780829], [117.901730669995, 24.469355234126013], [117.8971931800458, 24.477690610443737], [117.90669847436212, 24.477690610443737], [117.91804087280127, 24.469355234126013], [117.91849375118954, 24.469355234126017], [117.93463466587392, 24.469355234126013], [117.94324589360139, 24.468704698794845], [117.95624659257629, 24.46101985780829], [117.95991664623682, 24.44510686665627], [117.97325324834517, 24.452684481490564], [117.98492277519, 24.455093549763923], [117.99325815150772, 24.44858886935515], [118.00992890414318, 24.449794325856814], [118.02295498182652, 24.44434910517284], [118.03493503309635, 24.440526306967932], [118.04046703175271, 24.452684481490564], [118.04935211112385, 24.46101985780829], [118.03493503309635, 24.462473429251325], [118.03493503309633, 24.47669996714741], [118.03629295337221, 24.48602598676146], [118.0516057857318, 24.48976382364327], [118.06467483250854, 24.494361363079186], [118.06735243896595, 24.511032115714634], [118.05994116204953, 24.52293979616853], [118.05493993625889, 24.536038244667814], [118.04327040941408, 24.538261011685876], [118.02729427147176, 24.544373620985535], [118.03493503309635, 24.559399103173412], [118.0516057857318, 24.55832582764829], [118.06827653836724, 24.556876685462125], [118.06827653836726, 24.562711448884535], [118.06827653836726, 24.57402989009438], [118.06883763830348, 24.58605050257416], [118.06187064733807, 24.58605050257416], [118.05758653594569, 24.58605050257416], [118.06017789171784, 24.594385878891885], [118.05660032986444, 24.60272125520961], [118.06445857307457, 24.60272125520961], [118.076289841551, 24.594385878891885], [118.0847336539416, 24.58605050257416], [118.08203770888747, 24.56937974993871], [118.08911497916156, 24.561044373620987], [118.09463361970529, 24.552708997303263], [118.08641737498957, 24.54437362098554], [118.08494729100268, 24.53150404186137], [118.08213203138969, 24.51936749203236], [118.0720653457844, 24.511032115714634], [118.07691196422103, 24.50269673939691], [118.07056288762969, 24.494361363079186], [118.07222227872506, 24.477690610443737], [118.06581114542607, 24.469355234126013], [118.06827653836726, 24.458466759689813], [118.06827653836726, 24.44971734318903], [118.05994116204953, 24.457554004942825], [118.0516057857318, 24.449112177354394], [118.0516057857318, 24.441318059239123], [118.06827653836724, 24.43747505006548], [118.0816131404756, 24.436013728855112], [118.09328266732042, 24.429917540213825], [118.10354159201917, 24.42767835253739], [118.1182887962736, 24.421010051483208], [118.13495954890905, 24.420037590912806], [118.14329492522677, 24.429568460509152], [118.1516303015445, 24.43666902572168], [118.16830105417995, 24.438792187627687], [118.17400420639733, 24.452684481490564], [118.18497180681541, 24.458241399035714], [118.19164010786959, 24.469355234126013], [118.20021526902278, 24.477690610443737], [118.20303178883714, 24.48602598676146], [118.20414317234616, 24.50269673939691], [118.19936927500055, 24.511032115714634], [118.19330718313313, 24.526147760866863], [118.1879483789964, 24.536038244667814], [118.17663643049767, 24.539225882688697], [118.16404348395595, 24.54437362098554], [118.15163030154449, 24.547997083063148], [118.14329492522677, 24.560103586240388], [118.12662417259132, 24.55927088931606], [118.10995341995587, 24.560022881406088], [118.09745035547928, 24.561044373620987], [118.10828634469233, 24.56937974993871], [118.10995341995587, 24.578937322166688], [118.11828879627362, 24.592629139239687], [118.12662417259132, 24.602020973856938], [118.13495954890905, 24.61018459877306], [118.13539025224462, 24.61939200784506], [118.14329492522677, 24.6352980168798], [118.14445545639248, 24.644398136798237], [118.15996567786223, 24.652010816105356], [118.16830105417996, 24.660293240696085], [118.17663643049768, 24.652245448609968], [118.1849718068154, 24.660144600917505], [118.20121258659081, 24.65273351311596], [118.19330718313313, 24.637300053816652], [118.18399934624499, 24.63606276048051], [118.17561992119063, 24.627727384162785], [118.18497180681541, 24.623607115924596], [118.19322298741275, 24.611056631527337], [118.19032452801227, 24.594385878891885], [118.19068096871415, 24.577715126256436], [118.19330718313313, 24.562194080699292], [118.20164255945085, 24.553973849522492], [118.20997793576858, 24.55104192203972], [118.21948401102614, 24.54437362098554], [118.22664868840403, 24.531836112837738], [118.23498406472174, 24.540242239978724], [118.25165481735718, 24.542542997683974], [118.25999019367492, 24.55145550401972], [118.26832556999264, 24.559820226300083], [118.27801437080699, 24.561044373620987], [118.29333169894582, 24.569074102218586], [118.30166707526357, 24.55626352873867], [118.30791860750183, 24.54437362098554], [118.318337827899, 24.5378905505162], [118.33307573964917, 24.54437362098554], [118.33719238753407, 24.552708997303263], [118.33500858053446, 24.563176679190637], [118.32667320421672, 24.57653112393216], [118.31000245158127, 24.56957614704822], [118.31000245158127, 24.58596087487182], [118.32667320421672, 24.579104355642727], [118.34334395685215, 24.58366896648338], [118.3600147094876, 24.58570652497388], [118.36835008580536, 24.5930668126322], [118.37761161504726, 24.594385878891885], [118.39335621475853, 24.601815795970644], [118.40169159107624, 24.608095615182357], [118.41836234371169, 24.6064801622785], [118.42669772002942, 24.61209725276074], [118.44336847266487, 24.617308163765628], [118.45170384898259, 24.62147585192449], [118.46003922530032, 24.630276428923136], [118.46837460161802, 24.62534584807201], [118.4850453542535, 24.62606030889924], [118.49695303470739, 24.61939200784506], [118.5033831821525, 24.611056631527337], [118.5183868595244, 24.604388330473153], [118.5279130038875, 24.60272125520961], [118.53644684154614, 24.594385878891885], [118.55172836479531, 24.58780655098393], [118.56333893799626, 24.58605050257416], [118.5724065098085, 24.577715126256436], [118.57614967868386, 24.561044373620987], [118.5671167518434, 24.552708997303263], [118.56455202066871, 24.536038244667814], [118.56256435400833, 24.519367492032362], [118.57569257170876, 24.519367492032362], [118.58506987006618, 24.52214595080494], [118.60174062270164, 24.52214595080494], [118.61841137533709, 24.525619024270654], [118.61924491296887, 24.536038244667814], [118.6300809021819, 24.54437362098554], [118.63887093538969, 24.552708997303263], [118.650528889949, 24.561044373620987], [118.65800441284628, 24.56937974993871], [118.66759009561167, 24.577715126256436], [118.67552550958247, 24.58605050257416], [118.67635807757702, 24.60272125520961], [118.6841399535039, 24.611056631527337], [118.68259627115548, 24.627727384162785], [118.6862851539243, 24.636062760480513], [118.68301054179948, 24.636062760480513], [118.66842363324342, 24.631516191579934], [118.66008825692572, 24.621707390155542], [118.65175288060799, 24.634276608412428], [118.6510452934682, 24.644398136798237], [118.64966903652855, 24.661068889433686], [118.65046655710594, 24.677739642069135], [118.66008825692573, 24.683296559614288], [118.66703440385716, 24.66940426575141], [118.67675900956115, 24.664403039960774], [118.69342976219662, 24.664403039960774], [118.70454359728693, 24.669404265751414], [118.71010051483206, 24.678239065468016], [118.71982512053609, 24.68607501838686], [118.73093895562639, 24.694410394704583], [118.73589869309622, 24.70274577102231], [118.73487551729762, 24.711081147340035], [118.73510664378524, 24.720363725491517], [118.74344202010296, 24.71314947894721], [118.75177739642069, 24.723329845881416], [118.76011277273841, 24.729835744054917], [118.76844814905614, 24.738171120372645], [118.77650852120149, 24.75275802892866], [118.7812284110728, 24.761093405246385], [118.77635781667365, 24.76942878156411], [118.76844814905614, 24.783379998746994], [118.76011277273841, 24.777250579536002], [118.75662516756368, 24.786099534199558], [118.74344202010296, 24.786740716993233], [118.73510664378524, 24.784015690120125], [118.72250764787458, 24.786099534199558], [118.7152680521979, 24.794434910517285], [118.7184358911498, 24.807265482069084], [118.7290192536974, 24.811105663152738], [118.7184358911498, 24.81454803542299], [118.7062505427725, 24.81110566315273], [118.7016826100327, 24.80277028683501], [118.6850943858789, 24.79725035102736], [118.66849653741235, 24.80277028683501], [118.66008825692572, 24.810848398456184], [118.65180465313247, 24.819441039470462], [118.64362616324692, 24.827776415788186], [118.65175288060799, 24.844314660549774], [118.66008825692573, 24.836104443846025], [118.66034368747437, 24.844447168423635], [118.65175288060799, 24.844644362829996], [118.63890376257089, 24.85278254474136], [118.651752880608, 24.85912680074923], [118.66842363324345, 24.860063526946266], [118.68366219067754, 24.861117921059083], [118.68592792351066, 24.861117921059083], [118.69547274662642, 24.85278254474136], [118.71010051483206, 24.84960611046778], [118.72677126746751, 24.84676900032252], [118.74014740492035, 24.85278254474136], [118.75177739642069, 24.853879304796926], [118.76844814905614, 24.855274435995895], [118.78511890169159, 24.8569336285807], [118.7919415056007, 24.869453297376808], [118.80178965432704, 24.87651717556935], [118.81846040696249, 24.876103863604623], [118.8209610198578, 24.861117921059083], [118.83263054670262, 24.861117921059083], [118.83513115959794, 24.874454523167444], [118.84763422407453, 24.877788673694532], [118.85680313802402, 24.88612405001226], [118.86847266486885, 24.888047598393275], [118.8851434175043, 24.888624662907578], [118.89559975468109, 24.88612405001226], [118.91014954645746, 24.880097642219862], [118.92033825827798, 24.877788673694532], [118.93515567541064, 24.872231756149382], [118.94349105172836, 24.87945242138653], [118.95460488681867, 24.877788673694532], [118.96849718068154, 24.874846776170628], [118.9827863972262, 24.877788673694532], [118.99222781208118, 24.88612405001226], [118.98424604837862, 24.894459426329984], [118.97474871291983, 24.90279480264771], [118.9609953419956, 24.90279480264771], [118.9518264280461, 24.89584865571627], [118.93848982593772, 24.90279480264771], [118.92994606521205, 24.911130178965436], [118.9184849227752, 24.91695489977539], [118.90880729585095, 24.91946555528316], [118.9074136460944, 24.93613630791861], [118.90829586748211, 24.952807060554058], [118.9184849227752, 24.95463499391629], [118.93515567541064, 24.953281470142134], [118.95061840250949, 24.961142436871782], [118.96016180436382, 24.96240121916616], [118.97384037068869, 24.961142436871782], [118.97683255699927, 24.946138759499878], [118.98516793331697, 24.939708612054776], [118.99350330963472, 24.946140428282117], [119.00183868595244, 24.940682876819185], [119.01350821279726, 24.944471684236333], [119.01850943858787, 24.954123865675413], [119.01850943858787, 24.96720349493453], [119.00183868595244, 24.964714741007946], [118.99350330963472, 24.970668581234897], [118.98388556772964, 24.977813189507238], [118.98367814303454, 24.994483942142683], [118.99350330963472, 24.995603160143563], [119.00077468586214, 25.011154694778135], [119.00183868595244, 25.02047650618531], [119.00861117921059, 25.036160823731308], [119.0170648326355, 25.044496200049032], [119.01350821279726, 25.06116695268448], [119.00183868595244, 25.0636675655798], [118.99424538631052, 25.052831576366756], [118.985167933317, 25.047274658821607], [118.97683255699927, 25.041717741276457], [118.96849718068154, 25.033382364958733], [118.96849718068154, 25.021157146359403], [118.97030287493855, 25.011154694778135], [118.96016180436382, 25.010803731574264], [118.94765873988723, 25.011154694778135], [118.94061424052624, 25.01949007109586], [118.92682029909291, 25.027602012144886], [118.91848492277519, 25.032628884635038], [118.90904250429254, 25.036160823731308], [118.90134924872844, 25.044496200049032], [118.9092023446237, 25.052831576366756], [118.89347879382201, 25.06107095987088], [118.88244005225289, 25.06116695268448], [118.87639617554174, 25.069502329002205], [118.87680804118656, 25.078192402185923], [118.88837001478858, 25.086173081637657], [118.87680804118656, 25.086480534034976], [118.87680804118656, 25.10266936544785], [118.89347879382203, 25.10248493109363], [118.90181417013974, 25.103322093581294], [118.91848492277519, 25.107513512813867], [118.93515567541064, 25.104862085141573], [118.94349105172836, 25.09728691672796], [118.94803244706455, 25.111179210590834], [118.96016180436382, 25.116118344471893], [118.96159072601827, 25.127849963226282], [118.95837565229573, 25.127849963226282], [118.94573412649572, 25.127849963226282], [118.94349105172836, 25.137883286571693], [118.94349105172837, 25.151504760752484], [118.95182642804608, 25.15728980303816], [118.96849718068154, 25.15983745212815], [118.9707335011334, 25.16952684481491], [118.97906292137122, 25.17786222113263], [118.97491133103247, 25.186197597450356], [118.96201851299331, 25.194532973768084], [118.96016180436382, 25.20388829064789], [118.94349105172836, 25.204971237820917], [118.9355886819726, 25.219539102721257], [118.93515567541064, 25.22890142634122], [118.9268202990929, 25.221045647937267], [118.9184849227752, 25.22918726126739], [118.91014954645746, 25.238871398731316], [118.91014954645746, 25.252745673454402], [118.91014954645746, 25.25301317130527], [118.91014954645746, 25.26910279810128], [118.92682029909292, 25.26946545702805], [118.93515567541064, 25.276809842239107], [118.95075228164508, 25.27788673694533], [118.96016180436382, 25.278792756129086], [118.97683255699927, 25.285980145374236], [118.99350330963472, 25.28612555081794], [119.01017406227017, 25.28600365785413], [119.01850943858788, 25.291110053881205], [119.02552870285544, 25.277886736945327], [119.01850943858788, 25.261536575697846], [119.01017406227018, 25.254050904380605], [119.00183868595242, 25.261679060771975], [118.99350330963472, 25.270211588454753], [118.9927056790615, 25.26121598430988], [118.98510588336677, 25.252880607992154], [118.98567230320796, 25.24454523167443], [118.97683255699927, 25.236739658611597], [118.97466663712794, 25.22787447903898], [118.9815003677372, 25.219539102721257], [118.99350330963472, 25.218801074602716], [119.01017406227017, 25.219261256844], [119.0185887614559, 25.219539102721257], [119.03518019122333, 25.227609314919096], [119.0518509438588, 25.22779938555864], [119.06018632017651, 25.235765937214637], [119.07547838382584, 25.22787447903898], [119.07556262514605, 25.211203726403532], [119.06852169649424, 25.194937090355122], [119.0674471009721, 25.186197597450356], [119.06018632017651, 25.170936685873958], [119.0518509438588, 25.166220795717752], [119.04351556754108, 25.171153259706173], [119.02872699665477, 25.17786222113263], [119.02684481490562, 25.18659452014717], [119.01756995975617, 25.186197597450356], [119.01501395819659, 25.169526844814904], [119.01850943858787, 25.1535507068726], [119.02840574675571, 25.152856092179455], [119.02383555764887, 25.14452071586173], [119.03009701009896, 25.136185339544006], [119.03518019122333, 25.124515812699194], [119.04609351903024, 25.119514586908558], [119.06018632017651, 25.118490944176994], [119.06852169649424, 25.107835077634142], [119.07015301682662, 25.119514586908554], [119.06018632017651, 25.12657057987267], [119.05982126719165, 25.136185339544006], [119.06852169649424, 25.138359785487104], [119.07685707281198, 25.129568597552392], [119.08519244912969, 25.121598430987987], [119.09378226306217, 25.119514586908558], [119.11019857808286, 25.1186789065341], [119.11850000174739, 25.127849963226282], [119.11864853002206, 25.127849963226282], [119.13520470703605, 25.12394829763339], [119.1441358929645, 25.119514586908558], [119.15658518292236, 25.119514586908558], [119.16378314012537, 25.127849963226282], [119.15918829953324, 25.136185339544006], [119.16756557979896, 25.14452071586173], [119.16021083598922, 25.159628585437606], [119.14520715861732, 25.16119146849718], [119.14232810570951, 25.169526844814907], [119.13520470703604, 25.183071831331212], [119.1268693307183, 25.18804990329874], [119.11853395440059, 25.182029909291494], [119.11019857808287, 25.176308080131015], [119.09936258898446, 25.17786222113263], [119.09131489373092, 25.186197597450356], [119.09352782544741, 25.198418930127918], [119.10186320176514, 25.193565474770807], [119.10510130896176, 25.202868350085808], [119.11242134510093, 25.211203726403536], [119.11853395440059, 25.22492903796686], [119.1268693307183, 25.23412793719981], [119.13853885756313, 25.22787447903898], [119.14354008335377, 25.21915108464997], [119.15187545967149, 25.209410175858356], [119.15645991664624, 25.194532973768084], [119.16149320157656, 25.186197597450356], [119.17688158862467, 25.178287061905372], [119.18660619432868, 25.177862221132628], [119.20188771757785, 25.17452807060554], [119.20982617121376, 25.186197597450356], [119.21855847021328, 25.188656410447344], [119.23522922284874, 25.18827624491608], [119.24356459916646, 25.182029909291494], [119.26023535180191, 25.178866483316508], [119.26857072811964, 25.17452807060554], [119.28315763667567, 25.17786222113263], [119.29357685707281, 25.179946065212064], [119.30191223339054, 25.18668791370434], [119.3035793086541, 25.202868350085808], [119.29952044671374, 25.211203726403532], [119.29206499921241, 25.219539102721257], [119.29149301299337, 25.236209855356705], [119.30191223339054, 25.236852521212228], [119.31441529786713, 25.236209855356705], [119.32275067418485, 25.236209855356705], [119.33525373866144, 25.239186775470177], [119.34358911497917, 25.24512087922838], [119.35950210613119, 25.252880607992154], [119.36303832638718, 25.252880607992154], [119.37192939445941, 25.252880607992154], [119.37471022171133, 25.269551360627606], [119.36192694287817, 25.277886736945334], [119.35192449129688, 25.285209309338583], [119.33525373866144, 25.284862345536773], [119.32691836234372, 25.291882560479145], [119.31858298602599, 25.30185094385879], [119.31395222140503, 25.31122824221623], [119.3097266486884, 25.319563618533955], [119.30191223339054, 25.332761297703684], [119.29357685707281, 25.34086513579036], [119.28524148075508, 25.333383695251836], [119.27690610443736, 25.321836902984245], [119.26458424379376, 25.32789899485168], [119.25189997548419, 25.33226325329965], [119.24713690330262, 25.344569747487128], [119.25815150772249, 25.352905123804856], [119.24356459916646, 25.357668195986413], [119.23999229503028, 25.344569747487128], [119.23522922284874, 25.330677453624254], [119.23522922284874, 25.32456484432459], [119.24419226305842, 25.319563618533955], [119.24356459916646, 25.30706055405737], [119.23522922284874, 25.295839855168126], [119.22927590606349, 25.286222113263058], [119.22159806232071, 25.27788673694533], [119.21022309389556, 25.276302326572583], [119.20788333907548, 25.286222113263058], [119.20779295507472, 25.302892865898507], [119.21816154752585, 25.30289286589851], [119.21869511572869, 25.302892865898507], [119.23068265394815, 25.31122824221623], [119.22689384653101, 25.321647462613388], [119.22528728503873, 25.336234371169404], [119.21855847021328, 25.352384162784997], [119.21700698088681, 25.36124050012258], [119.20188771757783, 25.362966326881725], [119.20048116614586, 25.352905123804856], [119.18521696494238, 25.346190781590828], [119.17688158862467, 25.36116476221951], [119.16854621230695, 25.361281969656275], [119.16854621230694, 25.3774327007217], [119.16854621230694, 25.378210379821077], [119.15225261037519, 25.386246629075757], [119.14354008335377, 25.386436251536853], [119.12761216827126, 25.394582005393477], [119.12461652633715, 25.402917381711205], [119.12978379794768, 25.402917381711205], [119.135361532851, 25.4029173817112], [119.13576119661799, 25.419588134346654], [119.1485413091444, 25.427923510664378], [119.15187545967149, 25.44214961232972], [119.16021083598922, 25.452380054345436], [119.16854621230694, 25.460128237382936], [119.18521696494238, 25.457056063576182], [119.19355234126012, 25.463447483323588], [119.20256294550543, 25.469600392253007], [119.21855847021328, 25.476210189518188], [119.22689384653101, 25.482896379318294], [119.24060879201657, 25.486271144888455], [119.25189997548419, 25.49156344735247], [119.26023535180192, 25.47847650008798], [119.26857072811964, 25.489291208782124], [119.27690610443736, 25.502102363215304], [119.27895915282042, 25.486271144888455], [119.27012583560287, 25.47793576857073], [119.26494460400957, 25.469600392253007], [119.26397363572076, 25.452929639617555], [119.26295092992304, 25.436258886982102], [119.27690610443736, 25.43059556250475], [119.2806523409445, 25.419588134346654], [119.2935768570728, 25.41357458992782], [119.31024760970826, 25.41490328785394], [119.31137993011647, 25.427923510664378], [119.32036152753136, 25.436258886982102], [119.33525373866144, 25.44034485584171], [119.34358911497917, 25.429358170974158], [119.34358911497917, 25.440809756434057], [119.3363506452448, 25.452929639617555], [119.33303982730382, 25.46126501593528], [119.33090268460566, 25.47793576857073], [119.33489289986576, 25.49460652120618], [119.34165515293081, 25.502941897523904], [119.34358911497917, 25.511969580846955], [119.34574556148827, 25.527948026477077], [119.36025986761462, 25.53524553494676], [119.36859524393233, 25.527375908102275], [119.38507335145792, 25.519612650159353], [119.39360137288551, 25.51851755725809], [119.40708204321137, 25.51127727384163], [119.40178519690654, 25.502941897523904], [119.41027212552096, 25.502579489857915], [119.4186075018387, 25.494401132061146], [119.42170050302734, 25.502941897523904], [119.43527825447413, 25.505596475880353], [119.44874835952464, 25.502941897523904], [119.45236702998292, 25.49460652120618], [119.45084853939296, 25.486271144888455], [119.43527825447414, 25.478332691252525], [119.42927678352537, 25.469600392253007], [119.42845840112327, 25.452929639617555], [119.42995929903316, 25.436258886982102], [119.44361363079186, 25.429428091237504], [119.44730534344399, 25.44459426329983], [119.4570647101979, 25.452929639617555], [119.46861975974504, 25.459181171855846], [119.48529051238049, 25.4545967148811], [119.48607563415925, 25.444594263299827], [119.4936258886982, 25.434755786341324], [119.50381848406448, 25.427923510664378], [119.50259465228146, 25.41125275802893], [119.50103511209174, 25.4029173817112], [119.49570973277764, 25.386246629075757], [119.48529051238049, 25.379995096837465], [119.47829379390775, 25.369575876440305], [119.4936258886982, 25.361703576584677], [119.50208444792202, 25.369575876440305], [119.51029664133367, 25.37831315133131], [119.51484321023423, 25.369575876440305], [119.52363324344202, 25.36124050012258], [119.53113508212797, 25.36124050012258], [119.54363814660456, 25.365408188281442], [119.55197352292228, 25.373743564599167], [119.55911813119462, 25.386246629075757], [119.56792384543347, 25.39458200539348], [119.57613684337916, 25.402917381711205], [119.56846578784506, 25.41125275802893], [119.57697965187546, 25.414586908556018], [119.57757503589816, 25.402917381711205], [119.5829334921024, 25.386246629075757], [119.58531502819318, 25.371928508742286], [119.59365040451091, 25.381899471028177], [119.59729186723888, 25.369575876440305], [119.59198332924737, 25.361240500122584], [119.58670425757947, 25.344569747487128], [119.59365040451091, 25.329566070115227], [119.60198578082864, 25.327118340266633], [119.60198578082864, 25.329871488495698], [119.60198578082864, 25.336821369509522], [119.61865653346409, 25.336921824886332], [119.63532728609954, 25.337944191952527], [119.64525035314445, 25.344569747487128], [119.65199803873499, 25.35317832525537], [119.65199803873499, 25.368806693764906], [119.65199803873499, 25.37124295170385], [119.66569187125697, 25.377911252758032], [119.65965647596545, 25.386246629075757], [119.6603334150527, 25.397360464166056], [119.66866879137044, 25.407085069870067], [119.66866879137044, 25.414031216801504], [119.66289814622739, 25.427923510664378], [119.65199803873499, 25.43447273491402], [119.64366266241724, 25.437185039906293], [119.64314557951546, 25.452929639617555], [119.64736727411402, 25.46126501593528], [119.64199224632472, 25.469600392253007], [119.6394949742584, 25.486271144888455], [119.62699190978182, 25.487938220152003], [119.61448884530523, 25.486271144888455], [119.61032115714636, 25.475554232479954], [119.60963792956865, 25.486271144888455], [119.59759874071304, 25.49460652120618], [119.60198578082864, 25.506450708864314], [119.60198578082863, 25.514913354157034], [119.59793948153288, 25.527948026477077], [119.61032115714636, 25.533549757830315], [119.6129491485174, 25.54461877911253], [119.61032115714636, 25.557121843589115], [119.60463055567142, 25.569624908065705], [119.59870010740308, 25.569624908065705], [119.58769656428396, 25.569624908065705], [119.58661530811176, 25.586295660701154], [119.57697965187546, 25.5894214268203], [119.56864427555773, 25.583728296271914], [119.55197352292228, 25.579175754191013], [119.54363814660456, 25.58783924890814], [119.52728798535905, 25.59463103701888], [119.5396048999992, 25.602966413336603], [119.53903931829134, 25.61963716597205], [119.53530277028683, 25.631973522922287], [119.52141047642397, 25.627972542289776], [119.51818145676934, 25.61963716597205], [119.51029664133367, 25.60308200406834], [119.51029664133367, 25.599018077241155], [119.52535409535605, 25.59463103701888], [119.52730397686724, 25.586295660701154], [119.52057953549564, 25.57796028438343], [119.51515894415117, 25.57796028438343], [119.50543433851615, 25.57796028438343], [119.50196126501594, 25.56954817076208], [119.4936258886982, 25.576194314835295], [119.48529051238049, 25.584299163334116], [119.48529051238049, 25.58807862889107], [119.4936258886982, 25.602645821946656], [119.4936258886982, 25.60335410525332], [119.4936258886982, 25.61193232546953], [119.4936258886982, 25.621128070538933], [119.48529051238049, 25.63104950871851], [119.47316632872773, 25.636307918607503], [119.46861975974505, 25.64878565016846], [119.46119954344896, 25.66131404756068], [119.47695513606277, 25.66906644369089], [119.49067008154832, 25.669649423878404], [119.49570973277764, 25.67798480019613], [119.51029664133367, 25.68564071411688], [119.51863201765138, 25.694042730774306], [119.53530277028683, 25.694426211364355], [119.54470592450693, 25.694655552831577], [119.55786264746408, 25.69465555283158], [119.56864427555772, 25.68947922542455], [119.58531502819318, 25.687296501715707], [119.60144960586673, 25.694655552831577], [119.60498935999325, 25.702990929149305], [119.60939500422216, 25.71966168178475], [119.61032115714636, 25.728200359963886], [119.62178229958323, 25.7363324344202], [119.62699190978182, 25.749202835909756], [119.63187902965092, 25.76133856337338], [119.62699190978181, 25.770864707736493], [119.61865653346409, 25.7848208574751], [119.61766892964167, 25.794680068644276], [119.61415396690097, 25.811350821279724], [119.61032115714636, 25.822873253248346], [119.6075124977643, 25.836356950232904], [119.61032115714636, 25.845436285470132], [119.61865653346408, 25.855806161640928], [119.62074037754351, 25.8696984555038], [119.62143499223666, 25.88636920813925], [119.62699190978181, 25.898928592671652], [119.63532728609954, 25.90551336629422], [119.65199803873499, 25.904821024065047], [119.66866879137044, 25.904917297759003], [119.68420855669963, 25.911375337092426], [119.69129338423284, 25.919710713410147], [119.69227401669589, 25.936381466045603], [119.69367492032362, 25.945907610408717], [119.70201029664133, 25.954094140720766], [119.70898590523278, 25.9697229713165], [119.71868104927678, 25.97797581915766], [119.71868104927678, 25.97822178638197], [119.71742949124246, 25.994729100269673], [119.71767192384256, 26.011399852905125], [119.71034567295906, 26.026555082573715], [119.69367492032362, 26.027498513811523], [119.67700416768815, 26.027215256498444], [119.66866879137044, 26.031502819226777], [119.6586265686476, 26.028070605540577], [119.64549237916992, 26.028070605540577], [119.63532728609954, 26.02980631737517], [119.62110534452225, 26.0364059818583], [119.61782299583231, 26.044741358176026], [119.60198578082864, 26.05065013290523], [119.58531502819318, 26.05274616236338], [119.5725668055896, 26.05307673449375], [119.58088131746837, 26.061412110811474], [119.59365040451091, 26.067021381544784], [119.61032115714636, 26.066469405138125], [119.62699190978182, 26.067637348848773], [119.64366266241726, 26.061735124809505], [119.65199803873499, 26.071414562392746], [119.65616572689385, 26.086418239764647], [119.64915320035036, 26.09475361608238], [119.63972158616187, 26.1030889924001], [119.62970287569388, 26.11142436871782], [119.6404731052149, 26.11975974503555], [119.62841920020989, 26.11975974503555], [119.62253448930241, 26.11975974503555], [119.61865653346409, 26.131799733050045], [119.60888402329847, 26.128095121353276], [119.60129690673831, 26.128095121353276], [119.59184440630874, 26.136430497671], [119.60198578082864, 26.13762126571639], [119.61032115714636, 26.150264143382934], [119.6186565334641, 26.141753215677987], [119.63532728609954, 26.14070504965494], [119.64366266241726, 26.128813894802402], [119.65180392190722, 26.144765873988725], [119.65901730300254, 26.15310125030645], [119.6510718858108, 26.161436626624173], [119.64644112118984, 26.17810737925962], [119.64227343303097, 26.17810737925962], [119.62699190978181, 26.177088799637207], [119.61032115714636, 26.171522880889142], [119.61032115714636, 26.1841119070664], [119.62587584942247, 26.186442755577346], [119.63199313557244, 26.194778131895074], [119.64366266241726, 26.199618027821494], [119.65199803873499, 26.204415910743037], [119.65734403912475, 26.21978426084825], [119.66139604426007, 26.228119637165975], [119.67012748222602, 26.2364550134837], [119.6604865934112, 26.244790389801423], [119.6603334150527, 26.2532676884513], [119.64366266241726, 26.255182139493336], [119.64366266241726, 26.26376055659349], [119.65957565356928, 26.269796518754596], [119.66866879137044, 26.272504065522433], [119.68533954400588, 26.276523714495823], [119.69367492032362, 26.279270607731505], [119.70201029664133, 26.277490712278652], [119.7134714390782, 26.269796518754596], [119.72499572830536, 26.269796518754596], [119.73184216977846, 26.27813189507232], [119.74326820983961, 26.28646727139005], [119.75202255454768, 26.287634282437548], [119.76035793086541, 26.295070968202683], [119.77702868350086, 26.295866027247776], [119.77911252758028, 26.28646727139005], [119.78560221342767, 26.27813189507232], [119.80179665884495, 26.27813189507232], [119.81037018877176, 26.284383427310615], [119.81748575392103, 26.294802647707773], [119.80203481245404, 26.302579102970178], [119.79896388433698, 26.311473400343225], [119.8099934485992, 26.31980877666095], [119.81870556508949, 26.31988824444974], [119.83537631772492, 26.321198006047236], [119.84371169404265, 26.33040592301353], [119.85204707036038, 26.32110779634683], [119.86066795366233, 26.31980877666095], [119.87539536056573, 26.31980877666095], [119.87939412753863, 26.31980877666095], [119.89372395194901, 26.31327551396157], [119.90860369122956, 26.31980877666095], [119.90043962912883, 26.328144152978673], [119.91039470458446, 26.330396348673396], [119.91873008090218, 26.339400003246613], [119.92706545721992, 26.346588389889064], [119.94130505842935, 26.353150281931846], [119.95005496287041, 26.36148565824957], [119.94373620985536, 26.37652344638563], [119.93540083353763, 26.368267376287083], [119.91873008090218, 26.367737190487865], [119.91039470458446, 26.360338009041925], [119.89372395194903, 26.358803748285712], [119.87705319931356, 26.360128736523432], [119.86871782299583, 26.352943807419447], [119.86514551885966, 26.36148565824957], [119.87520089346519, 26.369821034567295], [119.86871782299583, 26.383157636675655], [119.8603824466781, 26.392974857672087], [119.85092007586766, 26.39482716352047], [119.85872218720593, 26.4031625398382], [119.84996322628095, 26.411497916155923], [119.8403420738291, 26.419833292473648], [119.83537631772492, 26.43269722773485], [119.8270409414072, 26.42712063323758], [119.81355240536661, 26.419833292473648], [119.80591881601038, 26.411497916155923], [119.79612900832741, 26.4031625398382], [119.78536405981859, 26.395681869840313], [119.78313002869984, 26.386491787202747], [119.77702868350087, 26.373667785976725], [119.76869330718313, 26.38102596664212], [119.76035793086541, 26.375544349998776], [119.74510771193397, 26.369821034567295], [119.75096137726807, 26.353150281931846], [119.75637144653953, 26.344814905614122], [119.7518644604297, 26.336479529296398], [119.73535180191222, 26.32848734671045], [119.71868104927677, 26.331998852600925], [119.71868104927678, 26.327455910920555], [119.71868104927678, 26.3176782243442], [119.70289089256833, 26.31980877666095], [119.70201029664133, 26.33622235280083], [119.70186156610842, 26.344814905614122], [119.68533954400587, 26.348707709565446], [119.66894395051119, 26.353150281931846], [119.66073514347931, 26.361485658249567], [119.66866879137044, 26.377461796191877], [119.66866879137044, 26.37872152114385], [119.66072540395037, 26.39482716352047], [119.66880436150045, 26.4031625398382], [119.66893356381401, 26.419833292473648], [119.66866879137044, 26.428444051897053], [119.6603334150527, 26.43679369139123], [119.651998038735, 26.450485966591593], [119.6508072706896, 26.46151017406227], [119.63866143662662, 26.46151017406227], [119.63115959794067, 26.453174797744545], [119.62699190978181, 26.43931930462525], [119.6186565334641, 26.44711270587711], [119.60198578082864, 26.446121787014164], [119.60198578082864, 26.461327359048845], [119.60198578082866, 26.461878643509767], [119.5936504045109, 26.471159053708], [119.59365040451092, 26.48179760347918], [119.60198578082864, 26.47687591521302], [119.61032115714636, 26.467315427440216], [119.62699190978181, 26.463594018141702], [119.63497000464454, 26.47818092669772], [119.64366266241726, 26.48639514332557], [119.65801803274223, 26.478180926697718], [119.66866879137044, 26.475644073035802], [119.67798746091074, 26.469845550379997], [119.69367492032362, 26.461950267836436], [119.70201029664133, 26.460007073421487], [119.71034567295906, 26.449668024672157], [119.72701642559451, 26.445047878802477], [119.74368717822996, 26.448411725562988], [119.7534258165405, 26.44483942142682], [119.76197849671017, 26.436504045109096], [119.76035793086541, 26.423451325990023], [119.76035793086541, 26.415056715881768], [119.76869330718313, 26.405415344248397], [119.77702868350086, 26.412035682369968], [119.79369943613631, 26.41288714554221], [119.80179730352035, 26.428168668791372], [119.80499252663131, 26.436504045109096], [119.81870556508949, 26.4380852366451], [119.8252992209826, 26.453174797744545], [119.81870556508949, 26.46598657986253], [119.81037018877176, 26.47757327118797], [119.80190794862736, 26.47818092669772], [119.80928016965515, 26.486516303015446], [119.80203481245404, 26.501445215211657], [119.80029930876958, 26.511522431968622], [119.7909813786414, 26.519857808286346], [119.78536405981859, 26.534444716842366], [119.78337029130873, 26.54486393723952], [119.76869330718313, 26.551748000246747], [119.76661465971742, 26.561534689874968], [119.77702868350086, 26.563027193599307], [119.78536405981859, 26.556763297613998], [119.78536405981859, 26.566861605746944], [119.78536405981859, 26.573741177291566], [119.78536405981859, 26.582477696322016], [119.77605662795361, 26.586540818828148], [119.76483958415793, 26.594876195145872], [119.75202255454768, 26.6009344736667], [119.74368717822998, 26.606897733969582], [119.73535180191223, 26.61657962782221], [119.71868104927678, 26.618510890634823], [119.70201029664133, 26.61773125924286], [119.68533954400587, 26.614319225338946], [119.67624640620473, 26.619882324099045], [119.66157485407875, 26.619882324099045], [119.65199803873499, 26.61862415408882], [119.63532728609954, 26.618956171174855], [119.62699190978182, 26.605144969033294], [119.6186565334641, 26.596013862838912], [119.61032115714636, 26.586590894820212], [119.59447424984464, 26.594876195145872], [119.5872818023805, 26.603211571463596], [119.57995657198893, 26.61154694778132], [119.57665906047862, 26.619882324099045], [119.56828186789174, 26.62821770041677], [119.56864427555773, 26.6375583482502], [119.57697965187546, 26.63238538857563], [119.59365040451091, 26.629884775680317], [119.60198578082864, 26.643636966013766], [119.61032115714636, 26.647269989143], [119.61088663319667, 26.66155920568767], [119.61878832870364, 26.669894582005394], [119.6105554322471, 26.67822995832312], [119.61865653346408, 26.693156097310673], [119.62699190978181, 26.68642868912744], [119.62977036855439, 26.69490071095857], [119.6187604555725, 26.703236087276295], [119.62770811211901, 26.711571463594016], [119.64114537107383, 26.71157146359402], [119.6358482471194, 26.69490071095857], [119.64199558715372, 26.678229958323122], [119.64574650649669, 26.669894582005394], [119.64634189051938, 26.653223829369946], [119.65199803873497, 26.643417504290262], [119.66866879137044, 26.637832349557193], [119.68533954400588, 26.6369074719792], [119.70201029664133, 26.63797387948513], [119.71868104927678, 26.64150220642314], [119.72468973296029, 26.653223829369942], [119.73535180191223, 26.65859795357479], [119.74368717822996, 26.662535284505243], [119.75891037342048, 26.669894582005398], [119.75202255454768, 26.683231184113758], [119.73535180191223, 26.68473953666185], [119.72701642559451, 26.672154611165436], [119.71034567295906, 26.677677672322446], [119.69367492032362, 26.677658911772987], [119.67700416768815, 26.677633082116415], [119.66866879137044, 26.680103802569803], [119.65927784340582, 26.678229958323126], [119.64723496655341, 26.678229958323122], [119.65676111091653, 26.686565334640846], [119.6599364923709, 26.703236087276295], [119.6537404620508, 26.719906839911744], [119.65199803873499, 26.732531293251437], [119.64366266241726, 26.737343000483385], [119.64366266241726, 26.747994438819187], [119.65199803873499, 26.759166955552363], [119.65525970772887, 26.744912968864917], [119.66079178054967, 26.736577592547192], [119.67450793411092, 26.728242216229468], [119.67923586149658, 26.719906839911744], [119.68661018065077, 26.71157146359402], [119.6962396514983, 26.703236087276295], [119.70489561921286, 26.703236087276295], [119.71709335854959, 26.703236087276295], [119.72284873743564, 26.703236087276295], [119.73498812929924, 26.71157146359402], [119.73535180191223, 26.720113519206045], [119.74368717822998, 26.73162905081178], [119.76035793086541, 26.73062375232025], [119.76869330718313, 26.738429898395573], [119.77494483942142, 26.753248345182644], [119.77566446482074, 26.769919097818097], [119.77405176338738, 26.786589850453545], [119.7733240718041, 26.803260603088994], [119.77702868350086, 26.814721745525866], [119.7789899485168, 26.803260603088994], [119.78536405981859, 26.78775184526866], [119.7999431636761, 26.786589850453545], [119.80244334956195, 26.786589850453545], [119.81870556508949, 26.78781564105412], [119.81870556508949, 26.786456676203706], [119.80329507498725, 26.77825447413582], [119.79909291493013, 26.769919097818097], [119.78774559590937, 26.76158372150037], [119.78711887588548, 26.744912968864917], [119.78734867322757, 26.728242216229468], [119.78536405981859, 26.719401359230517], [119.78536405981859, 26.704189246387422], [119.79369943613631, 26.701634425266814], [119.79369943613631, 26.69227775593388], [119.77702868350086, 26.69475908532978], [119.77702868350086, 26.67876898516845], [119.79369943613631, 26.679404285791634], [119.80246951267044, 26.678229958323122], [119.81870556508949, 26.670289623529897], [119.8316119542266, 26.678229958323122], [119.81870556508949, 26.683143186044287], [119.80861193548975, 26.686565334640846], [119.81037018877176, 26.695087854563113], [119.8270409414072, 26.701659124189156], [119.83381343466536, 26.71157146359402], [119.83605179391738, 26.71157146359402], [119.84127120906601, 26.69490071095857], [119.85204707036038, 26.687188107964612], [119.85275646408955, 26.678229958323122], [119.84787938220151, 26.669894582005394], [119.85302770286835, 26.66155920568767], [119.8603824466781, 26.651139985290513], [119.87705319931356, 26.6485125297121], [119.88538857563128, 26.65481759159544], [119.89372395194901, 26.662440634246483], [119.90840178729916, 26.669894582005394], [119.89721943234031, 26.678229958323122], [119.90150363651222, 26.69490071095857], [119.90205932826673, 26.70708318403832], [119.91039470458446, 26.71268284710305], [119.92642427442624, 26.719906839911744], [119.92677450220167, 26.736577592547192], [119.93454062954602, 26.744912968864917], [119.92829526684056, 26.761583721500372], [119.92514927871406, 26.769919097818097], [119.92706545721992, 26.780943305288773], [119.93566041273536, 26.78658985045355], [119.95168909048905, 26.78658985045354], [119.95207158617309, 26.777971282875185], [119.96040696249081, 26.786550692305525], [119.97515416674524, 26.77825447413582], [119.97707771512626, 26.76461476743409], [119.98332924736455, 26.77825447413582], [119.99235923837541, 26.786589850453545], [119.9940571854031, 26.786589850453545], [120.01041922039715, 26.778428127809107], [120.0270899730326, 26.77876480329813], [120.04262408344292, 26.786589850453545], [120.05209610198578, 26.787256680558965], [120.06876685462123, 26.78751600337774], [120.06876685462123, 26.782997015915065], [120.06043147830351, 26.770344271231288], [120.05149913867311, 26.769919097818097], [120.04351794772145, 26.761583721500365], [120.0270899730326, 26.76019449211408], [120.01234276877817, 26.753248345182644], [120.01553504064728, 26.736577592547196], [120.01041922039715, 26.721596301393387], [119.9937484677617, 26.727639295691837], [119.98808041186567, 26.71157146359402], [119.9774774933718, 26.703236087276295], [119.9709823623192, 26.69490071095857], [119.96931719234769, 26.678229958323122], [119.96874233880854, 26.665726893846532], [119.96040696249082, 26.65850275551702], [119.95623927433195, 26.644888453052218], [119.95207158617308, 26.631907564434343], [119.94524079042849, 26.619882324099045], [119.94340372575408, 26.619882324099045], [119.92706545721991, 26.626819733761103], [119.91039470458446, 26.622969323736967], [119.89372395194901, 26.624139228919155], [119.88538857563128, 26.61851621350213], [119.8720219361308, 26.61154694778132], [119.8626830814051, 26.603211571463596], [119.85204707036038, 26.600370683340515], [119.84371169404265, 26.587446837993113], [119.84315600228814, 26.57820544251042], [119.8334890627096, 26.5698700661927], [119.83421324195967, 26.55319931355724], [119.82918849623621, 26.536528560921795], [119.83537631772494, 26.526438368537182], [119.85204707036038, 26.520067134656568], [119.8603824466781, 26.515085006418914], [119.87705319931356, 26.515136887186042], [119.88538857563128, 26.520734109387803], [119.89372395194901, 26.529157034742155], [119.90205932826673, 26.537727703907933], [119.91039470458446, 26.545821132526473], [119.92706545721991, 26.546947781318952], [119.93540083353763, 26.555878541659368], [119.94314235289602, 26.569870066192696], [119.94311877457257, 26.586540818828148], [119.9508808181277, 26.594876195145872], [119.95207158617308, 26.60359926338535], [119.96874233880854, 26.603858979332937], [119.97767309914894, 26.603211571463596], [119.99240405222659, 26.603211571463596], [120.00208384407944, 26.60360991679765], [120.01813928841446, 26.61154694778132], [120.02708997303259, 26.612826033711194], [120.04042657514097, 26.619882324099045], [120.05187467164056, 26.62821770041677], [120.06043147830351, 26.629020852135717], [120.06906035379129, 26.62821770041677], [120.08543760725668, 26.619947261589523], [120.09377298357441, 26.61461787589838], [120.10210835989213, 26.606443476179237], [120.10210835989213, 26.61725390437749], [120.10210835989213, 26.62266078287162], [120.11044373620986, 26.629349987726968], [120.1267810737926, 26.636553076734494], [120.13292590561298, 26.644888453052218], [120.11877911252758, 26.652581905925516], [120.11877911252758, 26.65488151109947], [120.11877911252758, 26.668465823641334], [120.11044373620986, 26.67758877552945], [120.1098783192772, 26.686565334640846], [120.11044373620987, 26.69728224704935], [120.11918657756569, 26.69490071095857], [120.13544986516303, 26.68881131003129], [120.13544986516303, 26.70222328337138], [120.12711448884531, 26.707999159457852], [120.12711448884531, 26.71186325040666], [120.14100678270819, 26.71157146359402], [120.14563754732914, 26.71157146359402], [120.15212061779849, 26.721232922507745], [120.15212061779849, 26.735095747868485], [120.14321038794161, 26.736577592547192], [120.12711448884531, 26.744602930693194], [120.11764247030243, 26.744912968864917], [120.10210835989213, 26.752950653171297], [120.10158739887227, 26.76158372150037], [120.11044373620986, 26.763436027348753], [120.1184138462511, 26.77825447413582], [120.12662366733609, 26.786589850453545], [120.1349561802247, 26.79492522677127], [120.12044618779113, 26.803260603088997], [120.11669526844814, 26.803260603088994], [120.10210835989213, 26.802311243632502], [120.09047206981332, 26.803260603088994], [120.08543760725668, 26.819335971701747], [120.07710223093898, 26.82650680546117], [120.06043147830351, 26.822592845122585], [120.04392416442144, 26.828266732042167], [120.03552011635824, 26.83660210835989], [120.02728825621104, 26.844937484677615], [120.027247417327, 26.86160823731307], [120.03570588017354, 26.869943613630795], [120.05209610198578, 26.877715526288757], [120.06812363770769, 26.87827898994852], [120.07710223093896, 26.878502338726275], [120.08543760725668, 26.87459218888491], [120.10201030817929, 26.87827898994852], [120.11000410663601, 26.886614366266244], [120.11877911252758, 26.88800359565253], [120.12530245051536, 26.903285118901692], [120.12711448884531, 26.9141852263941], [120.14302747999733, 26.91995587153714], [120.15212061779849, 26.920239243152245], [120.16879137043394, 26.92114663958253], [120.17712674675165, 26.928319653580903], [120.18546212306939, 26.9200641091178], [120.19463103701888, 26.91995587153714], [120.21046825202255, 26.91439895399199], [120.21880362834028, 26.920304340445632], [120.22054743089865, 26.911620495219417], [120.23292377625116, 26.911620495219417], [120.23547438097575, 26.921223471705975], [120.24380975729346, 26.912974993871046], [120.25919880164291, 26.91995587153714], [120.26598660513832, 26.928291247854865], [120.26048050992891, 26.9440747864497], [120.25214513361118, 26.934383251395634], [120.24380975729346, 26.927502766311296], [120.24120557823696, 26.936626624172593], [120.24205494122657, 26.95329737680804], [120.23547438097573, 26.969349663382182], [120.21880362834028, 26.968935529508407], [120.20213287570483, 26.964269453797705], [120.18628138009709, 26.969968129443494], [120.19379749938709, 26.985754982727542], [120.20637919948933, 26.978303505761218], [120.21880362834028, 26.97204648900262], [120.23547438097575, 26.97253286061818], [120.24380975729346, 26.978401189766124], [120.25214513361118, 26.98674701201731], [120.26874040516093, 26.994974258396667], [120.27437280379178, 27.00330963471439], [120.27603987905533, 27.01998038734984], [120.26881588624661, 27.031181049276782], [120.25214513361118, 27.034226964350225], [120.25214513361118, 27.04209465104993], [120.25222766209282, 27.053321892620744], [120.26881588624663, 27.053460861883522], [120.27424168044914, 27.044986516303013], [120.28548663888208, 27.0408292734679], [120.28700216184893, 27.05332189262074], [120.2875241753153, 27.069992645256193], [120.28548663888208, 27.083632351957924], [120.28527291128418, 27.094998774209365], [120.29382201519981, 27.09557349565082], [120.31049276783526, 27.095243042103373], [120.3271635204707, 27.096914010341848], [120.33549889678844, 27.08718582824937], [120.34472734914019, 27.08666339789164], [120.35383672468743, 27.078328021573917], [120.36884040205932, 27.077401868649723], [120.37578654899076, 27.08666339789164], [120.37790647100232, 27.08666339789164], [120.39003942978513, 27.08666339789164], [120.37803068876862, 27.094998774209365], [120.38551115469478, 27.10657568576176], [120.39384653101251, 27.11276628688662], [120.40218190733023, 27.120096109819436], [120.4040763110388, 27.111669526844814], [120.41051728364795, 27.09547508142752], [120.42545805251936, 27.10333415052709], [120.41667821396975, 27.111669526844814], [120.41051728364795, 27.123035949096263], [120.40218190733023, 27.136238745410576], [120.39320534821883, 27.13667565579799], [120.40218190733023, 27.13692260063732], [120.41885265996567, 27.137006260713957], [120.42718803628341, 27.1303015444962], [120.43552341260113, 27.137993617661532], [120.43966215850892, 27.153346408433443], [120.4282107818319, 27.153346408433443], [120.41885265996568, 27.15326122318615], [120.41051728364795, 27.156245669761347], [120.40218190733023, 27.168016670752635], [120.39384653101249, 27.17534337616636], [120.38551115469477, 27.183827847739508], [120.3839414039589, 27.195023290022064], [120.38573050670314, 27.195023290022064], [120.39468006864426, 27.18668791370434], [120.40277729135293, 27.178352537386615], [120.41101981841074, 27.17001716106889], [120.42718803628341, 27.166228353651743], [120.43523111906516, 27.178352537386615], [120.42800124372904, 27.195023290022064], [120.43552341260113, 27.209709429248534], [120.44754240298732, 27.211694042657513], [120.45219416523658, 27.22733738166914], [120.46035110843005, 27.211694042657516], [120.46737974713645, 27.20335866633979], [120.45968481310301, 27.195023290022064], [120.45219416523658, 27.180045660701154], [120.44745815596515, 27.17001716106889], [120.45219416523656, 27.157892977334015], [120.46082872949884, 27.153346408433443], [120.4730326060309, 27.14501103211572], [120.48077259832591, 27.14501103211572], [120.47720029418976, 27.160522253062418], [120.47720029418976, 27.162614451518163], [120.48692489989375, 27.17001716106889], [120.4938710468252, 27.181686687913704], [120.50220642314292, 27.186789034367774], [120.51054179946065, 27.179640517184403], [120.51054179946065, 27.176739238744474], [120.49684796693867, 27.17001716106889], [120.50220642314292, 27.156124867206017], [120.51054179946065, 27.149499311671416], [120.5272125520961, 27.147044050729797], [120.53466387334983, 27.161681784751167], [120.53379784941092, 27.178352537386615], [120.52542314662203, 27.18668791370434], [120.51712632922485, 27.195023290022064], [120.52382694029723, 27.20335866633979], [120.51828506950139, 27.211694042657516], [120.51887717577839, 27.22101923802727], [120.53476862994813, 27.228364795292965], [120.53554792841382, 27.238669863146626], [120.53554792841383, 27.25272225681558], [120.52387840156902, 27.25337092424614], [120.52699006774314, 27.27004167688159], [120.53554792841383, 27.271708752145138], [120.54388330473155, 27.2786736330411], [120.55214900474309, 27.295047805834763], [120.55251637306064, 27.295047805834763], [120.56781390125664, 27.295047805834763], [120.56018572434036, 27.30338318215249], [120.56026827303612, 27.32005393478794], [120.5682319399779, 27.328389311105667], [120.560554057367, 27.33899797187368], [120.55302465440698, 27.328389311105667], [120.54527253411784, 27.328389311105667], [120.53554792841383, 27.335868579666144], [120.53554792841383, 27.338873987466123], [120.54297728556658, 27.35339544005884], [120.55221868104928, 27.355826591484842], [120.55762510272068, 27.37006619269429], [120.55221868104928, 27.3856805808063], [120.55221868104928, 27.3889597123478], [120.560554057367, 27.397775722755277], [120.56888943368473, 27.39173817112037], [120.57722481000243, 27.38370589939602], [120.58556018632018, 27.376020032921236], [120.5938955626379, 27.37846899096868], [120.60315709187982, 27.378401569012013], [120.61118729904084, 27.37006619269429], [120.6272370679088, 27.36193055221888], [120.63557244422654, 27.356173898831415], [120.6494647380894, 27.361730816376564], [120.65557734738907, 27.37006619269429], [120.65432704094141, 27.386736945329737], [120.65177306846192, 27.39507232164746], [120.64390782054426, 27.411592385020963], [120.64363787312249, 27.42007845060064], [120.64390782054426, 27.428543368858836], [120.65218628066879, 27.445084579553814], [120.65248835498896, 27.445084579553814], [120.66728753460616, 27.445084579553814], [120.66891394949742, 27.45364011900369], [120.67724932581515, 27.450641497098967], [120.68506374111301, 27.461755332189263], [120.68558470213287, 27.471209980193706], [120.68558470213287, 27.486241907259238], [120.67659126979007, 27.486761461142436], [120.66891394949742, 27.50228091866998], [120.66891394949742, 27.503953174797743], [120.66891394949742, 27.517203705085436], [120.65689535077793, 27.51176759009561], [120.64390782054426, 27.505048256125203], [120.6353953912551, 27.503432213777888], [120.61909992621, 27.503432213777884], [120.6273620093076, 27.511767590095612], [120.61907596513582, 27.52010296641334], [120.61074890375895, 27.528438342731068], [120.61890169159106, 27.545069213183172], [120.63557244422653, 27.54506187216759], [120.63562296165875, 27.553444471684237], [120.6272816421137, 27.56177984800196], [120.61920955100462, 27.570115224319686], [120.61080112904453, 27.57845060063741], [120.60245173112098, 27.586785976955138], [120.61890169159108, 27.593304355355833], [120.62723706790881, 27.586443590678954], [120.63557244422654, 27.594474256423705], [120.64684401995135, 27.59512135327286], [120.64381524639684, 27.603456729590587], [120.65224319686197, 27.606683326874865], [120.6605785731797, 27.611993638214763], [120.66891394949744, 27.62470735934169], [120.67724932581515, 27.631241317316338], [120.67724932581515, 27.64128651441718], [120.67724932581515, 27.652472167000756], [120.6777099961159, 27.66180436381466], [120.68558470213287, 27.678154525046047], [120.68726629472886, 27.686810492767833], [120.68558470213287, 27.70033582034943], [120.67724932581515, 27.709267576960663], [120.66891394949741, 27.716664392864004], [120.66057857317972, 27.72402199411021], [120.64897442177428, 27.72848737435646], [120.64066448352185, 27.736822750674186], [120.63354929457864, 27.74515812699191], [120.63557244422653, 27.755263222258726], [120.64390782054426, 27.749146345337884], [120.65224319686197, 27.74095941388853], [120.66271144964881, 27.736822750674186], [120.67724932581515, 27.730449542204692], [120.68558470213287, 27.72273260988657], [120.6939200784506, 27.71425386620399], [120.70225545476833, 27.706523353537857], [120.71892620740377, 27.71111587207669], [120.7272615837215, 27.719670435276], [120.73559696003923, 27.727966413336603], [120.74428392986336, 27.72848737435646], [120.74451197563405, 27.745158126991914], [120.7525282604828, 27.753493503309635], [120.7606030889924, 27.769882500491484], [120.7609327895247, 27.77849963226281], [120.76937157053806, 27.78683500858054], [120.77776261933455, 27.795170384898263], [120.79394459426331, 27.803172722752503], [120.7946236744309, 27.811841137533712], [120.80266836531783, 27.820176513851436], [120.81093593829452, 27.82851189016916], [120.82728609953422, 27.83665758809293], [120.83562147585191, 27.845011312817146], [120.84395685216965, 27.852975462427], [120.85229222848737, 27.861547279866993], [120.8606276048051, 27.86962709329354], [120.86896298112282, 27.878316881286406], [120.86911899488574, 27.886859524393238], [120.87729835744055, 27.90329241262193], [120.87777017121208, 27.91186565334641], [120.87729835744055, 27.92078044552487], [120.86896298112282, 27.93453694295124], [120.86618452235024, 27.945207158617308], [120.8606276048051, 27.95550808224868], [120.85229222848736, 27.947492665073533], [120.84254884943144, 27.953542534935032], [120.8331208629566, 27.961877911252763], [120.82172918198906, 27.970213287570488], [120.81061534689874, 27.97397883032334], [120.79394459426331, 27.975053747179174], [120.77727384162785, 27.978124363754667], [120.76614604444654, 27.978548663888212], [120.77727384162785, 27.98353244639729], [120.78838025760969, 27.986884040205936], [120.79394459426331, 27.997778242767268], [120.80227997058103, 27.98778809401031], [120.81895072321647, 27.990077670961508], [120.83562147585191, 27.99153029231917], [120.84395685216967, 27.999806995511207], [120.8606276048051, 28.00083386483012], [120.87729835744055, 27.999169138639374], [120.89396911007601, 28.000928035334503], [120.90230448639372, 27.99174634305794], [120.91897523902918, 27.989738621178617], [120.93564599166464, 27.991636250203573], [120.94398136798236, 27.97996486857616], [120.9606521206178, 27.979323567160552], [120.96898749693554, 27.991271080428213], [120.97780653863491, 27.995219416523657], [120.99399362588868, 28.003164175540423], [121.00232900220644, 28.011590826888924], [121.00248781620382, 28.020225545476833], [121.00272952344137, 28.036896298112282], [121.01101354312841, 28.045231674430006], [121.01100993810196, 28.061902427065455], [121.00265287163, 28.070237803383183], [121.01104325926588, 28.07857317970091], [121.00284507615531, 28.086908556018635], [121.01066437852415, 28.10325731631065], [121.01093754516864, 28.111914684971808], [121.0273351311596, 28.12013315072152], [121.03567050747732, 28.128449632221034], [121.0359031347839, 28.136920813924977], [121.05234126011277, 28.144921175119286], [121.06123540044229, 28.145256190242705], [121.06947707667368, 28.153591566560433], [121.08519524695066, 28.153591566560433], [121.0940181417014, 28.15197053245673], [121.09503407974256, 28.161926942878157], [121.09750535557927, 28.178597695513613], [121.10235351801913, 28.191100759990196], [121.11068889433685, 28.201222288376], [121.11902427065459, 28.209339175125297], [121.12075943231125, 28.22027457710223], [121.1273596469723, 28.236440682750878], [121.1298886466324, 28.245280706055407], [121.1273596469723, 28.25397314462795], [121.11916427492582, 28.270286835008584], [121.12755191481664, 28.27862221132631], [121.12789955531144, 28.295292963961757], [121.1387212426888, 28.30362834027948], [121.13478595581951, 28.311963716597205], [121.13758552104326, 28.32029909291493], [121.14870225771374, 28.328634469232657], [121.15253171756136, 28.33696984555038], [121.1682147308958, 28.33696984555038], [121.17335857554049, 28.32863446923266], [121.16903652856092, 28.3121808788345], [121.16874843581519, 28.30362834027948], [121.16037603016065, 28.29529296396176], [121.16070115224319, 28.285722191148245], [121.16903652856092, 28.294506942867542], [121.16929471031038, 28.30362834027948], [121.18558120972695, 28.30362834027948], [121.18581291667752, 28.30362834027948], [121.18570728119637, 28.312971289545892], [121.18570728119636, 28.327484762176503], [121.20237803383183, 28.32827206156667], [121.21071341014955, 28.332481565994684], [121.21071341014954, 28.324087900332074], [121.21071341014955, 28.319230454925478], [121.21904878646728, 28.32234119406276], [121.22686320176514, 28.311963716597205], [121.23553892954554, 28.30362834027948], [121.2357195391027, 28.295047567887305], [121.23571953910273, 28.279138285286855], [121.22714261266367, 28.278622211326308], [121.21877217481925, 28.270286835008584], [121.21879677567337, 28.25361608237313], [121.2102539799662, 28.245280706055404], [121.19897483285699, 28.236945329737683], [121.20237803383183, 28.227651016352585], [121.21071341014955, 28.236096818367983], [121.21904878646727, 28.245007821713102], [121.21916344385666, 28.25361608237313], [121.23552041503301, 28.25361608237313], [121.2439402084024, 28.245280706055407], [121.24405491542046, 28.23683857998997], [121.2607256680559, 28.23645589260065], [121.26906104437361, 28.222827525356415], [121.26906104437361, 28.215538567805133], [121.2607256680559, 28.22065164914015], [121.24405491542045, 28.22109145210598], [121.227384162785, 28.22090460282118], [121.21175533218927, 28.22027457710223], [121.21071341014955, 28.21137865092695], [121.1973768080412, 28.203603824466782], [121.20097435211557, 28.186933071831334], [121.19343954125189, 28.17859769551361], [121.18088153701243, 28.170262319195885], [121.16903652856092, 28.16748339730323], [121.16625806978834, 28.17859769551361], [121.15980807620916, 28.186933071831334], [121.16070115224319, 28.19919097818093], [121.16903652856092, 28.20582659148484], [121.17175487520136, 28.22027457710223], [121.17721376834928, 28.236945329737683], [121.18570728119637, 28.241113017896545], [121.18570728119637, 28.245921888849082], [121.16978772362862, 28.25361608237313], [121.16712802800217, 28.26195145869086], [121.15443395193472, 28.270286835008584], [121.1486611642287, 28.278622211326308], [121.1422183612778, 28.278622211326308], [121.1459205076817, 28.270286835008584], [121.14993462449945, 28.253616082373128], [121.14736455013484, 28.23694532973768], [121.15184481490562, 28.22027457710223], [121.15132385388577, 28.203603824466782], [121.13569502329003, 28.1965708506987], [121.12906946775541, 28.186933071831334], [121.13254610334778, 28.170262319195885], [121.13615809975212, 28.161926942878157], [121.15236577592547, 28.15859279235107], [121.15236577592547, 28.146044445144184], [121.14403039960774, 28.14456209609899], [121.13569502329003, 28.148868186647057], [121.1273596469723, 28.154678789558396], [121.11902427065459, 28.146600605777827], [121.11723811858649, 28.13692081392498], [121.1273596469723, 28.13379504785759], [121.13482979357859, 28.120250061289532], [121.13453605630707, 28.103579308654083], [121.14137500714756, 28.09524393233636], [121.13832724739035, 28.07857317970091], [121.15107721535963, 28.07023780338318], [121.14098087168662, 28.06190242706546], [121.15213939966816, 28.053567050747734], [121.15236577592549, 28.039346849793628], [121.16070115224319, 28.03411783933971], [121.17737190487864, 28.03411783933971], [121.18570728119637, 28.03703522105091], [121.19959957505925, 28.045231674430006], [121.21059421414954, 28.053567050747734], [121.21904878646727, 28.056524764924994], [121.23571953910272, 28.055882433058215], [121.24405491542045, 28.045926289123148], [121.25970866263731, 28.05356705074773], [121.25239029173817, 28.06607011522432], [121.24405491542045, 28.07717638438886], [121.24405491542045, 28.083391316247628], [121.25739151752882, 28.07857317970091], [121.26322628095122, 28.070237803383186], [121.2718395031462, 28.061902427065455], [121.27977795678213, 28.06190242706546], [121.28573179700908, 28.07061531136989], [121.29330941184337, 28.086908556018635], [121.28992193854278, 28.103579308654083], [121.29459301530096, 28.111914684971808], [121.30268997641411, 28.120250061289536], [121.31112796958287, 28.128585437607256], [121.31907330227997, 28.14476587398872], [121.33366021083599, 28.13692081392498], [121.34407943123314, 28.13358666339789], [121.36075018386859, 28.1302525128708], [121.3690855601863, 28.139699272697555], [121.37704205576233, 28.153591566560433], [121.38575631282177, 28.154633488600147], [121.39200784506008, 28.170262319195885], [121.39278283673062, 28.186933071831334], [121.38487890478832, 28.195268448149058], [121.38575631282177, 28.204715207975813], [121.3974258396666, 28.203603824466782], [121.41076244177495, 28.19735229222849], [121.4172156363435, 28.211939200784506], [121.40780663461369, 28.22027457710223], [121.41076244177495, 28.229867174622594], [121.41909781809267, 28.237081840974668], [121.4274331944104, 28.246669935441695], [121.4357685707281, 28.254449620004905], [121.44350856302314, 28.270286835008584], [121.44410394704585, 28.28219451546248], [121.45577347389066, 28.286957587644032], [121.4607746996813, 28.296273596469725], [121.4607746996813, 28.311442755577346], [121.4607746996813, 28.3172392712844], [121.46911007599903, 28.322382936994362], [121.47744545231674, 28.335835229677972], [121.49411620495219, 28.336403259917446], [121.51078695758764, 28.335946915598868], [121.51912233390537, 28.32816884240207], [121.53579308654083, 28.326519522986185], [121.54546426039434, 28.32029909291493], [121.55939554505038, 28.311963716597205], [121.56580374565786, 28.30362834027948], [121.57330227997059, 28.295292963961757], [121.57932227397784, 28.286957587644032], [121.57085499971028, 28.278622211326308], [121.56635613303915, 28.270286835008587], [121.57163520470704, 28.26195145869086], [121.560799215494, 28.259636076380378], [121.560799215494, 28.247241971071343], [121.57722481000246, 28.25361608237313], [121.57771369257775, 28.25361608237313], [121.58788918852659, 28.245280706055407], [121.60039225300318, 28.245280706055407], [121.61081147340035, 28.245975320748553], [121.61914684971806, 28.254449620004905], [121.62614856582496, 28.270286835008584], [121.63522221833081, 28.278622211326308], [121.64392144044021, 28.286957587644032], [121.65248835498898, 28.291588352264988], [121.66831158588722, 28.295292963961757], [121.66082373130669, 28.310720558295554], [121.66012911661355, 28.32029909291493], [121.66582495709733, 28.328634469232657], [121.6724932581515, 28.33696984555038], [121.66915910762442, 28.350068294049663], [121.66082373130669, 28.358403670367395], [121.65248835498898, 28.36986381383778], [121.65230643931082, 28.378646727139007], [121.65208761572823, 28.395317479774455], [121.66082373130669, 28.399485167933317], [121.66915910762442, 28.404694778131894], [121.68582986025987, 28.404721665375625], [121.68582986025987, 28.41902909461104], [121.67749448394216, 28.423240990438835], [121.66882569257172, 28.428658985045356], [121.65248835498898, 28.43491051728365], [121.64383238727441, 28.43699436136308], [121.62837530206983, 28.43699436136308], [121.63998529051239, 28.428658985045356], [121.63581760235351, 28.412658894861746], [121.62728686565762, 28.411988232409904], [121.61136405202019, 28.411988232409904], [121.61931028846581, 28.420323608727628], [121.61081147340035, 28.42085980253672], [121.5958803491861, 28.428658985045352], [121.59457942478163, 28.44532973768081], [121.59537784476863, 28.462000490316257], [121.6047493815329, 28.47033586663398], [121.6173490234229, 28.47033586663398], [121.61914684971806, 28.456443572771107], [121.6274822260358, 28.446996812944352], [121.63581760235351, 28.455332189262077], [121.65248835498898, 28.454209553978238], [121.66360219007927, 28.462000490316257], [121.66069261008036, 28.47033586663398], [121.65234788690174, 28.478671242951705], [121.64359728691673, 28.48700661926943], [121.63581760235351, 28.4984677617063], [121.62227261583722, 28.503677371904878], [121.6274822260358, 28.5121671070433], [121.63581760235351, 28.523126583312905], [121.64623682275068, 28.528683500858055], [121.65619296668574, 28.537018877175782], [121.65606065912513, 28.55368962981123], [121.64415297867124, 28.56070889407879], [121.63164991419465, 28.55368962981123], [121.63303914358094, 28.537018877175786], [121.62644030399608, 28.537018877175782], [121.62081392498162, 28.55368962981123], [121.61081147340035, 28.561383823335284], [121.60187032846495, 28.562025006128955], [121.58794341494696, 28.57036038244668], [121.57811115092312, 28.578695758764404], [121.57746996812945, 28.587428057763923], [121.56913459181172, 28.595734248604312], [121.56055946055899, 28.595366511399853], [121.54412846285854, 28.587159371640862], [121.53630537275643, 28.60370188771758], [121.52814791640294, 28.612037264035305], [121.54412846285854, 28.6199556075816], [121.54412846285854, 28.620887491600786], [121.53586743578742, 28.637043392988485], [121.52783779631785, 28.645378769306205], [121.53611367793077, 28.65371414562393], [121.52745771022309, 28.654925268659284], [121.51912233390536, 28.668030272155555], [121.50661926942878, 28.67038489825938], [121.49411620495218, 28.67604439133723], [121.4827932385156, 28.678720274577103], [121.46911007599903, 28.682725585302045], [121.45675442173304, 28.687055650894827], [121.46911007599903, 28.6898341096674], [121.47744545231674, 28.699398933433134], [121.49411620495218, 28.698759400306972], [121.51078695758764, 28.697621807437855], [121.51912233390537, 28.690861758703015], [121.53579308654082, 28.69106304327259], [121.55246383917627, 28.6889287691484], [121.56913459181172, 28.691751637615777], [121.57840371246382, 28.69539102721255], [121.5941407207649, 28.703085220736607], [121.61081147340036, 28.702857135240947], [121.61914684971805, 28.71022029714532], [121.6274822260358, 28.718944832193117], [121.63657536383694, 28.712061779848003], [121.64415297867124, 28.697058102476095], [121.65248835498898, 28.70789409168914], [121.66082373130669, 28.713511410511956], [121.66191725156479, 28.72873253248346], [121.6610490117477, 28.745403285118904], [121.66945208087358, 28.75373866143663], [121.66955603030621, 28.770409414072077], [121.67749448394214, 28.780463424715908], [121.69059293244143, 28.787080166707526], [121.69069216311188, 28.803750919342978], [121.68582986025987, 28.817652443957122], [121.68582986025987, 28.82250551605786], [121.68582986025987, 28.830840892375583], [121.67749448394216, 28.84320503391354], [121.67416477299014, 28.853763177249327], [121.68410529964241, 28.86209855356705], [121.66915910762441, 28.86753466855687], [121.653148430812, 28.870433929884772], [121.65248835498898, 28.879386741508014], [121.64415297867126, 28.887941266522297], [121.6358176023535, 28.89736360717977], [121.63581760235351, 28.910635827222627], [121.64415297867124, 28.902996207351478], [121.65929830295566, 28.895440058837952], [121.66082373130669, 28.88571545313394], [121.671937566397, 28.887104682520228], [121.67957832802156, 28.887104682520228], [121.69416523657759, 28.879463920895645], [121.70250061289532, 28.887402374531575], [121.71016014788998, 28.903775435155676], [121.69916646236823, 28.912110811473404], [121.70250061289532, 28.921199668136236], [121.71083598921305, 28.915372480467298], [121.72539607468029, 28.92044618779113], [121.71083598921304, 28.928225872354336], [121.71083598921304, 28.928962767941847], [121.72658058892429, 28.937116940426577], [121.73490661014597, 28.9454523167443], [121.71917136553077, 28.953254910954396], [121.71795155436233, 28.96212306937975], [121.70250061289532, 28.968374601618045], [121.69416523657759, 28.976732432381038], [121.67749448394214, 28.97846239551643], [121.67670812771405, 28.987129198332926], [121.68267650218995, 28.99546457465065], [121.68582986025987, 29.004263027430472], [121.7025006128953, 29.008183914599478], [121.70250061289534, 29.017627251707026], [121.70093772983574, 29.02880607992155], [121.68582986025987, 29.033807305712187], [121.68194001797826, 29.045476832557], [121.68344832416909, 29.06214758519245], [121.66915910762442, 29.069786855158032], [121.65476163943927, 29.06214758519245], [121.64937011358842, 29.053812208874724], [121.63789301954422, 29.053812208874724], [121.64187969422095, 29.070482961510173], [121.6439003915101, 29.087153714145625], [121.64415297867124, 29.096281426580752], [121.64415297867124, 29.105997325087916], [121.63581760235351, 29.113410149546457], [121.62018877175778, 29.120495219416526], [121.6149791615592, 29.120495219416526], [121.60247609708262, 29.115466334847085], [121.58580534444717, 29.113179207398165], [121.57746996812945, 29.122097658544693], [121.560799215494, 29.126746751654817], [121.55246383917627, 29.11384970296844], [121.54412846285854, 29.12332263776877], [121.53579308654082, 29.1363324344202], [121.53579308654082, 29.13994443082455], [121.54783307455531, 29.137165972051974], [121.560799215494, 29.12975674865844], [121.5757114499225, 29.137165972051974], [121.58580534444717, 29.13798343294862], [121.5941407207649, 29.13121213182503], [121.60803301462776, 29.137165972051974], [121.6149791615592, 29.1455013483697], [121.60247609708262, 29.147114646971218], [121.5941407207649, 29.155909990878126], [121.58580534444717, 29.16314288783341], [121.57746996812945, 29.171269541830537], [121.560799215494, 29.17060993146593], [121.54412846285854, 29.170636090765083], [121.53429271874401, 29.1788428536406], [121.53619414977025, 29.187178229958327], [121.55246383917627, 29.195491272727427], [121.55246383917628, 29.1955323187704], [121.55246383917628, 29.212097746889103], [121.55246383917626, 29.212347797657824], [121.54513373435448, 29.22885511154695], [121.55791688907945, 29.22885511154695], [121.56896630036414, 29.220519735229225], [121.56913459181172, 29.211962944029676], [121.57715709066646, 29.19551360627605], [121.58532782831522, 29.187178229958327], [121.5941407207649, 29.1866197102418], [121.60247609708262, 29.178041064693844], [121.60283014081406, 29.187178229958327], [121.60247609708262, 29.1959887906241], [121.60247609708263, 29.211685661191076], [121.61081147340033, 29.20121675849344], [121.61914684971806, 29.20783720086392], [121.62552364027718, 29.19551360627605], [121.6274822260358, 29.180232083026887], [121.63581760235351, 29.172591321402308], [121.65248835498898, 29.17637746069942], [121.66521077152896, 29.17050747732288], [121.66915910762444, 29.161028029745854], [121.68506151548777, 29.153836724687423], [121.6754106398627, 29.1455013483697], [121.67749448394213, 29.131609054506825], [121.68860831903245, 29.137165972051978], [121.70250061289532, 29.14124498607903], [121.71083598921305, 29.147585192494795], [121.72277585260522, 29.15383672468742], [121.73367263674277, 29.162172101005147], [121.74417749448395, 29.169805550914013], [121.75251287080167, 29.175508703163192], [121.7535216823858, 29.187178229958327], [121.76084824711941, 29.20345893897315], [121.76132359187797, 29.212184358911497], [121.7691836234371, 29.228363823866566], [121.77017505585596, 29.237190487864673], [121.7825335090011, 29.245525864182397], [121.78946276417828, 29.245525864182397], [121.7933133257996, 29.22885511154695], [121.79295528643941, 29.212184358911497], [121.78547122349487, 29.203848982593776], [121.77751899975485, 29.18846059554567], [121.77751899975485, 29.181621312413174], [121.78585437607256, 29.17744206661651], [121.7941897523903, 29.16735579276962], [121.80991464673893, 29.162172101005147], [121.81205127307113, 29.153836724687423], [121.80732856592947, 29.153836724687423], [121.7941897523903, 29.15400016343875], [121.78585437607256, 29.150646586122864], [121.77751899975485, 29.15628830595734], [121.7666830105418, 29.153836724687423], [121.763041767203, 29.137165972051974], [121.76918362343712, 29.121537141456244], [121.77751899975485, 29.11354907248509], [121.78585437607256, 29.108825692571713], [121.7941897523903, 29.112627072709028], [121.81086050502576, 29.117616718032245], [121.81086050502574, 29.10799215493994], [121.79418975239028, 29.10774959104546], [121.78585437607256, 29.10155118233079], [121.77910669048202, 29.08715371414562], [121.78585437607256, 29.07195391027213], [121.7941897523903, 29.063618533954397], [121.802525128708, 29.057384513010895], [121.81919588134346, 29.054058235322625], [121.8275312576612, 29.05010759717796], [121.83586663397892, 29.0546457465065], [121.84234970444825, 29.070482961510173], [121.84386859524393, 29.087153714145625], [121.85253738661437, 29.087244612472727], [121.86920813924982, 29.087911475629056], [121.87754351556754, 29.099656778622215], [121.88587889188527, 29.105491542044625], [121.90004118364205, 29.103824466781077], [121.89764648198089, 29.087153714145625], [121.90254964452072, 29.071922125547417], [121.9119722438364, 29.070482961510173], [121.9275557734739, 29.062299137489134], [121.9319839421427, 29.053812208874724], [121.9223353474756, 29.045476832557], [121.93589114979162, 29.038057431658807], [121.95137113438167, 29.045476832557], [121.95700743646319, 29.053812208874724], [121.96651459756761, 29.06214758519245], [121.96923265506251, 29.075171610688898], [121.97747872058892, 29.087153714145625], [121.98335648716602, 29.08715371414562], [121.98602389276893, 29.087153714145625], [121.9836627151989, 29.095489090463353], [121.98585105309733, 29.1121598430988], [121.98673694532974, 29.12049521941653], [121.98575717302572, 29.12883059573425], [121.98287236176424, 29.1455013483697], [121.98590340769796, 29.159393642232576], [121.98642436871782, 29.170507477322875], [121.98451417831167, 29.1788428536406], [121.9706218844488, 29.187178229958327], [121.96923265506251, 29.202737599084745], [121.96843880969892, 29.2121843589115], [121.96923265506251, 29.2208540864613], [121.97756803138024, 29.229816885737456], [121.98590340769796, 29.221916796603637], [122.00214670513763, 29.22885511154695], [122.00991807300225, 29.237190487864673], [121.99601092177046, 29.237190487864673], [121.98590340769796, 29.23579342649026], [121.97756803138024, 29.243801303564936], [121.96367573751738, 29.245525864182397], [121.96923265506251, 29.255143606087465], [121.97756803138024, 29.262452617323206], [121.99423878401569, 29.26636430497671], [121.99423878401569, 29.273866143662666], [121.99357195391028, 29.287202745771026], [121.97774537981253, 29.287202745771026], [121.97637726333485, 29.287202745771026], [121.96089727874478, 29.28898889783911], [121.95256190242706, 29.279466897684603], [121.93648595183068, 29.287202745771026], [121.9353936170965, 29.28720274577103], [121.92412925599947, 29.287202745771026], [121.92772537043648, 29.29553812208875], [121.91922039715617, 29.30278390669558], [121.91042194437983, 29.303873498406475], [121.91922039715617, 29.303947788749568], [121.93240354461688, 29.3122088747242], [121.93589114979162, 29.32065444903749], [121.95256190242706, 29.324711939200785], [121.95811881997221, 29.337215003677372], [121.95256190242706, 29.352073717982883], [121.93589114979162, 29.352272457670686], [121.9220538748624, 29.353885756312827], [121.9275557734739, 29.362470321752447], [121.9280685859684, 29.378891885266], [121.9201104515844, 29.387227261583725], [121.91557872788647, 29.39556263790145], [121.923087324335, 29.403898014219173], [121.9275557734739, 29.414208598181737], [121.93216683270225, 29.403898014219173], [121.93611818338093, 29.403898014219173], [121.94100843779609, 29.420568766854622], [121.95256190242706, 29.420594705240354], [121.9608972787448, 29.418230064208483], [121.96761935636867, 29.403898014219173], [121.97084595375634, 29.403898014219173], [121.97685028945018, 29.420568766854622], [121.9687136403614, 29.428904143172346], [121.96923265506251, 29.437417854449816], [121.97756803138024, 29.4458659354899], [121.98535358075854, 29.462245648443247], [121.98564087616039, 29.4789164010787], [121.9701921228401, 29.4789164010787], [121.96727139004658, 29.4789164010787], [121.95656346088762, 29.487251777396423], [121.95923684520906, 29.503922530031872], [121.96923265506251, 29.50458319396744], [121.97756803138024, 29.49615806991024], [121.98590340769796, 29.504260953767222], [122.00127754623955, 29.512257906349596], [121.98590340769796, 29.520254858931967], [121.97756803138024, 29.512058495429265], [121.96923265506251, 29.519932618731755], [121.95256190242706, 29.519306297152113], [121.9417615898889, 29.52059328266732], [121.94422652610933, 29.530731608716604], [121.95256190242706, 29.537462717400594], [121.95804164048094, 29.553934787938218], [121.96853861874621, 29.562270164255946], [121.97121726844897, 29.562270164255946], [121.97756803138026, 29.547389623145502], [121.99307136436751, 29.553934787938218], [121.9839187943115, 29.562270164255946], [121.98590340769796, 29.571200924596365], [121.99423878401569, 29.57963188483564], [121.99423878401569, 29.595367873778013], [121.99423878401569, 29.596445207158617], [121.99423878401569, 29.60735697252], [121.98394214268203, 29.612282422162295], [121.9760875027571, 29.620617798480023], [121.96122585165843, 29.620617798480023], [121.9600830260526, 29.620617798480023], [121.9608972787448, 29.629635284137812], [121.9608972787448, 29.642719615172403], [121.94422652610935, 29.640375550753397], [121.9275557734739, 29.643390952458148], [121.91922039715615, 29.648051181079516], [121.91088502083845, 29.637775173841877], [121.90218723685473, 29.63728855111547], [121.89225800638698, 29.62895317479775], [121.87754351556754, 29.621992526546904], [121.86087276293209, 29.62364884441374], [121.85003677371904, 29.620617798480023], [121.84003432213778, 29.620617798480023], [121.83197679169731, 29.620617798480023], [121.81919588134346, 29.615139147428227], [121.81086050502574, 29.60823790786206], [121.7941897523903, 29.608873735037825], [121.79379611821928, 29.595611669526846], [121.78462589792207, 29.587276293209122], [121.76918362343712, 29.580925530300377], [121.7608482471194, 29.573578541355133], [121.75251287080167, 29.56842719470029], [121.73913749950114, 29.562270164255942], [121.72750674184849, 29.554692549421652], [121.71917136553077, 29.55195690203232], [121.7025006128953, 29.549171715756664], [121.70213820522933, 29.562270164255946], [121.70904150560659, 29.57060554057367], [121.70356590304687, 29.587276293209122], [121.70083500726138, 29.595611669526846], [121.71043906652561, 29.595611669526846], [121.71917136553077, 29.592405755558495], [121.72750674184849, 29.596213617666983], [121.74417749448395, 29.60152590552843], [121.74583120643149, 29.612282422162295], [121.75251287080167, 29.625206078981748], [121.7608482471194, 29.632693684815564], [121.76918362343713, 29.643187614279107], [121.77578607326484, 29.653959303750916], [121.78585437607256, 29.66140991946384], [121.7941897523903, 29.66421030721937], [121.80252512870801, 29.674716025245978], [121.81319920767187, 29.678965432704096], [121.82753125766119, 29.686434407921528], [121.83586663397894, 29.69463828816551], [121.85253738661437, 29.694990270588143], [121.86087276293209, 29.703673697446963], [121.8663062087316, 29.712306937975], [121.87058884579008, 29.72064231429272], [121.87655158980925, 29.73731306692817], [121.88587889188527, 29.741056499368778], [121.89421426820299, 29.75342553544751], [121.91088502083844, 29.746503938604935], [121.91330878277309, 29.762319195881346], [121.92342934951526, 29.77065457219907], [121.93148755474701, 29.77065457219907], [121.93589114979162, 29.760872560359395], [121.94422652610936, 29.764778815162696], [121.95256190242708, 29.760816095184932], [121.96923265506251, 29.761214009631136], [121.97756803138024, 29.76965058157684], [121.99423878401569, 29.77001064346499], [122.00257416033341, 29.777066400076986], [122.01090953665116, 29.782220714477674], [122.01300897057172, 29.795660701152247], [122.0199928205945, 29.80399607746997], [122.03445074891985, 29.812331453787696], [122.0275802892866, 29.82130801289909], [122.02758028928658, 29.835846241978757], [122.04425104192205, 29.83594835335458], [122.05258641823977, 29.842638299032302], [122.06092179455749, 29.847496892633973], [122.0765805629809, 29.85400833537632], [122.08592792351067, 29.85809931757028], [122.09426329982838, 29.86284388429151], [122.11093405246385, 29.868892935943684], [122.11926942878156, 29.872260753324305], [122.13004036881918, 29.879014464329494], [122.14291096678176, 29.887349840647218], [122.13594018141701, 29.898110053711918], [122.1276048050993, 29.910609975460332], [122.11093405246385, 29.911010830883455], [122.10259867614612, 29.90306649900765], [122.08592792351067, 29.89765230915349], [122.07759254719295, 29.89554007720744], [122.06092179455749, 29.894201299501134], [122.04425104192204, 29.889768357102064], [122.02969523559236, 29.895685216964942], [122.02583703828566, 29.895685216964942], [122.01090953665114, 29.89245980879845], [121.99914124760421, 29.895685216964942], [121.98687682263804, 29.90402059328267], [122.00257416033341, 29.911346096661976], [122.01090953665113, 29.89934796857237], [122.01924491296887, 29.905116992672284], [122.03313720683175, 29.912355969600394], [122.01924491296887, 29.920104554199533], [122.01090953665114, 29.92873929546627], [122.00257416033341, 29.91281652716925], [121.99423878401569, 29.921347886396987], [121.98590340769796, 29.931981543685808], [121.97756803138023, 29.938011558508236], [121.96923265506251, 29.947073448264653], [121.9608972787448, 29.95771530602145], [121.95256190242706, 29.946264696701093], [121.94375471236548, 29.945697474871295], [121.9349285879418, 29.937362098553564], [121.92430914945135, 29.92902672223584], [121.9275557734739, 29.9196494238784], [121.93589114979162, 29.911513576616883], [121.93589114979162, 29.8958510827882], [121.9275557734739, 29.90522736426967], [121.91922039715618, 29.913716135568652], [121.91088502083844, 29.921332528711794], [121.89421426820297, 29.922596908802724], [121.87991795537978, 29.929026722235847], [121.86920813924982, 29.929820778825576], [121.85352522262072, 29.937362098553567], [121.84420201029664, 29.938438801762185], [121.83586663397892, 29.946254895058857], [121.81919588134346, 29.947306600857793], [121.81086050502574, 29.954659803058817], [121.80252512870801, 29.96325608818375], [121.78585437607256, 29.96364826714265], [121.77751899975485, 29.97179607527419], [121.7608482471194, 29.97253294726633], [121.74645077893423, 29.979038980142192], [121.73584211816622, 29.98111500003355], [121.71917136553077, 29.982337875335027], [121.70647191785704, 29.987374356459917], [121.69416523657759, 29.991702340399883], [121.68582986025987, 29.998473333496126], [121.67369184877393, 30.004045109095372], [121.66394134475688, 30.012380485413093], [121.66082373130669, 30.021752309546745], [121.65248835498898, 30.0304114040168], [121.65248835498898, 30.043949902749976], [121.65248835498898, 30.047202616788816], [121.63789518861155, 30.054057367001718], [121.63003917854397, 30.062392743319442], [121.62174950503194, 30.070728119637167], [121.61336051816069, 30.070728119637167], [121.60664378524149, 30.070728119637167], [121.59754392173973, 30.07906349595489], [121.6024760970826, 30.092316498439516], [121.6024760970826, 30.097883816863654], [121.59186329559489, 30.104069624908067], [121.59603453890574, 30.112405001225792], [121.58777783803329, 30.120740377543516], [121.57746996812945, 30.125617091497865], [121.57746996812945, 30.13510132713759], [121.57746996812944, 30.13896977775682], [121.57041804234203, 30.154081882814417], [121.5675897460628, 30.154081882814417], [121.55616845090371, 30.154081882814417], [121.56236886424445, 30.16241725913214], [121.55416276935092, 30.170752635449865], [121.55246383917627, 30.180046948834963], [121.54412846285854, 30.173201446508024], [121.54412846285854, 30.185920287411157], [121.54412846285854, 30.188926488759485], [121.53579308654082, 30.197468245356475], [121.52817391257415, 30.21242951703849], [121.51979651875124, 30.220764893356215], [121.51207040811795, 30.229100269673946], [121.50362598136087, 30.237435645991667], [121.49519290811895, 30.24577102230939], [121.49220913944298, 30.24577102230939], [121.4808094312, 30.24577102230939], [121.47744545231674, 30.25596140460577], [121.47436333689652, 30.245771022309395], [121.46077469968131, 30.240862966305087], [121.45243932336356, 30.251422124920513], [121.45243932336356, 30.25687514251799], [121.46077469968128, 30.2686379838851], [121.46077469968131, 30.27234680001301], [121.45243932336356, 30.28120417631176], [121.44410394704585, 30.288844361335144], [121.43576857072813, 30.29693298733343], [121.41909781809267, 30.300382108635304], [121.4118433565515, 30.31245403285119], [121.40364427244054, 30.320789409168913], [121.3955256499258, 30.32912478548664], [121.39288056608216, 30.32912478548664], [121.37814725557216, 30.32912478548664], [121.37742093650405, 30.339308863926817], [121.36908556018632, 30.347626161481287], [121.3542381711481, 30.354130914439814], [121.34407943123313, 30.356575565451276], [121.33574405491541, 30.365207454817295], [121.31907330227997, 30.365412415129086], [121.31073792596224, 30.37505107453339], [121.2940671733268, 30.375214513361122], [121.27739642069135, 30.375551935372876], [121.2607256680559, 30.375382369424386], [121.24405491542045, 30.375685541757633], [121.227384162785, 30.375887384082358], [121.21071341014955, 30.375407568554344], [121.1940426575141, 30.375148825122842], [121.18570728119637, 30.367105269587306], [121.16903652856092, 30.366915710715432], [121.15790423196808, 30.362466290757542], [121.148869514958, 30.354130914439814], [121.13860901672093, 30.354130914439814], [121.1273596469723, 30.357245804504444], [121.11902427065456, 30.34934046830646], [121.11068889433685, 30.358090765065725], [121.09965015276771, 30.354130914439814], [121.09401814170141, 30.34067395512367], [121.08235362102408, 30.337460161804362], [121.07452300539842, 30.32912478548664], [121.06638579832924, 30.320789409168917], [121.05855396299509, 30.31245403285119], [121.05234126011277, 30.298464815971304], [121.04178661171814, 30.29578328021574], [121.03407273328996, 30.287447903898013], [121.02527369403792, 30.279112527580295], [121.01672647039159, 30.270777151262568], [121.00232900220641, 30.265329192952883], [120.99399362588869, 30.256487934717896], [120.98565824957097, 30.24892109459527], [120.97732287325326, 30.256884857399694], [120.96065212061781, 30.256884857399694], [120.9481490561412, 30.26244177494484], [120.94189752390291, 30.26244177494484], [120.9423142927188, 30.24577102230939], [120.95231674430008, 30.24160333415053], [120.96065212061781, 30.235768570728126], [120.96758937368594, 30.22076489335621], [120.96065212061781, 30.205194608437402], [120.95350908227994, 30.220764893356215], [120.95132127004749, 30.220764893356215], [120.94328703016456, 30.21242951703849], [120.93486455013483, 30.204094140720766], [120.92588300949463, 30.195758764403045], [120.91897523902918, 30.181273881783028], [120.91183063075684, 30.195758764403042], [120.91992741702242, 30.204094140720766], [120.91063986271146, 30.209840890875864], [120.90971370978725, 30.220764893356215], [120.91147340034323, 30.229100269673943], [120.90230448639372, 30.233267957832805], [120.89140437890131, 30.229100269673943], [120.88841219253086, 30.21242951703849], [120.88563373375828, 30.203508321122783], [120.88336868588695, 30.21242951703849], [120.86896298112282, 30.215926781042704], [120.85586453262354, 30.22076489335621], [120.84633838826042, 30.229100269673943], [120.84117839339709, 30.229100269673946], [120.83562147585194, 30.214863741955938], [120.81895072321649, 30.214021061370072], [120.80227997058103, 30.219567281822876], [120.79394459426331, 30.22242634848096], [120.77727384162785, 30.222504178523295], [120.76081681659029, 30.229100269673943], [120.76077319871317, 30.24577102230939], [120.76893846531013, 30.262264426512548], [120.76914176717153, 30.270777151262568], [120.76914176717153, 30.287447903898016], [120.77727384162785, 30.302279491667953], [120.79394459426331, 30.302133621530928], [120.81061534689874, 30.302538042270605], [120.81895072321647, 30.311019403797417], [120.8272860995342, 30.31900299726491], [120.83691683840763, 30.320789409168917], [120.84507261123142, 30.329124785486638], [120.8606276048051, 30.33646334130819], [120.86896298112282, 30.344930252612397], [120.87729835744055, 30.35344267236331], [120.88563373375828, 30.36178243603964], [120.893969110076, 30.366929678326912], [120.90230448639372, 30.372087990577302], [120.91063986271145, 30.36422542749231], [120.91855147816058, 30.37913704339299], [120.9236018827418, 30.38747241971072], [120.91779626079504, 30.39580779602844], [120.9160402474025, 30.41247854866389], [120.9273106153469, 30.413967008745974], [120.94398136798235, 30.41486008475467], [120.95231674430008, 30.42379084509509], [120.9606521206178, 30.42979048409301], [120.9606521206178, 30.443368472664872], [120.95544251041923, 30.454155430252513], [120.96898749693553, 30.458648894528537], [120.97556805718636, 30.47082618288797], [120.9606521206178, 30.476383100433114], [120.94953828552751, 30.47082618288797], [120.94398136798233, 30.45891850243407], [120.94084186651057, 30.470826182887965], [120.93901983442234, 30.487496935523417], [120.95023290022064, 30.495832311841138], [120.93564599166463, 30.495832311841138], [120.91897523902918, 30.495832311841138], [120.90230448639372, 30.495832311841138], [120.88563373375828, 30.495832311841138], [120.86896298112282, 30.495832311841138], [120.85229222848737, 30.495832311841138], [120.83562147585192, 30.495832311841138], [120.81895072321647, 30.495832311841138], [120.80227997058103, 30.495832311841138], [120.78560921794558, 30.495832311841138], [120.76893846531013, 30.495832311841138], [120.75226771267468, 30.495832311841138], [120.73559696003923, 30.495832311841138], [120.71892620740377, 30.495832311841138], [120.70225545476833, 30.495832311841138], [120.68558470213287, 30.495832311841138], [120.66891394949742, 30.495832311841138], [120.65224319686197, 30.495832311841138], [120.63557244422653, 30.495832311841138], [120.61890169159108, 30.495832311841138], [120.60223093895563, 30.495832311841138], [120.58556018632018, 30.495832311841138], [120.56888943368473, 30.495832311841138], [120.55221868104928, 30.495832311841138], [120.53554792841383, 30.495832311841138], [120.51887717577839, 30.495832311841138], [120.50220642314292, 30.495832311841138], [120.48553567050747, 30.495832311841138], [120.46886491787203, 30.495832311841138], [120.45219416523658, 30.495832311841138], [120.43552341260113, 30.495832311841138], [120.41885265996568, 30.495832311841138], [120.40218190733023, 30.495832311841138], [120.38551115469478, 30.495832311841138], [120.36884040205933, 30.495832311841138], [120.35216964942389, 30.495832311841138], [120.33549889678844, 30.495832311841138], [120.31882814415297, 30.495832311841138], [120.30215739151753, 30.495832311841138], [120.28548663888208, 30.495832311841138], [120.26881588624663, 30.495832311841138], [120.25214513361118, 30.495832311841138], [120.23547438097573, 30.495832311841138], [120.21880362834028, 30.495832311841138], [120.20213287570483, 30.495832311841138], [120.18546212306939, 30.495832311841138], [120.16879137043394, 30.495832311841138], [120.15212061779849, 30.495832311841138], [120.13544986516303, 30.495832311841138], [120.11877911252758, 30.495832311841138], [120.10210835989213, 30.495832311841138], [120.08543760725668, 30.495832311841138], [120.06876685462123, 30.495832311841138], [120.05209610198578, 30.495832311841138], [120.03542534935033, 30.495832311841138], [120.01875459671488, 30.495832311841138], [120.00208384407944, 30.495832311841138], [119.98541309144399, 30.495832311841138], [119.96874233880854, 30.495832311841138], [119.95207158617308, 30.495832311841138], [119.93540083353763, 30.495832311841138], [119.91873008090218, 30.495832311841138], [119.90205932826673, 30.495832311841138], [119.88538857563128, 30.495832311841138], [119.86871782299583, 30.495832311841138], [119.85204707036038, 30.495832311841138], [119.83537631772494, 30.495832311841138], [119.81870556508949, 30.495832311841138], [119.80203481245404, 30.495832311841138], [119.78536405981859, 30.495832311841138], [119.76869330718313, 30.495832311841138], [119.75202255454768, 30.495832311841138], [119.73535180191223, 30.495832311841138], [119.71868104927678, 30.495832311841138], [119.70201029664133, 30.495832311841138], [119.68533954400588, 30.495832311841138], [119.66866879137044, 30.495832311841138], [119.65199803873499, 30.495832311841138], [119.63532728609954, 30.495832311841138], [119.61865653346409, 30.495832311841138], [119.60198578082864, 30.495832311841138], [119.58531502819318, 30.495832311841138], [119.56864427555773, 30.495832311841138], [119.55197352292228, 30.495832311841138], [119.53530277028683, 30.495832311841138], [119.51863201765138, 30.495832311841138], [119.50196126501594, 30.495832311841138], [119.48529051238049, 30.495832311841138], [119.46861975974504, 30.495832311841138], [119.45194900710959, 30.495832311841138], [119.43527825447414, 30.495832311841138], [119.4186075018387, 30.495832311841138], [119.40193674920323, 30.495832311841138], [119.38526599656778, 30.495832311841138], [119.36859524393233, 30.495832311841138], [119.35192449129688, 30.495832311841138], [119.33525373866144, 30.495832311841138], [119.31858298602599, 30.495832311841138], [119.30191223339054, 30.495832311841138], [119.28524148075509, 30.495832311841138], [119.26857072811964, 30.495832311841138], [119.25189997548419, 30.495832311841138], [119.23522922284874, 30.495832311841138], [119.21855847021328, 30.495832311841138], [119.20188771757783, 30.495832311841138], [119.18521696494238, 30.495832311841138], [119.16854621230694, 30.495832311841138], [119.15187545967149, 30.495832311841138], [119.13520470703604, 30.495832311841138], [119.11853395440059, 30.495832311841138], [119.10186320176514, 30.495832311841138], [119.08519244912969, 30.495832311841138], [119.06852169649424, 30.495832311841138], [119.0518509438588, 30.495832311841138], [119.03518019122333, 30.495832311841138], [119.01850943858788, 30.495832311841138], [119.00183868595244, 30.495832311841138], [118.98516793331699, 30.495832311841138], [118.96849718068154, 30.495832311841138], [118.95182642804609, 30.495832311841138], [118.93515567541064, 30.495832311841138], [118.91848492277519, 30.495832311841138], [118.90181417013974, 30.495832311841138], [118.8851434175043, 30.495832311841138], [118.86847266486885, 30.495832311841138], [118.85180191223338, 30.495832311841138], [118.83513115959794, 30.495832311841138], [118.81846040696249, 30.495832311841138], [118.80178965432704, 30.495832311841138], [118.78511890169159, 30.495832311841138], [118.76844814905614, 30.495832311841138], [118.75177739642069, 30.495832311841138], [118.73510664378524, 30.495832311841138], [118.7184358911498, 30.495832311841138], [118.70176513851435, 30.495832311841138], [118.6850943858789, 30.495832311841138], [118.66842363324344, 30.495832311841138], [118.65175288060799, 30.495832311841138], [118.63508212797254, 30.495832311841138], [118.61841137533709, 30.495832311841138], [118.60174062270164, 30.495832311841138], [118.58506987006619, 30.495832311841138], [118.56839911743074, 30.495832311841138], [118.5517283647953, 30.495832311841138], [118.53505761215985, 30.495832311841138], [118.5183868595244, 30.495832311841138], [118.50171610688895, 30.495832311841138], [118.4850453542535, 30.495832311841138], [118.46837460161804, 30.495832311841138], [118.45170384898259, 30.495832311841138], [118.43503309634714, 30.495832311841138], [118.41836234371169, 30.495832311841138], [118.40169159107624, 30.495832311841138], [118.3850208384408, 30.495832311841138], [118.36835008580535, 30.495832311841138], [118.3516793331699, 30.495832311841138], [118.33500858053445, 30.495832311841138], [118.318337827899, 30.495832311841138], [118.30166707526355, 30.495832311841138], [118.28499632262809, 30.495832311841138], [118.26832556999264, 30.495832311841138], [118.25165481735719, 30.495832311841138], [118.23498406472174, 30.495832311841138], [118.2183133120863, 30.495832311841138], [118.20164255945085, 30.495832311841138], [118.1849718068154, 30.495832311841138], [118.16830105417995, 30.495832311841138], [118.1516303015445, 30.495832311841138], [118.13495954890905, 30.495832311841138], [118.1182887962736, 30.495832311841138], [118.10161804363815, 30.495832311841138], [118.08494729100269, 30.495832311841138], [118.06827653836724, 30.495832311841138], [118.0516057857318, 30.495832311841138], [118.03493503309635, 30.495832311841138], [118.0182642804609, 30.495832311841138], [118.00159352782545, 30.495832311841138], [117.98492277519, 30.495832311841138], [117.96825202255455, 30.495832311841138], [117.9515812699191, 30.495832311841138], [117.93491051728365, 30.495832311841138], [117.9182397646482, 30.495832311841138], [117.90156901201274, 30.495832311841138], [117.8848982593773, 30.495832311841138], [117.86822750674185, 30.495832311841138], [117.8515567541064, 30.495832311841138], [117.83488600147095, 30.495832311841138], [117.8182152488355, 30.495832311841138], [117.80154449620005, 30.495832311841138], [117.7848737435646, 30.495832311841138], [117.76820299092915, 30.495832311841138], [117.7515322382937, 30.495832311841138], [117.73486148565826, 30.495832311841138], [117.7181907330228, 30.495832311841138], [117.70151998038735, 30.495832311841138], [117.6848492277519, 30.495832311841138], [117.66817847511645, 30.495832311841138], [117.651507722481, 30.495832311841138], [117.63483696984555, 30.495832311841138], [117.6181662172101, 30.495832311841138], [117.60149546457465, 30.495832311841138], [117.5848247119392, 30.495832311841138], [117.56815395930376, 30.495832311841138], [117.55148320666831, 30.495832311841138], [117.53481245403285, 30.495832311841138], [117.5181417013974, 30.495832311841138], [117.50147094876195, 30.495832311841138], [117.4848001961265, 30.495832311841138], [117.46812944349105, 30.495832311841138], [117.4514586908556, 30.495832311841138], [117.43478793822015, 30.495832311841138], [117.4181171855847, 30.495832311841138], [117.40144643294926, 30.495832311841138], [117.38477568031381, 30.495832311841138], [117.36810492767836, 30.495832311841138], [117.3514341750429, 30.495832311841138], [117.33476342240745, 30.495832311841138], [117.318092669772, 30.495832311841138], [117.30142191713655, 30.495832311841138], [117.2847511645011, 30.495832311841138], [117.26808041186565, 30.495832311841138], [117.2514096592302, 30.495832311841138], [117.23473890659476, 30.495832311841138], [117.21806815395931, 30.495832311841138], [117.20139740132386, 30.495832311841138], [117.18472664868841, 30.495832311841138], [117.16805589605295, 30.495832311841138], [117.1513851434175, 30.495832311841138], [117.13471439078205, 30.495832311841138], [117.1180436381466, 30.495832311841138], [117.10137288551115, 30.495832311841138], [117.0847021328757, 30.495832311841138], [117.06803138024026, 30.495832311841138], [117.05136062760481, 30.495832311841138], [117.03468987496936, 30.495832311841138], [117.01801912233391, 30.495832311841138], [117.00134836969846, 30.495832311841138], [116.984677617063, 30.495832311841138], [116.96800686442755, 30.495832311841138], [116.9513361117921, 30.495832311841138], [116.93466535915665, 30.495832311841138], [116.9179946065212, 30.495832311841138], [116.90132385388576, 30.495832311841138], [116.88465310125031, 30.495832311841138], [116.86798234861486, 30.495832311841138], [116.85131159597941, 30.495832311841138], [116.83464084334396, 30.495832311841138], [116.81797009070851, 30.495832311841138], [116.80129933807305, 30.495832311841138], [116.7846285854376, 30.495832311841138], [116.76795783280215, 30.495832311841138], [116.7512870801667, 30.495832311841138], [116.73461632753126, 30.495832311841138], [116.71794557489581, 30.495832311841138], [116.70127482226036, 30.495832311841138], [116.68460406962491, 30.495832311841138], [116.66793331698946, 30.495832311841138], [116.65126256435401, 30.495832311841138], [116.63459181171856, 30.495832311841138], [116.6179210590831, 30.495832311841138], [116.60125030644765, 30.495832311841138], [116.5845795538122, 30.495832311841138], [116.56790880117676, 30.495832311841138], [116.55123804854131, 30.495832311841138], [116.53456729590586, 30.495832311841138], [116.51789654327041, 30.495832311841138], [116.50122579063496, 30.495832311841138], [116.48455503799951, 30.495832311841138], [116.46788428536406, 30.495832311841138], [116.45121353272862, 30.495832311841138], [116.43454278009315, 30.495832311841138], [116.4178720274577, 30.495832311841138], [116.40120127482226, 30.495832311841138], [116.38453052218681, 30.495832311841138], [116.36785976955136, 30.495832311841138], [116.35118901691591, 30.495832311841138], [116.33451826428046, 30.495832311841138], [116.31784751164501, 30.495832311841138], [116.30117675900956, 30.495832311841138], [116.28450600637412, 30.495832311841138], [116.26783525373867, 30.495832311841138], [116.25116450110322, 30.495832311841138], [116.23449374846776, 30.495832311841138], [116.21782299583231, 30.495832311841138], [116.20115224319686, 30.495832311841138], [116.18448149056141, 30.495832311841138], [116.16781073792596, 30.495832311841138], [116.15113998529051, 30.495832311841138], [116.13446923265506, 30.495832311841138], [116.11779848001962, 30.495832311841138], [116.10112772738417, 30.495832311841138], [116.08445697474872, 30.495832311841138], [116.06778622211327, 30.495832311841138], [116.0511154694778, 30.495832311841138], [116.03444471684236, 30.495832311841138], [116.01777396420691, 30.495832311841138], [116.00110321157146, 30.495832311841138], [115.98443245893601, 30.495832311841138], [115.96776170630056, 30.495832311841138], [115.95109095366512, 30.495832311841138], [115.93442020102967, 30.495832311841138], [115.91774944839422, 30.495832311841138], [115.90107869575877, 30.495832311841138], [115.88440794312332, 30.495832311841138], [115.86773719048787, 30.495832311841138], [115.85106643785241, 30.495832311841138], [115.83439568521696, 30.495832311841138], [115.81772493258151, 30.495832311841138], [115.80105417994606, 30.495832311841138], [115.78438342731062, 30.495832311841138], [115.76771267467517, 30.495832311841138], [115.75104192203972, 30.495832311841138], [115.73437116940427, 30.495832311841138], [115.71770041676882, 30.495832311841138], [115.70102966413337, 30.495832311841138], [115.68435891149792, 30.495832311841138], [115.66768815886246, 30.495832311841138], [115.65101740622701, 30.495832311841138], [115.63434665359156, 30.495832311841138], [115.61767590095612, 30.495832311841138], [115.60100514832067, 30.495832311841138], [115.58433439568522, 30.495832311841138], [115.56766364304977, 30.495832311841138], [115.55099289041432, 30.495832311841138], [115.53432213777887, 30.495832311841138], [115.51765138514342, 30.495832311841138], [115.50098063250798, 30.495832311841138], [115.48430987987251, 30.495832311841138], [115.46763912723706, 30.495832311841138], [115.45096837460162, 30.495832311841138], [115.43429762196617, 30.495832311841138], [115.41762686933072, 30.495832311841138], [115.40095611669527, 30.495832311841138], [115.38428536405982, 30.495832311841138], [115.36761461142437, 30.495832311841138], [115.35094385878892, 30.495832311841138], [115.33427310615347, 30.495832311841138], [115.31760235351803, 30.495832311841138], [115.30093160088256, 30.495832311841138], [115.28426084824711, 30.495832311841138], [115.26759009561167, 30.495832311841138], [115.25091934297622, 30.495832311841138], [115.23424859034077, 30.495832311841138], [115.21757783770532, 30.495832311841138], [115.20090708506987, 30.495832311841138], [115.18423633243442, 30.495832311841138], [115.16756557979897, 30.495832311841138], [115.15089482716353, 30.495832311841138], [115.13422407452808, 30.495832311841138], [115.11755332189261, 30.495832311841138], [115.10088256925717, 30.495832311841138], [115.08421181662172, 30.495832311841138], [115.06754106398627, 30.495832311841138], [115.05087031135082, 30.495832311841138], [115.03419955871537, 30.495832311841138], [115.01752880607992, 30.495832311841138], [115.00085805344447, 30.495832311841138], [114.98418730080903, 30.495832311841138], [114.96751654817358, 30.495832311841138], [114.95084579553813, 30.495832311841138], [114.93417504290267, 30.495832311841138], [114.91750429026722, 30.495832311841138], [114.90083353763177, 30.495832311841138], [114.88416278499632, 30.495832311841138], [114.86749203236087, 30.495832311841138], [114.85082127972542, 30.495832311841138], [114.83415052708997, 30.495832311841138], [114.81747977445453, 30.495832311841138], [114.80080902181908, 30.495832311841138], [114.78413826918363, 30.495832311841138], [114.76746751654818, 30.495832311841138], [114.75079676391272, 30.495832311841138], [114.73412601127727, 30.495832311841138], [114.71745525864182, 30.495832311841138], [114.70078450600637, 30.495832311841138], [114.68411375337092, 30.495832311841138], [114.66744300073547, 30.495832311841138], [114.65077224810003, 30.495832311841138], [114.63410149546458, 30.495832311841138], [114.61743074282913, 30.495832311841138], [114.60075999019368, 30.495832311841138], [114.58408923755823, 30.495832311841138], [114.56741848492277, 30.495832311841138], [114.55074773228732, 30.495832311841138], [114.53407697965187, 30.495832311841138], [114.51740622701642, 30.495832311841138], [114.50073547438097, 30.495832311841138], [114.48406472174553, 30.495832311841138], [114.46739396911008, 30.495832311841138], [114.45072321647463, 30.495832311841138], [114.43405246383918, 30.495832311841138], [114.41738171120373, 30.495832311841138], [114.40071095856828, 30.495832311841138], [114.38404020593282, 30.495832311841138], [114.36736945329737, 30.495832311841138], [114.35069870066192, 30.495832311841138], [114.33402794802647, 30.495832311841138], [114.31735719539103, 30.495832311841138], [114.30068644275558, 30.495832311841138], [114.28401569012013, 30.495832311841138], [114.26734493748468, 30.495832311841138], [114.25067418484923, 30.495832311841138], [114.23400343221378, 30.495832311841138], [114.21733267957833, 30.495832311841138], [114.20066192694287, 30.495832311841138], [114.18399117430742, 30.495832311841138], [114.16732042167197, 30.495832311841138], [114.15064966903653, 30.495832311841138], [114.13397891640108, 30.495832311841138], [114.11730816376563, 30.495832311841138], [114.10063741113018, 30.495832311841138], [114.08396665849473, 30.495832311841138], [114.06729590585928, 30.495832311841138], [114.05062515322383, 30.495832311841138], [114.03395440058839, 30.495832311841138], [114.01728364795294, 30.495832311841138], [114.00061289531747, 30.495832311841138], [113.98394214268203, 30.495832311841138], [113.96727139004658, 30.495832311841138], [113.95060063741113, 30.495832311841138], [113.93392988477568, 30.495832311841138], [113.91725913214023, 30.495832311841138], [113.90058837950478, 30.495832311841138], [113.88391762686933, 30.495832311841138], [113.86724687423389, 30.495832311841138], [113.85057612159844, 30.495832311841138], [113.83390536896299, 30.495832311841138], [113.81723461632753, 30.495832311841138], [113.80056386369208, 30.495832311841138], [113.78389311105663, 30.495832311841138], [113.76722235842118, 30.495832311841138], [113.75055160578573, 30.495832311841138], [113.73388085315028, 30.495832311841138], [113.71721010051483, 30.495832311841138], [113.70053934787938, 30.495832311841138], [113.68386859524394, 30.495832311841138], [113.66719784260849, 30.495832311841138], [113.65052708997304, 30.495832311841138], [113.63385633733758, 30.495832311841138], [113.61718558470213, 30.495832311841138], [113.60051483206668, 30.495832311841138], [113.58384407943123, 30.495832311841138], [113.56717332679578, 30.495832311841138], [113.55050257416033, 30.495832311841138], [113.53383182152488, 30.495832311841138], [113.51716106888944, 30.495832311841138], [113.50049031625399, 30.495832311841138], [113.48381956361854, 30.495832311841138], [113.46714881098309, 30.495832311841138], [113.45047805834763, 30.495832311841138], [113.43380730571218, 30.495832311841138], [113.41713655307673, 30.495832311841138], [113.40046580044128, 30.495832311841138], [113.38379504780583, 30.495832311841138], [113.36712429517038, 30.495832311841138], [113.35045354253494, 30.495832311841138], [113.33378278989949, 30.495832311841138], [113.31711203726404, 30.495832311841138], [113.30044128462859, 30.495832311841138], [113.28377053199314, 30.495832311841138], [113.2670997793577, 30.495832311841138], [113.25042902672223, 30.495832311841138], [113.23375827408678, 30.495832311841138], [113.21708752145133, 30.495832311841138], [113.20041676881588, 30.495832311841138], [113.18374601618044, 30.495832311841138], [113.16707526354499, 30.495832311841138], [113.15040451090954, 30.495832311841138], [113.13373375827409, 30.495832311841138], [113.11706300563864, 30.495832311841138], [113.10039225300319, 30.495832311841138], [113.08372150036774, 30.495832311841138], [113.06705074773228, 30.495832311841138], [113.05037999509683, 30.495832311841138], [113.03370924246138, 30.495832311841138], [113.01703848982594, 30.495832311841138], [113.00036773719049, 30.495832311841138], [112.98369698455504, 30.495832311841138], [112.96702623191959, 30.495832311841138], [112.95035547928414, 30.495832311841138], [112.93368472664869, 30.495832311841138], [112.91701397401324, 30.495832311841138], [112.9003432213778, 30.495832311841138], [112.88367246874233, 30.495832311841138], [112.86700171610688, 30.495832311841138], [112.85033096347144, 30.495832311841138], [112.83366021083599, 30.495832311841138], [112.81698945820054, 30.495832311841138], [112.80031870556509, 30.495832311841138], [112.78364795292964, 30.495832311841138], [112.76697720029419, 30.495832311841138], [112.75030644765874, 30.495832311841138], [112.7336356950233, 30.495832311841138], [112.71696494238785, 30.495832311841138], [112.70029418975238, 30.495832311841138], [112.68362343711694, 30.495832311841138], [112.66695268448149, 30.495832311841138], [112.65028193184604, 30.495832311841138], [112.63361117921059, 30.495832311841138], [112.61694042657514, 30.495832311841138], [112.60026967393969, 30.495832311841138], [112.58359892130424, 30.495832311841138], [112.5669281686688, 30.495832311841138], [112.55025741603335, 30.495832311841138], [112.5335866633979, 30.495832311841138], [112.51691591076244, 30.495832311841138], [112.50024515812699, 30.495832311841138], [112.48357440549154, 30.495832311841138], [112.46690365285609, 30.495832311841138], [112.45023290022064, 30.495832311841138], [112.43356214758519, 30.495832311841138], [112.41689139494974, 30.495832311841138], [112.4002206423143, 30.495832311841138], [112.38354988967885, 30.495832311841138], [112.3668791370434, 30.495832311841138], [112.35020838440795, 30.495832311841138], [112.33353763177249, 30.495832311841138], [112.31686687913704, 30.495832311841138], [112.30019612650159, 30.495832311841138], [112.28352537386614, 30.495832311841138], [112.26685462123069, 30.495832311841138], [112.25018386859524, 30.495832311841138], [112.2335131159598, 30.495832311841138], [112.21684236332435, 30.495832311841138], [112.2001716106889, 30.495832311841138], [112.18350085805345, 30.495832311841138], [112.166830105418, 30.495832311841138], [112.15015935278254, 30.495832311841138], [112.13348860014709, 30.495832311841138], [112.11681784751164, 30.495832311841138], [112.10014709487619, 30.495832311841138], [112.08347634224074, 30.495832311841138], [112.0668055896053, 30.495832311841138], [112.05013483696985, 30.495832311841138], [112.0334640843344, 30.495832311841138], [112.01679333169895, 30.495832311841138], [112.0001225790635, 30.495832311841138], [111.98345182642805, 30.495832311841138], [111.9667810737926, 30.495832311841138], [111.95011032115714, 30.495832311841138], [111.93343956852169, 30.495832311841138], [111.91676881588624, 30.495832311841138], [111.9000980632508, 30.495832311841138], [111.88342731061535, 30.495832311841138], [111.8667565579799, 30.495832311841138], [111.85008580534445, 30.495832311841138], [111.833415052709, 30.495832311841138], [111.81674430007355, 30.495832311841138], [111.8000735474381, 30.495832311841138], [111.78340279480265, 30.495832311841138], [111.76673204216719, 30.495832311841138], [111.75006128953174, 30.495832311841138], [111.7333905368963, 30.495832311841138], [111.71671978426085, 30.495832311841138], [111.7000490316254, 30.495832311841138], [111.68337827898995, 30.495832311841138], [111.6667075263545, 30.495832311841138], [111.65003677371905, 30.495832311841138], [111.6333660210836, 30.495832311841138], [111.61669526844815, 30.495832311841138], [111.6000245158127, 30.495832311841138], [111.58335376317724, 30.495832311841138], [111.5666830105418, 30.495832311841138], [111.55001225790635, 30.495832311841138], [111.5333415052709, 30.495832311841138], [111.51667075263545, 30.495832311841138], [111.5, 30.495832311841138], [111.5, 30.47916155920569], [111.5, 30.46249080657024], [111.5, 30.44582005393479], [111.5, 30.42914930129934], [111.5, 30.41247854866389], [111.5, 30.39580779602844], [111.5, 30.37913704339299], [111.5, 30.362466290757542], [111.5, 30.34579553812209], [111.5, 30.32912478548664], [111.5, 30.31245403285119], [111.5, 30.29578328021574], [111.5, 30.279112527580292], [111.5, 30.26244177494484], [111.5, 30.24577102230939], [111.5, 30.229100269673943], [111.5, 30.21242951703849], [111.5, 30.195758764403042], [111.5, 30.179088011767593], [111.5, 30.16241725913214], [111.5, 30.145746506496693], [111.5, 30.129075753861244], [111.5, 30.112405001225792], [111.5, 30.095734248590343], [111.5, 30.07906349595489], [111.5, 30.062392743319442], [111.5, 30.045721990683994], [111.5, 30.02905123804854], [111.5, 30.012380485413093], [111.5, 29.995709732777645], [111.5, 29.979038980142192], [111.5, 29.962368227506744], [111.5, 29.945697474871295], [111.5, 29.929026722235843], [111.5, 29.912355969600394], [111.5, 29.895685216964942], [111.5, 29.879014464329494], [111.5, 29.862343711694045], [111.5, 29.845672959058593], [111.5, 29.829002206423144], [111.5, 29.812331453787696], [111.5, 29.795660701152244], [111.5, 29.778989948516795], [111.5, 29.762319195881346], [111.5, 29.745648443245894], [111.5, 29.728977690610446], [111.5, 29.712306937974997], [111.5, 29.695636185339545], [111.5, 29.678965432704096], [111.5, 29.662294680068644], [111.5, 29.645623927433196], [111.5, 29.628953174797747], [111.5, 29.612282422162295], [111.5, 29.595611669526846], [111.5, 29.578940916891398], [111.5, 29.562270164255946], [111.5, 29.545599411620497], [111.5, 29.52892865898505], [111.5, 29.512257906349596], [111.5, 29.495587153714148], [111.5, 29.4789164010787], [111.5, 29.462245648443247], [111.5, 29.4455748958078], [111.5, 29.428904143172346], [111.5, 29.412233390536898], [111.5, 29.39556263790145], [111.5, 29.378891885266], [111.5, 29.36222113263055], [111.5, 29.345550379995096], [111.5, 29.328879627359647], [111.5, 29.3122088747242], [111.5, 29.29553812208875], [111.5, 29.278867369453298], [111.5, 29.26219661681785], [111.5, 29.245525864182397], [111.5, 29.22885511154695], [111.5, 29.2121843589115], [111.5, 29.19551360627605], [111.5, 29.1788428536406], [111.5, 29.162172101005147], [111.5, 29.1455013483697], [111.5, 29.12883059573425], [111.5, 29.1121598430988], [111.5, 29.095489090463353], [111.5, 29.0788183378279], [111.5, 29.06214758519245], [111.5, 29.045476832557], [111.5, 29.02880607992155], [111.5, 29.012135327286103], [111.5, 28.99546457465065], [111.5, 28.978793822015202], [111.5, 28.96212306937975], [111.5, 28.9454523167443], [111.5, 28.928781564108853], [111.5, 28.912110811473404], [111.5, 28.895440058837952], [111.5, 28.8787693062025], [111.5, 28.86209855356705], [111.5, 28.845427800931603], [111.5, 28.828757048296154], [111.5, 28.812086295660702], [111.5, 28.795415543025253], [111.5, 28.7787447903898], [111.5, 28.762074037754353], [111.5, 28.745403285118904], [111.5, 28.728732532483455], [111.5, 28.712061779848003], [111.5, 28.69539102721255], [111.5, 28.678720274577103], [111.5, 28.662049521941654], [111.5, 28.645378769306205], [111.5, 28.628708016670753], [111.5, 28.612037264035305], [111.5, 28.595366511399853], [111.5, 28.578695758764404], [111.5, 28.562025006128955], [111.5, 28.545354253493507], [111.5, 28.528683500858055], [111.5, 28.512012748222602], [111.5, 28.495341995587154], [111.5, 28.478671242951705], [111.5, 28.462000490316257], [111.5, 28.445329737680808], [111.5, 28.428658985045356], [111.5, 28.411988232409904], [111.5, 28.395317479774455], [111.5, 28.378646727139007], [111.5, 28.361975974503558], [111.5, 28.345305221868106], [111.5, 28.328634469232657], [111.5, 28.311963716597205], [111.5, 28.295292963961757], [111.5, 28.278622211326308], [111.5, 28.26195145869086], [111.5, 28.245280706055407], [111.5, 28.228609953419955], [111.5, 28.211939200784506], [111.5, 28.195268448149058], [111.5, 28.17859769551361], [111.5, 28.161926942878157], [111.5, 28.14525619024271], [111.5, 28.128585437607256], [111.5, 28.111914684971808], [111.5, 28.09524393233636], [111.5, 28.07857317970091], [111.5, 28.06190242706546], [111.5, 28.045231674430006], [111.5, 28.028560921794558], [111.5, 28.01189016915911], [111.5, 27.99521941652366], [111.5, 27.978548663888212], [111.5, 27.96187791125276], [111.5, 27.945207158617308], [111.5, 27.92853640598186], [111.5, 27.91186565334641], [111.5, 27.895194900710962], [111.5, 27.87852414807551], [111.5, 27.86185339544006], [111.5, 27.84518264280461], [111.5, 27.82851189016916], [111.5, 27.811841137533712], [111.5, 27.795170384898263], [111.5, 27.77849963226281], [111.5, 27.76182887962736], [111.5, 27.74515812699191], [111.5, 27.72848737435646], [111.5, 27.711816621721013], [111.5, 27.69514586908556], [111.5, 27.678475116450112], [111.5, 27.66180436381466], [111.5, 27.64513361117921], [111.5, 27.628462858543763], [111.5, 27.611792105908314], [111.5, 27.595121353272862], [111.5, 27.57845060063741], [111.5, 27.56177984800196], [111.5, 27.545109095366513], [111.5, 27.528438342731064], [111.5, 27.511767590095612], [111.5, 27.495096837460164], [111.5, 27.47842608482471], [111.5, 27.461755332189263], [111.5, 27.445084579553814], [111.5, 27.428413826918366], [111.5, 27.411743074282914], [111.5, 27.39507232164746], [111.5, 27.378401569012013], [111.5, 27.361730816376564], [111.5, 27.345060063741116], [111.5, 27.328389311105667], [111.5, 27.311718558470215], [111.5, 27.295047805834763], [111.5, 27.278377053199314], [111.5, 27.261706300563866], [111.5, 27.245035547928417], [111.5, 27.228364795292965], [111.5, 27.211694042657516], [111.5, 27.195023290022064], [111.5, 27.178352537386615], [111.5, 27.161681784751167], [111.5, 27.14501103211572], [111.5, 27.128340279480266], [111.5, 27.111669526844814], [111.5, 27.094998774209365], [111.5, 27.078328021573917], [111.5, 27.06165726893847], [111.5, 27.044986516303016], [111.5, 27.028315763667567], [111.5, 27.011645011032115], [111.5, 26.994974258396667], [111.5, 26.978303505761218], [111.5, 26.96163275312577], [111.5, 26.944962000490317], [111.5, 26.928291247854865], [111.5, 26.911620495219417], [111.5, 26.894949742583968], [111.5, 26.87827898994852], [111.5, 26.86160823731307], [111.5, 26.84493748467762], [111.5, 26.828266732042167], [111.5, 26.811595979406718], [111.5, 26.79492522677127], [111.5, 26.77825447413582], [111.5, 26.76158372150037], [111.5, 26.744912968864917], [111.5, 26.728242216229468], [111.5, 26.71157146359402], [111.5, 26.69490071095857], [111.5, 26.678229958323122], [111.5, 26.66155920568767], [111.5, 26.644888453052218], [111.5, 26.62821770041677], [111.5, 26.61154694778132], [111.5, 26.594876195145872], [111.5, 26.57820544251042], [111.5, 26.56153468987497], [111.5, 26.54486393723952], [111.5, 26.52819318460407], [111.5, 26.511522431968622], [111.5, 26.494851679333173], [111.5, 26.47818092669772], [111.5, 26.46151017406227], [111.5, 26.44483942142682], [111.5, 26.428168668791372], [111.5, 26.411497916155923], [111.5, 26.39482716352047], [111.5, 26.378156410885023], [111.5, 26.36148565824957], [111.5, 26.344814905614122], [111.5, 26.328144152978673], [111.5, 26.311473400343225], [111.5, 26.294802647707773], [111.5, 26.27813189507232], [111.5, 26.261461142436872], [111.5, 26.244790389801423], [111.5, 26.228119637165975], [111.5, 26.211448884530526], [111.5, 26.194778131895074], [111.5, 26.17810737925962], [111.5, 26.161436626624173], [111.5, 26.144765873988725], [111.5, 26.128095121353276], [111.5, 26.111424368717824], [111.5, 26.094753616082375], [111.5, 26.078082863446923], [111.5, 26.061412110811474], [111.5, 26.044741358176026], [111.5, 26.028070605540577], [111.5, 26.011399852905125], [111.5, 25.994729100269673], [111.5, 25.978058347634224], [111.5, 25.961387594998776], [111.5, 25.944716842363327], [111.5, 25.928046089727875], [111.5, 25.911375337092426], [111.5, 25.894704584456974], [111.5, 25.878033831821526], [111.5, 25.861363079186077], [111.5, 25.84469232655063], [111.5, 25.828021573915176], [111.5, 25.811350821279724], [111.5, 25.794680068644276], [111.5, 25.778009316008827], [111.5, 25.76133856337338], [111.5, 25.744667810737926], [111.5, 25.727997058102478], [111.5, 25.711326305467026], [111.5, 25.694655552831577], [111.5, 25.67798480019613], [111.5, 25.66131404756068], [111.5, 25.644643294925228], [111.5, 25.627972542289776], [111.5, 25.611301789654327], [111.5, 25.59463103701888], [111.5, 25.57796028438343], [111.5, 25.56128953174798], [111.5, 25.54461877911253], [111.5, 25.527948026477077], [111.5, 25.51127727384163], [111.5, 25.49460652120618], [111.5, 25.47793576857073], [111.5, 25.46126501593528], [111.5, 25.44459426329983], [111.5, 25.427923510664378], [111.5, 25.41125275802893], [111.5, 25.39458200539348], [111.5, 25.377911252758032], [111.5, 25.36124050012258], [111.5, 25.344569747487128], [111.5, 25.32789899485168], [111.5, 25.31122824221623], [111.5, 25.294557489580782], [111.5, 25.27788673694533], [111.5, 25.26121598430988], [111.5, 25.24454523167443], [111.5, 25.22787447903898], [111.5, 25.211203726403532], [111.5, 25.194532973768084], [111.5, 25.17786222113263], [111.5, 25.16119146849718], [111.5, 25.14452071586173], [111.5, 25.127849963226282], [111.5, 25.111179210590834], [111.5, 25.094508457955385], [111.5, 25.077837705319933], [111.5, 25.06116695268448], [111.5, 25.044496200049032], [111.5, 25.027825447413584], [111.5, 25.011154694778135], [111.5, 24.994483942142683], [111.5, 24.977813189507234], [111.5, 24.961142436871782], [111.5, 24.944471684236333], [111.5, 24.927800931600885], [111.5, 24.911130178965436], [111.5, 24.894459426329984], [111.5, 24.877788673694532], [111.5, 24.861117921059083], [111.5, 24.844447168423635], [111.5, 24.827776415788186], [111.5, 24.811105663152734], [111.5, 24.794434910517285], [111.5, 24.777764157881833], [111.5, 24.761093405246385], [111.5, 24.744422652610936], [111.5, 24.727751899975488], [111.5, 24.711081147340035], [111.5, 24.694410394704583], [111.5, 24.677739642069135], [111.5, 24.661068889433686], [111.5, 24.644398136798237], [111.5, 24.627727384162785], [111.5, 24.611056631527337], [111.5, 24.594385878891885], [111.5, 24.577715126256436], [111.5, 24.561044373620987], [111.5, 24.54437362098554], [111.5, 24.527702868350087], [111.5, 24.511032115714634], [111.5, 24.494361363079186], [111.5, 24.477690610443737], [111.5, 24.46101985780829], [111.5, 24.44434910517284], [111.5, 24.427678352537388], [111.5, 24.411007599901936], [111.5, 24.394336847266487], [111.5, 24.37766609463104], [111.5, 24.36099534199559], [111.5, 24.344324589360138], [111.5, 24.32765383672469], [111.5, 24.310983084089237], [111.5, 24.29431233145379], [111.5, 24.27764157881834], [111.5, 24.26097082618289], [111.5, 24.24430007354744], [111.5, 24.227629320911987], [111.5, 24.21095856827654], [111.5, 24.19428781564109], [111.5, 24.17761706300564], [111.5, 24.16094631037019], [111.5, 24.14427555773474], [111.5, 24.12760480509929], [111.5, 24.11093405246384], [111.5, 24.09426329982839], [111.5, 24.077592547192943], [111.5, 24.06092179455749], [111.5, 24.04425104192204], [111.5, 24.02758028928659], [111.5, 24.01090953665114], [111.5, 23.994238784015693], [111.5, 23.977568031380244], [111.5, 23.960897278744792], [111.5, 23.94422652610934], [111.5, 23.92755577347389], [111.5, 23.910885020838442], [111.5, 23.894214268202994], [111.5, 23.87754351556754], [111.5, 23.86087276293209], [111.5, 23.84420201029664], [111.5, 23.827531257661192], [111.5, 23.810860505025744], [111.5, 23.794189752390295], [111.5, 23.777518999754843], [111.5, 23.76084824711939], [111.5, 23.744177494483942], [111.5, 23.727506741848494], [111.5, 23.710835989213045], [111.5, 23.694165236577593], [111.5, 23.677494483942144], [111.5, 23.660823731306692], [111.5, 23.644152978671244], [111.5, 23.627482226035795], [111.5, 23.610811473400346], [111.5, 23.594140720764894], [111.5, 23.577469968129442], [111.5, 23.560799215493994], [111.5, 23.544128462858545], [111.5, 23.527457710223096], [111.5, 23.510786957587644], [111.5, 23.494116204952196], [111.5, 23.477445452316744], [111.5, 23.460774699681295], [111.5, 23.444103947045846], [111.5, 23.427433194410398], [111.5, 23.410762441774946], [111.5, 23.394091689139493], [111.5, 23.377420936504045], [111.5, 23.360750183868596], [111.5, 23.344079431233148], [111.5, 23.3274086785977], [111.5, 23.310737925962247], [111.5, 23.294067173326795], [111.5, 23.277396420691346], [111.5, 23.260725668055898], [111.5, 23.24405491542045], [111.5, 23.227384162784997], [111.5, 23.21071341014955], [111.5, 23.194042657514096], [111.5, 23.177371904878648], [111.5, 23.1607011522432], [111.5, 23.14403039960775], [111.5, 23.127359646972298], [111.5, 23.110688894336846], [111.5, 23.094018141701397], [111.5, 23.07734738906595], [111.5, 23.0606766364305], [111.5, 23.044005883795048], [111.5, 23.0273351311596], [111.5, 23.010664378524147], [111.5, 22.9939936258887], [111.5, 22.97732287325325], [111.5, 22.9606521206178], [111.5, 22.94398136798235], [111.5, 22.927310615346897], [111.5, 22.91063986271145], [111.5, 22.893969110076], [111.5, 22.87729835744055], [111.5, 22.8606276048051], [111.5, 22.84395685216965], [111.5, 22.8272860995342], [111.5, 22.81061534689875], [111.5, 22.7939445942633], [111.5, 22.777273841627853], [111.5, 22.7606030889924], [111.5, 22.74393233635695], [111.5, 22.7272615837215], [111.5, 22.71059083108605], [111.5, 22.693920078450603], [111.5, 22.677249325815154], [111.5, 22.660578573179702], [111.5, 22.64390782054425], [111.5, 22.6272370679088], [111.5, 22.610566315273353], [111.5, 22.593895562637904], [111.5, 22.577224810002452], [111.5, 22.560554057367003], [111.5, 22.54388330473155], [111.5, 22.527212552096103], [111.5, 22.510541799460654], [111.5, 22.493871046825205], [111.5, 22.477200294189753], [111.5, 22.4605295415543], [111.5, 22.443858788918853], [111.5, 22.427188036283404], [111.5, 22.410517283647955], [111.5, 22.393846531012503], [111.5, 22.377175778377055], [111.5, 22.360505025741602], [111.5, 22.343834273106154], [111.5, 22.327163520470705], [111.5, 22.310492767835257], [111.5, 22.293822015199805], [111.5, 22.277151262564352], [111.5, 22.260480509928904], [111.5, 22.243809757293455], [111.5, 22.227139004658007], [111.5, 22.210468252022558], [111.5, 22.193797499387106], [111.5, 22.177126746751654], [111.5, 22.160455994116205], [111.5, 22.143785241480757], [111.5, 22.127114488845308], [111.5, 22.110443736209856], [111.5, 22.093772983574407], [111.5, 22.077102230938955], [111.5, 22.060431478303506], [111.5, 22.043760725668058], [111.5, 22.02708997303261], [111.5, 22.010419220397157], [111.5, 21.993748467761705], [111.5, 21.977077715126256], [111.5, 21.960406962490808], [111.5, 21.94373620985536], [111.5, 21.927065457219907], [111.5, 21.91039470458446], [111.5, 21.893723951949006], [111.5, 21.877053199313558], [111.5, 21.86038244667811], [111.5, 21.84371169404266], [111.5, 21.82704094140721], [111.5, 21.810370188771756], [111.5, 21.793699436136308], [111.5, 21.77702868350086], [111.5, 21.76035793086541], [111.5, 21.74368717822996], [111.5, 21.72701642559451], [111.5, 21.710345672959058], [111.5, 21.69367492032361], [111.5, 21.67700416768816], [111.5, 21.660333415052712], [111.5, 21.64366266241726], [111.5, 21.626991909781808], [111.5, 21.61032115714636], [111.5, 21.59365040451091], [111.5, 21.57697965187546], [111.5, 21.560308899240013], [111.5, 21.54363814660456], [111.5, 21.52696739396911], [111.5, 21.51220988766396], [111.50833537631772, 21.52044012535364], [111.52500612895318, 21.522473205000686], [111.52917381711204, 21.51029664133366]]]}, "properties": {}}, {"type": "Feature", "geometry": {"type": "Polygon", "coordinates": [[[112.00052636892136, 21.785364059818583], [112.01339113734977, 21.793699436136308], [112.00886536479672, 21.810370188771756], [112.00035946004344, 21.818705565089484], [112.01647852435616, 21.818705565089484], [112.02476764866617, 21.810370188771756], [112.0175082010323, 21.793699436136308], [112.01624141376134, 21.78536405981858], [112.00052636892136, 21.785364059818583]]]}, "properties": {}}, {"type": "Feature", "geometry": {"type": "Polygon", "coordinates": [[[111.98373903554052, 21.810370188771756], [111.99980501097582, 21.810370188771756], [111.98373903554052, 21.810370188771756]]]}, "properties": {}}, {"type": "Feature", "geometry": {"type": "Polygon", "coordinates": [[[112.20587753081824, 21.810370188771756], [112.20850698700661, 21.82275186438524], [112.2095797510141, 21.810370188771756], [112.20587753081824, 21.810370188771756]]]}, "properties": {}}, {"type": "Feature", "geometry": {"type": "Polygon", "coordinates": [[[112.18740252355263, 21.818705565089484], [112.19410745402905, 21.818705565089484], [112.18740252355263, 21.818705565089484]]]}, "properties": {}}, {"type": "Feature", "geometry": {"type": "Polygon", "coordinates": [[[111.9978907126787, 21.835376317724933], [112.0031758304406, 21.835376317724933], [111.9978907126787, 21.835376317724933]]]}, "properties": {}}, {"type": "Feature", "geometry": {"type": "Polygon", "coordinates": [[[112.0383407982317, 21.84371169404266], [112.04337813034653, 21.84371169404266], [112.0383407982317, 21.84371169404266]]]}, "properties": {}}, {"type": "Feature", "geometry": {"type": "Polygon", "coordinates": [[[112.40911415031863, 21.91873008090218], [112.41740930224455, 21.927065457219907], [112.42789396389702, 21.927065457219907], [112.42474623961165, 21.918730080902183], [112.40911415031863, 21.91873008090218]]]}, "properties": {}}, {"type": "Feature", "geometry": {"type": "Polygon", "coordinates": [[[112.44241543123415, 21.935400833537635], [112.45823486148566, 21.93540083353763], [112.44241543123415, 21.935400833537635]]]}, "properties": {}}, {"type": "Feature", "geometry": {"type": "Polygon", "coordinates": [[[112.45870719947699, 21.935400833537635], [112.47508919217691, 21.935400833537635], [112.45870719947699, 21.935400833537635]]]}, "properties": {}}, {"type": "Feature", "geometry": {"type": "Polygon", "coordinates": [[[112.37283032818726, 21.960406962490808], [112.37178149188058, 21.977077715126256], [112.36676491931973, 21.98541309144398], [112.37521451336112, 21.98554460574151], [112.3833228560843, 21.977077715126256], [112.38354988967885, 21.96061076141518], [112.38354988967885, 21.958739887227264], [112.37283032818726, 21.960406962490808]]]}, "properties": {}}, {"type": "Feature", "geometry": {"type": "Polygon", "coordinates": [[[112.49607746996813, 21.960406962490808], [112.48778335785065, 21.968742338808532], [112.49662578380581, 21.968742338808532], [112.50548753325606, 21.960406962490808], [112.49607746996813, 21.960406962490808]]]}, "properties": {}}, {"type": "Feature", "geometry": {"type": "Polygon", "coordinates": [[[112.37274110784159, 22.010419220397157], [112.37106755994954, 22.02708997303261], [112.38354988967885, 22.031040388322282], [112.38354988967885, 22.02294301962103], [112.37890273298629, 22.010419220397157], [112.37274110784159, 22.010419220397157]]]}, "properties": {}}, {"type": "Feature", "geometry": {"type": "Polygon", "coordinates": [[[113.16778349811031, 22.01875459671488], [113.18175967510328, 22.018754596714885], [113.16778349811031, 22.01875459671488]]]}, "properties": {}}, {"type": "Feature", "geometry": {"type": "Polygon", "coordinates": [[[112.3879348507069, 22.035425349350334], [112.39432421584625, 22.035425349350334], [112.3879348507069, 22.035425349350334]]]}, "properties": {}}, {"type": "Feature", "geometry": {"type": "Polygon", "coordinates": [[[113.18486461647295, 22.035425349350334], [113.19530304099865, 22.043760725668058], [113.20312305989518, 22.043760725668058], [113.19664247396626, 22.035425349350334], [113.18486461647295, 22.035425349350334]]]}, "properties": {}}, {"type": "Feature", "geometry": {"type": "Polygon", "coordinates": [[[113.29377298357441, 22.035425349350334], [113.30083820731858, 22.043760725668058], [113.31528867372982, 22.043760725668058], [113.30383654987178, 22.035425349350334], [113.29377298357441, 22.035425349350334]]]}, "properties": {}}, {"type": "Feature", "geometry": {"type": "Polygon", "coordinates": [[[113.20333956318453, 22.06876685462123], [113.21257571234383, 22.06876685462123], [113.20333956318453, 22.06876685462123]]]}, "properties": {}}, {"type": "Feature", "geometry": {"type": "Polygon", "coordinates": [[[113.18876052542669, 22.08543760725668], [113.1955836514622, 22.08543760725668], [113.18876052542669, 22.08543760725668]]]}, "properties": {}}, {"type": "Feature", "geometry": {"type": "Polygon", "coordinates": [[[113.20524988616957, 22.08543760725668], [113.21357028168032, 22.08543760725668], [113.20524988616957, 22.08543760725668]]]}, "properties": {}}, {"type": "Feature", "geometry": {"type": "Polygon", "coordinates": [[[113.24677315987034, 22.08543760725668], [113.25876440303996, 22.092664812159764], [113.25876440303995, 22.07913354118455], [113.24677315987034, 22.08543760725668]]]}, "properties": {}}, {"type": "Feature", "geometry": {"type": "Polygon", "coordinates": [[[113.38326038608447, 22.08543760725668], [113.36712429517038, 22.092105908310863], [113.35045354253492, 22.091920677726023], [113.35045354253495, 22.097210252226624], [113.36712429517038, 22.096707975201085], [113.37053720508482, 22.110443736209856], [113.36712429517038, 22.125056371211762], [113.36493077505925, 22.135449865163032], [113.37283345699922, 22.135449865163032], [113.37808588597701, 22.135449865163032], [113.38546212306937, 22.143785241480757], [113.39213042412356, 22.15412728242497], [113.39879872517776, 22.143785241480757], [113.389351965351, 22.135449865163032], [113.38262475139781, 22.127114488845308], [113.39148924132991, 22.118779112527587], [113.40010339277529, 22.110443736209856], [113.40851374998944, 22.10210835989213], [113.41669784906001, 22.093772983574407], [113.40324425921386, 22.08543760725668], [113.39213042412356, 22.078936880470934], [113.38326038608447, 22.08543760725668]]]}, "properties": {}}, {"type": "Feature", "geometry": {"type": "Polygon", "coordinates": [[[113.3257680049717, 22.093772983574407], [113.32350249246166, 22.10210835989213], [113.33378278989949, 22.107702572150103], [113.33871496524237, 22.093772983574407], [113.3257680049717, 22.093772983574407]]]}, "properties": {}}, {"type": "Feature", "geometry": {"type": "Polygon", "coordinates": [[[113.20418481561461, 22.10210835989213], [113.21521367720464, 22.102108359892128], [113.20418481561461, 22.10210835989213]]]}, "properties": {}}, {"type": "Feature", "geometry": {"type": "Polygon", "coordinates": [[[113.2289952019052, 22.110443736209852], [113.23860442302811, 22.110443736209856], [113.2289952019052, 22.110443736209852]]]}, "properties": {}}, {"type": "Feature", "geometry": {"type": "Polygon", "coordinates": [[[113.25126631341757, 22.110443736209856], [113.26644677753761, 22.110443736209856], [113.25126631341757, 22.110443736209856]]]}, "properties": {}}, {"type": "Feature", "geometry": {"type": "Polygon", "coordinates": [[[113.33652395395924, 22.110443736209856], [113.35045354253494, 22.112564697068922], [113.35045354253495, 22.10827870334643], [113.33652395395924, 22.110443736209856]]]}, "properties": {}}, {"type": "Feature", "geometry": {"type": "Polygon", "coordinates": [[[113.28683035362367, 22.118779112527584], [113.28377053199314, 22.12966140937725], [113.27543515567541, 22.13714350733781], [113.27543515567541, 22.14914561207843], [113.28377053199314, 22.139363187386685], [113.30044128462859, 22.142513743355572], [113.30877666094631, 22.1496552248573], [113.30877666094631, 22.152766532549887], [113.30044128462859, 22.165522595346246], [113.30044128462859, 22.17231584243567], [113.31373739102064, 22.177126746751654], [113.32201519983826, 22.177126746751654], [113.32963604487713, 22.16879137043393], [113.33737562443797, 22.160455994116205], [113.33378278989949, 22.1478894623687], [113.32544741358176, 22.138882078906537], [113.30877666094631, 22.13807607965193], [113.30853388300058, 22.127114488845308], [113.31500289906995, 22.118779112527584], [113.30044128462859, 22.113069950698755], [113.28683035362367, 22.118779112527584]]]}, "properties": {}}, {"type": "Feature", "geometry": {"type": "Polygon", "coordinates": [[[113.24342450879415, 22.135449865163032], [113.25753304066788, 22.13544986516303], [113.24342450879415, 22.135449865163032]]]}, "properties": {}}, {"type": "Feature", "geometry": {"type": "Polygon", "coordinates": [[[113.50842398768891, 22.135449865163032], [113.50922261525349, 22.135449865163032], [113.50842398768891, 22.135449865163032]]]}, "properties": {}}, {"type": "Feature", "geometry": {"type": "Polygon", "coordinates": [[[113.21339930182616, 22.143785241480757], [113.21794068173048, 22.143785241480757], [113.21339930182616, 22.143785241480757]]]}, "properties": {}}, {"type": "Feature", "geometry": {"type": "Polygon", "coordinates": [[[113.0320969840098, 22.15212061779848], [113.03705678313841, 22.15212061779848], [113.0320969840098, 22.15212061779848]]]}, "properties": {}}, {"type": "Feature", "geometry": {"type": "Polygon", "coordinates": [[[113.53900386716029, 22.15212061779848], [113.54434923356601, 22.15212061779848], [113.53900386716029, 22.15212061779848]]]}, "properties": {}}, {"type": "Feature", "geometry": {"type": "Polygon", "coordinates": [[[113.52100969952528, 22.210468252022558], [113.52549644520715, 22.22445090218071], [113.53068085349653, 22.210468252022558], [113.52100969952528, 22.210468252022558]]]}, "properties": {}}, {"type": "Feature", "geometry": {"type": "Polygon", "coordinates": [[[113.14102721255209, 22.227139004658007], [113.14760146402958, 22.227139004658007], [113.14102721255209, 22.227139004658007]]]}, "properties": {}}, {"type": "Feature", "geometry": {"type": "Polygon", "coordinates": [[[113.44736784324283, 22.227139004658007], [113.45539568451451, 22.227139004658007], [113.44736784324283, 22.227139004658007]]]}, "properties": {}}, {"type": "Feature", "geometry": {"type": "Polygon", "coordinates": [[[113.29614469889252, 22.23547438097573], [113.30361062924183, 22.23547438097573], [113.29614469889252, 22.23547438097573]]]}, "properties": {}}, {"type": "Feature", "geometry": {"type": "Polygon", "coordinates": [[[113.49943653920235, 22.23547438097573], [113.50168108429938, 22.23547438097573], [113.49943653920235, 22.23547438097573]]]}, "properties": {}}, {"type": "Feature", "geometry": {"type": "Polygon", "coordinates": [[[113.07127450348003, 22.243809757293455], [113.06946481853083, 22.260480509928904], [113.06051054086493, 22.268815886246628], [113.07538612405, 22.27614906191323], [113.08220979478992, 22.260480509928904], [113.08085683635568, 22.243809757293455], [113.07127450348003, 22.243809757293455]]]}, "properties": {}}, {"type": "Feature", "geometry": {"type": "Polygon", "coordinates": [[[113.42652750104136, 22.243809757293455], [113.43610255424257, 22.25214513361118], [113.44214268202991, 22.266477183600493], [113.44926693528203, 22.25214513361118], [113.4525930045941, 22.25214513361118], [113.46108465432324, 22.25214513361118], [113.45748257627572, 22.243809757293455], [113.44534859599827, 22.243809757293455], [113.43893676806155, 22.243809757293455], [113.42652750104136, 22.243809757293455]]]}, "properties": {}}, {"type": "Feature", "geometry": {"type": "Polygon", "coordinates": [[[114.18355605810032, 22.243809757293455], [114.1841124573118, 22.243809757293455], [114.18355605810032, 22.243809757293455]]]}, "properties": {}}, {"type": "Feature", "geometry": {"type": "Polygon", "coordinates": [[[113.26614825240566, 22.260480509928904], [113.26805897110256, 22.260480509928904], [113.26614825240566, 22.260480509928904]]]}, "properties": {}}, {"type": "Feature", "geometry": {"type": "Polygon", "coordinates": [[[113.42441803123278, 22.260480509928904], [113.427465171575, 22.260480509928904], [113.42441803123278, 22.260480509928904]]]}, "properties": {}}, {"type": "Feature", "geometry": {"type": "Polygon", "coordinates": [[[113.48200357745873, 22.260480509928904], [113.48762567142673, 22.260480509928904], [113.48200357745873, 22.260480509928904]]]}, "properties": {}}, {"type": "Feature", "geometry": {"type": "Polygon", "coordinates": [[[113.34722277657406, 22.268815886246628], [113.35181331026122, 22.268815886246628], [113.34722277657406, 22.268815886246628]]]}, "properties": {}}, {"type": "Feature", "geometry": {"type": "Polygon", "coordinates": [[[113.25838063800398, 22.277151262564352], [113.2590769405838, 22.277151262564352], [113.25838063800398, 22.277151262564352]]]}, "properties": {}}, {"type": "Feature", "geometry": {"type": "Polygon", "coordinates": [[[113.41432578667424, 22.277151262564352], [113.42547192939448, 22.282054425138575], [113.42547192939448, 22.271773600465245], [113.41432578667424, 22.277151262564352]]]}, "properties": {}}, {"type": "Feature", "geometry": {"type": "Polygon", "coordinates": [[[113.24511986980778, 22.28548663888208], [113.25577221666133, 22.28548663888208], [113.24511986980778, 22.28548663888208]]]}, "properties": {}}, {"type": "Feature", "geometry": {"type": "Polygon", "coordinates": [[[113.19428781570556, 22.293822015199805], [113.18374601618044, 22.29750075675898], [113.17541063986272, 22.306721104408176], [113.16358765837025, 22.310492767835257], [113.16628141818843, 22.327163520470705], [113.16312484825531, 22.343834273106154], [113.16707526354499, 22.35229749262492], [113.18149321179928, 22.360505025741602], [113.1866688105491, 22.368840402059327], [113.19307282495834, 22.377175778377055], [113.20548386694011, 22.377175778377055], [113.19695588163403, 22.368840402059327], [113.1889883913095, 22.360505025741602], [113.19208139249817, 22.34910982779335], [113.19208139249817, 22.336770394913614], [113.1773106154248, 22.33549889678843], [113.17867532886356, 22.31882814415298], [113.18374601618042, 22.307399766646594], [113.19945783174852, 22.302157391517532], [113.2021367670536, 22.302157391517532], [113.20875214513362, 22.310492767835257], [113.21770495672135, 22.310492767835257], [113.22959058592792, 22.310492767835257], [113.23375827408677, 22.32431194443082], [113.24491920165298, 22.31882814415298], [113.23814531430907, 22.310492767835257], [113.23903382877398, 22.293822015199805], [113.22542289776906, 22.288800704244363], [113.20875214513362, 22.290334410025068], [113.19428781570556, 22.293822015199805]]]}, "properties": {}}, {"type": "Feature", "geometry": {"type": "Polygon", "coordinates": [[[113.26256968346826, 22.293822015199805], [113.2537430920845, 22.30215739151753], [113.2670997793577, 22.302473724580032], [113.27234215448675, 22.293822015199805], [113.26256968346826, 22.293822015199805]]]}, "properties": {}}, {"type": "Feature", "geometry": {"type": "Polygon", "coordinates": [[[113.27852815686407, 22.293822015199805], [113.28377053199314, 22.30300880891796], [113.29738146299806, 22.30215739151753], [113.28478210681708, 22.293822015199805], [113.27852815686407, 22.293822015199805]]]}, "properties": {}}, {"type": "Feature", "geometry": {"type": "Polygon", "coordinates": [[[113.06144713344594, 22.310492767835257], [113.05923633244501, 22.327163520470705], [113.05919903679623, 22.343834273106154], [113.05937897938401, 22.360505025741602], [113.05898506760697, 22.377175778377055], [113.05871537141456, 22.385790738083987], [113.0507049877939, 22.40218190733023], [113.05907315439316, 22.410517283647955], [113.05871537141455, 22.419223426299084], [113.04306826152798, 22.427188036283404], [113.04204461877912, 22.43584192061819], [113.02537386614367, 22.44049775010691], [113.01703848982594, 22.44423822602274], [113.01703848982594, 22.45960592256182], [113.02537386614367, 22.446346961024826], [113.04204461877912, 22.4516784877857], [113.05037999509683, 22.44367935812184], [113.06705074773228, 22.443320958198278], [113.07518943900973, 22.427188036283404], [113.07510543056324, 22.410517283647955], [113.0835614011908, 22.40218190733023], [113.08321583176034, 22.38551115469478], [113.07538612405001, 22.3693722013896], [113.07474020929861, 22.360505025741602], [113.07569819355969, 22.352169649423878], [113.08319610185416, 22.335498896788433], [113.08267502277067, 22.318828144152985], [113.07371904878647, 22.31049276783526], [113.06144713344594, 22.310492767835257]]]}, "properties": {}}, {"type": "Feature", "geometry": {"type": "Polygon", "coordinates": [[[113.34024082923291, 22.310492767835257], [113.34335303678279, 22.310492767835257], [113.34024082923291, 22.310492767835257]]]}, "properties": {}}, {"type": "Feature", "geometry": {"type": "Polygon", "coordinates": [[[113.18799542363857, 22.327163520470705], [113.19676418825755, 22.327163520470705], [113.18799542363857, 22.327163520470705]]]}, "properties": {}}, {"type": "Feature", "geometry": {"type": "Polygon", "coordinates": [[[113.20406934937424, 22.327163520470705], [113.2124732952596, 22.327163520470705], [113.20406934937424, 22.327163520470705]]]}, "properties": {}}, {"type": "Feature", "geometry": {"type": "Polygon", "coordinates": [[[113.30917358362811, 22.3271635204707], [113.30634740744217, 22.33549889678843], [113.30877666094631, 22.35179167293667], [113.31711203726404, 22.352696871188364], [113.31711203726405, 22.34661273187873], [113.31711203726405, 22.343608992665136], [113.32544741358176, 22.335185651668212], [113.32544741358176, 22.319307016750017], [113.30917358362811, 22.3271635204707]]]}, "properties": {}}, {"type": "Feature", "geometry": {"type": "Polygon", "coordinates": [[[114.13825814842173, 22.327163520470705], [114.1459701595707, 22.327163520470705], [114.13825814842173, 22.327163520470705]]]}, "properties": {}}, {"type": "Feature", "geometry": {"type": "Polygon", "coordinates": [[[113.2212552096102, 22.33549889678843], [113.22589144053966, 22.33549889678843], [113.2212552096102, 22.33549889678843]]]}, "properties": {}}, {"type": "Feature", "geometry": {"type": "Polygon", "coordinates": [[[113.20470584583785, 22.343834273106154], [113.21183932149307, 22.343834273106154], [113.20470584583785, 22.343834273106154]]]}, "properties": {}}, {"type": "Feature", "geometry": {"type": "Polygon", "coordinates": [[[113.24699883063266, 22.343834273106154], [113.25423513453043, 22.343834273106154], [113.24699883063266, 22.343834273106154]]]}, "properties": {}}, {"type": "Feature", "geometry": {"type": "Polygon", "coordinates": [[[113.33687579108815, 22.343834273106154], [113.3445342172904, 22.343834273106154], [113.33687579108815, 22.343834273106154]]]}, "properties": {}}, {"type": "Feature", "geometry": {"type": "Polygon", "coordinates": [[[113.2992505165832, 22.352169649423878], [113.30321974340117, 22.360505025741602], [113.3093038827108, 22.360505025741602], [113.30575044154304, 22.352169649423878], [113.2992505165832, 22.352169649423878]]]}, "properties": {}}, {"type": "Feature", "geometry": {"type": "Polygon", "coordinates": [[[113.32901971771793, 22.352169649423878], [113.33445991224177, 22.352169649423878], [113.32901971771793, 22.352169649423878]]]}, "properties": {}}, {"type": "Feature", "geometry": {"type": "Polygon", "coordinates": [[[114.10719552166998, 22.352169649423878], [114.10897278744791, 22.365236554321935], [114.11104368842912, 22.352169649423878], [114.10719552166998, 22.352169649423878]]]}, "properties": {}}, {"type": "Feature", "geometry": {"type": "Polygon", "coordinates": [[[113.25723216476237, 22.360505025741602], [113.26329449892938, 22.360505025741602], [113.25723216476237, 22.360505025741602]]]}, "properties": {}}, {"type": "Feature", "geometry": {"type": "Polygon", "coordinates": [[[113.29070735524637, 22.360505025741602], [113.28699218049363, 22.377175778377055], [113.28054888349266, 22.377175778377055], [113.27526445372978, 22.377175778377055], [113.27960284383428, 22.38551115469478], [113.27543515567541, 22.398014219171365], [113.2670997793577, 22.406349595489093], [113.26201723277813, 22.41885265996568], [113.27543515567541, 22.42204629072125], [113.28377053199314, 22.417294012338562], [113.28945093659758, 22.427188036283404], [113.30044128462859, 22.430317923420414], [113.30044128462859, 22.422452026986306], [113.29210590831086, 22.41697532298138], [113.28670552361982, 22.40218190733023], [113.29210590831086, 22.389637578653407], [113.30044128462859, 22.40085104894059], [113.3004412846286, 22.388289613467357], [113.3004412846286, 22.382732695922208], [113.30044128462859, 22.373008090218192], [113.29766282585602, 22.360505025741602], [113.29070735524637, 22.360505025741602]]]}, "properties": {}}, {"type": "Feature", "geometry": {"type": "Polygon", "coordinates": [[[114.09958000565896, 22.368840402059327], [114.1056804217921, 22.368840402059327], [114.09958000565896, 22.368840402059327]]]}, "properties": {}}, {"type": "Feature", "geometry": {"type": "Polygon", "coordinates": [[[113.16393312045429, 22.377175778377055], [113.17541063986272, 22.38323787024449], [113.17733418830252, 22.393846531012503], [113.18489890363489, 22.393846531012503], [113.18374601618044, 22.37964117131823], [113.17541063986272, 22.375710217732802], [113.16393312045429, 22.377175778377055]]]}, "properties": {}}, {"type": "Feature", "geometry": {"type": "Polygon", "coordinates": [[[114.32291411293618, 22.377175778377055], [114.32717854194111, 22.377175778377055], [114.32291411293618, 22.377175778377055]]]}, "properties": {}}, {"type": "Feature", "geometry": {"type": "Polygon", "coordinates": [[[113.24973150568033, 22.38551115469478], [113.24208311762777, 22.393846531012503], [113.23010740149697, 22.40218190733023], [113.22325553324319, 22.410517283647955], [113.22438758783258, 22.427188036283404], [113.22753784401553, 22.43552341260113], [113.24000200162658, 22.43552341260113], [113.24543778346808, 22.43552341260113], [113.24754481344922, 22.452194165236577], [113.25317092686115, 22.452194165236577], [113.2538592228118, 22.43552341260113], [113.25551157330176, 22.41885265996568], [113.25042902672223, 22.40601167488563], [113.25042902672223, 22.39835213977483], [113.26293209119882, 22.393846531012503], [113.25073705985164, 22.38551115469478], [113.24973150568033, 22.38551115469478]]]}, "properties": {}}, {"type": "Feature", "geometry": {"type": "Polygon", "coordinates": [[[113.55701401690268, 22.38551115469478], [113.56024357890286, 22.38551115469478], [113.55701401690268, 22.38551115469478]]]}, "properties": {}}, {"type": "Feature", "geometry": {"type": "Polygon", "coordinates": [[[114.30729517461208, 22.38551115469478], [114.31118404378834, 22.38551115469478], [114.30729517461208, 22.38551115469478]]]}, "properties": {}}, {"type": "Feature", "geometry": {"type": "Polygon", "coordinates": [[[113.19763157501518, 22.40218190733023], [113.20644857461826, 22.40218190733023], [113.19763157501518, 22.40218190733023]]]}, "properties": {}}, {"type": "Feature", "geometry": {"type": "Polygon", "coordinates": [[[113.13790144643295, 22.427188036283404], [113.14463386576648, 22.427188036283404], [113.13790144643295, 22.427188036283404]]]}, "properties": {}}, {"type": "Feature", "geometry": {"type": "Polygon", "coordinates": [[[113.20027697215284, 22.43552341260113], [113.20077527962309, 22.43552341260113], [113.20027697215284, 22.43552341260113]]]}, "properties": {}}, {"type": "Feature", "geometry": {"type": "Polygon", "coordinates": [[[113.20533250364903, 22.443858788918853], [113.21067108058335, 22.443858788918853], [113.20533250364903, 22.443858788918853]]]}, "properties": {}}, {"type": "Feature", "geometry": {"type": "Polygon", "coordinates": [[[113.2890638001763, 22.443858788918853], [113.29433273975388, 22.443858788918853], [113.2890638001763, 22.443858788918853]]]}, "properties": {}}, {"type": "Feature", "geometry": {"type": "Polygon", "coordinates": [[[113.06729614380673, 22.452194165236573], [113.08334479018221, 22.452194165236577], [113.06729614380673, 22.452194165236573]]]}, "properties": {}}, {"type": "Feature", "geometry": {"type": "Polygon", "coordinates": [[[113.21821392365644, 22.452194165236577], [113.21708752145133, 22.46499699377533], [113.21708752145133, 22.474633344418038], [113.22542289776906, 22.467219249653986], [113.23283212116259, 22.452194165236573], [113.21821392365644, 22.452194165236577]]]}, "properties": {}}, {"type": "Feature", "geometry": {"type": "Polygon", "coordinates": [[[112.98410944236693, 22.4605295415543], [112.99203236087277, 22.47195209423148], [113.00006076866839, 22.4605295415543], [112.98410944236693, 22.4605295415543]]]}, "properties": {}}, {"type": "Feature", "geometry": {"type": "Polygon", "coordinates": [[[113.17993990837225, 22.4605295415543], [113.19208139249815, 22.46561208813383], [113.20041676881588, 22.476573936453022], [113.20041676881587, 22.46145569447849], [113.19208139249817, 22.45987935617863], [113.17993990837225, 22.4605295415543]]]}, "properties": {}}, {"type": "Feature", "geometry": {"type": "Polygon", "coordinates": [[[112.87187843000422, 22.46886491787203], [112.88367246874233, 22.472022257403424], [112.88367246874233, 22.46802040151799], [112.87187843000422, 22.46886491787203]]]}, "properties": {}}, {"type": "Feature", "geometry": {"type": "Polygon", "coordinates": [[[112.89617553321892, 22.46886491787203], [112.90314032750678, 22.46886491787203], [112.89617553321892, 22.46886491787203]]]}, "properties": {}}, {"type": "Feature", "geometry": {"type": "Polygon", "coordinates": [[[113.09663757903459, 22.46886491787203], [113.10445829032592, 22.46886491787203], [113.09663757903459, 22.46886491787203]]]}, "properties": {}}, {"type": "Feature", "geometry": {"type": "Polygon", "coordinates": [[[113.12166054507455, 22.46886491787203], [113.13024453089768, 22.46886491787203], [113.12166054507455, 22.46886491787203]]]}, "properties": {}}, {"type": "Feature", "geometry": {"type": "Polygon", "coordinates": [[[113.23894822535064, 22.46886491787203], [113.24418271714582, 22.46886491787203], [113.23894822535064, 22.46886491787203]]]}, "properties": {}}, {"type": "Feature", "geometry": {"type": "Polygon", "coordinates": [[[113.01339858744316, 22.477200294189753], [113.01923779758361, 22.477200294189753], [113.01339858744316, 22.477200294189753]]]}, "properties": {}}, {"type": "Feature", "geometry": {"type": "Polygon", "coordinates": [[[113.11313122436553, 22.477200294189753], [113.11706300563864, 22.48724549124977], [113.1337337582741, 22.489877012301893], [113.14206913459181, 22.497840273598108], [113.14206913459181, 22.489107974643645], [113.13373375827409, 22.48245988593169], [113.12086911344683, 22.477200294189753], [113.11313122436553, 22.477200294189753]]]}, "properties": {}}, {"type": "Feature", "geometry": {"type": "Polygon", "coordinates": [[[113.22946168835071, 22.477200294189753], [113.23671408123667, 22.477200294189753], [113.22946168835071, 22.477200294189753]]]}, "properties": {}}, {"type": "Feature", "geometry": {"type": "Polygon", "coordinates": [[[112.90488979036049, 22.485535670507478], [112.91110167216618, 22.485535670507478], [112.90488979036049, 22.485535670507478]]]}, "properties": {}}, {"type": "Feature", "geometry": {"type": "Polygon", "coordinates": [[[112.96410153849925, 22.485535670507478], [112.97536160823731, 22.488009076026998], [112.97536160823731, 22.482671279987432], [112.96410153849925, 22.485535670507478]]]}, "properties": {}}, {"type": "Feature", "geometry": {"type": "Polygon", "coordinates": [[[112.98122357903551, 22.493871046825205], [112.96702623191959, 22.494234001800837], [112.95035547928414, 22.494209520393202], [112.93390695631612, 22.502206423142926], [112.92534935033096, 22.50269796980039], [112.90893118485666, 22.510541799460654], [112.92534935033096, 22.518117118745838], [112.94159555516556, 22.510541799460654], [112.95035547928416, 22.510196195357548], [112.96702623191959, 22.510184868979028], [112.98312447326539, 22.50220642314293], [112.98709917890422, 22.493871046825205], [112.98122357903551, 22.493871046825205]]]}, "properties": {}}, {"type": "Feature", "geometry": {"type": "Polygon", "coordinates": [[[113.16811718558469, 22.493871046825205], [113.16432431423922, 22.50220642314293], [113.15873988722726, 22.51571983624698], [113.15446533524332, 22.527212552096103], [113.16290757538613, 22.527212552096103], [113.17541063986272, 22.52497623158515], [113.17541063986272, 22.510541799460654], [113.1824489552418, 22.493871046825205], [113.16811718558469, 22.493871046825205]]]}, "properties": {}}, {"type": "Feature", "geometry": {"type": "Polygon", "coordinates": [[[113.22186077118837, 22.493871046825205], [113.22795644683117, 22.493871046825205], [113.22186077118837, 22.493871046825205]]]}, "properties": {}}, {"type": "Feature", "geometry": {"type": "Polygon", "coordinates": [[[112.99451424249128, 22.50220642314293], [113.00540117701325, 22.50220642314293], [112.99451424249128, 22.50220642314293]]]}, "properties": {}}, {"type": "Feature", "geometry": {"type": "Polygon", "coordinates": [[[113.12096467113781, 22.50220642314293], [113.12539838195636, 22.514816351444594], [113.13373375827409, 22.506272460465667], [113.1337337582741, 22.49786508134852], [113.12096467113781, 22.50220642314293]]]}, "properties": {}}, {"type": "Feature", "geometry": {"type": "Polygon", "coordinates": [[[113.21206621049589, 22.50220642314293], [113.22046216769473, 22.50220642314293], [113.21206621049589, 22.50220642314293]]]}, "properties": {}}, {"type": "Feature", "geometry": {"type": "Polygon", "coordinates": [[[113.25328060276212, 22.50220642314293], [113.26046177447084, 22.50220642314293], [113.25328060276212, 22.50220642314293]]]}, "properties": {}}, {"type": "Feature", "geometry": {"type": "Polygon", "coordinates": [[[113.07125970009139, 22.510541799460654], [113.08056337637527, 22.510541799460654], [113.07125970009139, 22.510541799460654]]]}, "properties": {}}, {"type": "Feature", "geometry": {"type": "Polygon", "coordinates": [[[114.28365328245414, 22.510541799460654], [114.28198799747575, 22.527212552096103], [114.29235106643785, 22.529508166648657], [114.30902181907331, 22.527744597392978], [114.30902181907331, 22.526511314601425], [114.30068644275556, 22.51743042071825], [114.29235106643785, 22.51026913422019], [114.28365328245414, 22.510541799460654]]]}, "properties": {}}, {"type": "Feature", "geometry": {"type": "Polygon", "coordinates": [[[113.09637520426769, 22.51887717577838], [113.10552171535255, 22.51887717577838], [113.09637520426769, 22.51887717577838]]]}, "properties": {}}, {"type": "Feature", "geometry": {"type": "Polygon", "coordinates": [[[113.18795496853954, 22.51887717577838], [113.20041676881588, 22.52304486393724], [113.2004167688159, 22.51397401320416], [113.18795496853954, 22.51887717577838]]]}, "properties": {}}, {"type": "Feature", "geometry": {"type": "Polygon", "coordinates": [[[113.86241757168048, 22.527212552096103], [113.86063586861219, 22.543883304731548], [113.8755822505516, 22.55104154773947], [113.88391762686933, 22.542879234517404], [113.88391762686933, 22.529086396401198], [113.8755822505516, 22.52148377108954], [113.86241757168048, 22.527212552096103]]]}, "properties": {}}, {"type": "Feature", "geometry": {"type": "Polygon", "coordinates": [[[113.17183322519998, 22.535547928413827], [113.17541063986272, 22.548050992890413], [113.18374601618044, 22.55449610621929], [113.18789296959201, 22.54388330473155], [113.18374601618044, 22.531137676360487], [113.17183322519998, 22.535547928413827]]]}, "properties": {}}, {"type": "Feature", "geometry": {"type": "Polygon", "coordinates": [[[113.57166751579436, 22.535547928413827], [113.57345058547997, 22.552218681049276], [113.5792298532395, 22.552218681049276], [113.59217945574896, 22.54507407274198], [113.59217945574896, 22.543426355947734], [113.57967639127237, 22.535547928413827], [113.57166751579436, 22.535547928413827]]]}, "properties": {}}, {"type": "Feature", "geometry": {"type": "Polygon", "coordinates": [[[113.09769472013936, 22.54388330473155], [113.10389451196724, 22.54388330473155], [113.09769472013936, 22.54388330473155]]]}, "properties": {}}, {"type": "Feature", "geometry": {"type": "Polygon", "coordinates": [[[113.17263218109014, 22.560554057367003], [113.1713246710031, 22.577224810002452], [113.17541063986272, 22.587437523304484], [113.17721483391557, 22.577224810002456], [113.17768806503273, 22.560554057367003], [113.17263218109014, 22.560554057367003]]]}, "properties": {}}, {"type": "Feature", "geometry": {"type": "Polygon", "coordinates": [[[113.26443671992863, 22.560554057367003], [113.27044732003472, 22.560554057367003], [113.26443671992863, 22.560554057367003]]]}, "properties": {}}, {"type": "Feature", "geometry": {"type": "Polygon", "coordinates": [[[113.58930518802956, 22.568889433684728], [113.59581935813173, 22.568889433684728], [113.58930518802956, 22.568889433684728]]]}, "properties": {}}, {"type": "Feature", "geometry": {"type": "Polygon", "coordinates": [[[113.24747321957234, 22.577224810002452], [113.25348227809934, 22.577224810002452], [113.24747321957234, 22.577224810002452]]]}, "properties": {}}, {"type": "Feature", "geometry": {"type": "Polygon", "coordinates": [[[113.45582584454647, 22.577224810002452], [113.45881343466536, 22.590115036808562], [113.46000932800375, 22.57722481000245], [113.45582584454647, 22.577224810002452]]]}, "properties": {}}, {"type": "Feature", "geometry": {"type": "Polygon", "coordinates": [[[113.48659802239112, 22.577224810002456], [113.50049031625397, 22.583468537542245], [113.51330209831232, 22.58556018632018], [113.52159477970798, 22.58556018632018], [113.53383182152488, 22.584151715502202], [113.54649518178257, 22.58556018632018], [113.55422372428633, 22.58556018632018], [113.55050257416033, 22.572767389428343], [113.53383182152487, 22.571710779321695], [113.51716106888942, 22.57216079038009], [113.50049031625399, 22.575317401184144], [113.48659802239112, 22.577224810002456]]]}, "properties": {}}, {"type": "Feature", "geometry": {"type": "Polygon", "coordinates": [[[113.43786813004597, 22.58556018632018], [113.44214268202991, 22.59804251604948], [113.44682547778928, 22.58556018632018], [113.43786813004597, 22.58556018632018]]]}, "properties": {}}, {"type": "Feature", "geometry": {"type": "Polygon", "coordinates": [[[113.16492141947154, 22.593895562637904], [113.15735296942356, 22.60223093895563], [113.15873988722726, 22.61233979957828], [113.16707526354499, 22.603749222501207], [113.1689526005293, 22.593895562637904], [113.16492141947154, 22.593895562637904]]]}, "properties": {}}, {"type": "Feature", "geometry": {"type": "Polygon", "coordinates": [[[113.42267482326548, 22.60223093895563], [113.42963961755332, 22.60223093895563], [113.42267482326548, 22.60223093895563]]]}, "properties": {}}, {"type": "Feature", "geometry": {"type": "Polygon", "coordinates": [[[113.51362912979316, 22.60223093895563], [113.52100225620859, 22.60223093895563], [113.51362912979316, 22.60223093895563]]]}, "properties": {}}, {"type": "Feature", "geometry": {"type": "Polygon", "coordinates": [[[113.55352879356361, 22.60223093895563], [113.56284534285582, 22.60223093895563], [113.55352879356361, 22.60223093895563]]]}, "properties": {}}, {"type": "Feature", "geometry": {"type": "Polygon", "coordinates": [[[113.10720379446946, 22.610566315273353], [113.11706300563864, 22.61263979197914], [113.11706300563864, 22.609170104785804], [113.10720379446946, 22.610566315273353]]]}, "properties": {}}, {"type": "Feature", "geometry": {"type": "Polygon", "coordinates": [[[113.21308012902765, 22.610566315273353], [113.22183973144898, 22.610566315273353], [113.21308012902765, 22.610566315273353]]]}, "properties": {}}, {"type": "Feature", "geometry": {"type": "Polygon", "coordinates": [[[113.35325046281005, 22.610566315273353], [113.36315506839748, 22.618901691591077], [113.37545967148813, 22.62208313292793], [113.37545967148812, 22.615384655177174], [113.36388700837335, 22.610566315273353], [113.35325046281005, 22.610566315273353]]]}, "properties": {}}, {"type": "Feature", "geometry": {"type": "Polygon", "coordinates": [[[113.38879627359647, 22.610566315273353], [113.39593653193175, 22.610566315273353], [113.38879627359647, 22.610566315273353]]]}, "properties": {}}, {"type": "Feature", "geometry": {"type": "Polygon", "coordinates": [[[113.14820520315186, 22.618901691591077], [113.15217799521446, 22.618901691591077], [113.14820520315186, 22.618901691591077]]]}, "properties": {}}, {"type": "Feature", "geometry": {"type": "Polygon", "coordinates": [[[113.42953275372824, 22.618901691591077], [113.42032663538632, 22.6272370679088], [113.42955789825406, 22.6272370679088], [113.43708894998105, 22.618901691591077], [113.42953275372824, 22.618901691591077]]]}, "properties": {}}, {"type": "Feature", "geometry": {"type": "Polygon", "coordinates": [[[113.54655215887067, 22.618901691591077], [113.55883795047806, 22.622132457551956], [113.55883795047806, 22.61587064565736], [113.54655215887067, 22.618901691591077]]]}, "properties": {}}, {"type": "Feature", "geometry": {"type": "Polygon", "coordinates": [[[113.12733707044856, 22.6272370679088], [113.1181261383686, 22.635572444226522], [113.11320403506154, 22.64390782054425], [113.10039225300319, 22.644573546241514], [113.09867629592115, 22.635572444226526], [113.08610467165474, 22.635572444226526], [113.08709442008701, 22.652243196861978], [113.08714793893024, 22.668913949497426], [113.08531849641477, 22.68558470213288], [113.09026432267541, 22.702255454768327], [113.07624295206196, 22.71059083108605], [113.07538612405001, 22.71977980978999], [113.06965618481459, 22.735596960039224], [113.07538612405001, 22.74601618043638], [113.08254637658537, 22.735596960039224], [113.0864366067192, 22.7272615837215], [113.09140286347922, 22.71059083108605], [113.0941407207649, 22.702255454768327], [113.09712229138668, 22.68558470213288], [113.09658428227311, 22.668913949497426], [113.10831853109093, 22.660578573179702], [113.11358386193619, 22.65224319686198], [113.12136513535101, 22.64390782054425], [113.13314021754069, 22.635572444226526], [113.13982824032423, 22.627237067908798], [113.12733707044856, 22.6272370679088]]]}, "properties": {}}, {"type": "Feature", "geometry": {"type": "Polygon", "coordinates": [[[113.34762799128646, 22.6272370679088], [113.35449984183069, 22.6272370679088], [113.34762799128646, 22.6272370679088]]]}, "properties": {}}, {"type": "Feature", "geometry": {"type": "Polygon", "coordinates": [[[113.51381352821241, 22.6272370679088], [113.52171591937781, 22.6272370679088], [113.51381352821241, 22.6272370679088]]]}, "properties": {}}, {"type": "Feature", "geometry": {"type": "Polygon", "coordinates": [[[113.53734906129588, 22.6272370679088], [113.54544884211145, 22.6272370679088], [113.53734906129588, 22.6272370679088]]]}, "properties": {}}, {"type": "Feature", "geometry": {"type": "Polygon", "coordinates": [[[113.60295948303678, 22.6272370679088], [113.61319155017881, 22.6272370679088], [113.60295948303678, 22.6272370679088]]]}, "properties": {}}, {"type": "Feature", "geometry": {"type": "Polygon", "coordinates": [[[113.31412444714516, 22.635572444226526], [113.31994719922169, 22.635572444226526], [113.31412444714516, 22.635572444226526]]]}, "properties": {}}, {"type": "Feature", "geometry": {"type": "Polygon", "coordinates": [[[113.33950519563155, 22.635572444226526], [113.34447946264363, 22.635572444226526], [113.33950519563155, 22.635572444226526]]]}, "properties": {}}, {"type": "Feature", "geometry": {"type": "Polygon", "coordinates": [[[113.16517654461137, 22.64390782054425], [113.16930994887343, 22.64390782054425], [113.16517654461137, 22.64390782054425]]]}, "properties": {}}, {"type": "Feature", "geometry": {"type": "Polygon", "coordinates": [[[113.38856829754286, 22.64390782054425], [113.39740597881075, 22.64390782054425], [113.38856829754286, 22.64390782054425]]]}, "properties": {}}, {"type": "Feature", "geometry": {"type": "Polygon", "coordinates": [[[113.48808890261353, 22.64390782054425], [113.49597850714648, 22.64390782054425], [113.48808890261353, 22.64390782054425]]]}, "properties": {}}, {"type": "Feature", "geometry": {"type": "Polygon", "coordinates": [[[113.5050021253615, 22.64390782054425], [113.51716106888944, 22.64778473980479], [113.51716106888944, 22.639171811247152], [113.5050021253615, 22.64390782054425]]]}, "properties": {}}, {"type": "Feature", "geometry": {"type": "Polygon", "coordinates": [[[113.5294447813026, 22.64390782054425], [113.53681941164376, 22.64390782054425], [113.5294447813026, 22.64390782054425]]]}, "properties": {}}, {"type": "Feature", "geometry": {"type": "Polygon", "coordinates": [[[113.58050992890415, 22.652243196861978], [113.58772099869176, 22.652243196861978], [113.58050992890415, 22.652243196861978]]]}, "properties": {}}, {"type": "Feature", "geometry": {"type": "Polygon", "coordinates": [[[113.19019556078463, 22.660578573179702], [113.19375516283668, 22.660578573179702], [113.19019556078463, 22.660578573179702]]]}, "properties": {}}, {"type": "Feature", "geometry": {"type": "Polygon", "coordinates": [[[113.37231424643426, 22.660578573179702], [113.37849071742183, 22.660578573179702], [113.37231424643426, 22.660578573179702]]]}, "properties": {}}, {"type": "Feature", "geometry": {"type": "Polygon", "coordinates": [[[113.48057622659611, 22.660578573179702], [113.48816672166612, 22.668913949497426], [113.48044491737515, 22.677249325815154], [113.49215493993626, 22.679887103059244], [113.5035889690943, 22.677249325815154], [113.49851782260995, 22.668913949497426], [113.49215493993626, 22.656072964417376], [113.48057622659611, 22.660578573179702]]]}, "properties": {}}, {"type": "Feature", "geometry": {"type": "Polygon", "coordinates": [[[113.51191869376036, 22.6605785731797], [113.52238623010236, 22.668913949497426], [113.51406241604911, 22.677249325815154], [113.52549644520715, 22.679045743084394], [113.53383182152487, 22.673166692563235], [113.5421671978426, 22.66705265190305], [113.54216719784262, 22.65442700389282], [113.53383182152487, 22.665915612661635], [113.52549644520715, 22.656452149221074], [113.51191869376036, 22.6605785731797]]]}, "properties": {}}, {"type": "Feature", "geometry": {"type": "Polygon", "coordinates": [[[113.58934429379131, 22.660578573179702], [113.59497656187794, 22.660578573179702], [113.58934429379131, 22.660578573179702]]]}, "properties": {}}, {"type": "Feature", "geometry": {"type": "Polygon", "coordinates": [[[113.45043471186825, 22.668913949497426], [113.45058083146013, 22.668913949497426], [113.45043471186825, 22.668913949497426]]]}, "properties": {}}, {"type": "Feature", "geometry": {"type": "Polygon", "coordinates": [[[115.54852314928314, 22.677249325815154], [115.55267002849676, 22.677249325815154], [115.54852314928314, 22.677249325815154]]]}, "properties": {}}, {"type": "Feature", "geometry": {"type": "Polygon", "coordinates": [[[113.28955686355052, 22.68558470213288], [113.29476896773991, 22.68558470213288], [113.28955686355052, 22.68558470213288]]]}, "properties": {}}, {"type": "Feature", "geometry": {"type": "Polygon", "coordinates": [[[113.30611360151724, 22.68558470213288], [113.31222103138663, 22.68558470213288], [113.30611360151724, 22.68558470213288]]]}, "properties": {}}, {"type": "Feature", "geometry": {"type": "Polygon", "coordinates": [[[113.34815729568784, 22.68558470213288], [113.35250659091798, 22.68558470213288], [113.34815729568784, 22.68558470213288]]]}, "properties": {}}, {"type": "Feature", "geometry": {"type": "Polygon", "coordinates": [[[113.50679762042317, 22.68558470213288], [113.51283308494948, 22.68558470213288], [113.50679762042317, 22.68558470213288]]]}, "properties": {}}, {"type": "Feature", "geometry": {"type": "Polygon", "coordinates": [[[113.38999861437043, 22.693920078450603], [113.39551878842782, 22.693920078450603], [113.38999861437043, 22.693920078450603]]]}, "properties": {}}, {"type": "Feature", "geometry": {"type": "Polygon", "coordinates": [[[113.46468444068344, 22.693920078450603], [113.47202330011893, 22.693920078450603], [113.46468444068344, 22.693920078450603]]]}, "properties": {}}, {"type": "Feature", "geometry": {"type": "Polygon", "coordinates": [[[113.49827346084471, 22.693920078450603], [113.50362391641275, 22.693920078450603], [113.49827346084471, 22.693920078450603]]]}, "properties": {}}, {"type": "Feature", "geometry": {"type": "Polygon", "coordinates": [[[113.22373215208856, 22.702255454768327], [113.22745096991758, 22.702255454768327], [113.22373215208856, 22.702255454768327]]]}, "properties": {}}, {"type": "Feature", "geometry": {"type": "Polygon", "coordinates": [[[113.28171748361008, 22.702255454768327], [113.28574573963797, 22.702255454768327], [113.28171748361008, 22.702255454768327]]]}, "properties": {}}, {"type": "Feature", "geometry": {"type": "Polygon", "coordinates": [[[113.39688838577854, 22.702255454768327], [113.40441621573095, 22.702255454768327], [113.39688838577854, 22.702255454768327]]]}, "properties": {}}, {"type": "Feature", "geometry": {"type": "Polygon", "coordinates": [[[113.47958840818876, 22.702255454768327], [113.48666440200316, 22.702255454768327], [113.47958840818876, 22.702255454768327]]]}, "properties": {}}, {"type": "Feature", "geometry": {"type": "Polygon", "coordinates": [[[113.505794646638, 22.702255454768327], [113.5129726459833, 22.702255454768327], [113.505794646638, 22.702255454768327]]]}, "properties": {}}, {"type": "Feature", "geometry": {"type": "Polygon", "coordinates": [[[113.40535680631871, 22.71059083108605], [113.41200709069795, 22.71059083108605], [113.40535680631871, 22.71059083108605]]]}, "properties": {}}, {"type": "Feature", "geometry": {"type": "Polygon", "coordinates": [[[113.42875556241633, 22.71059083108605], [113.4421426820299, 22.716516454020564], [113.44214268202991, 22.704933335792845], [113.42875556241633, 22.71059083108605]]]}, "properties": {}}, {"type": "Feature", "geometry": {"type": "Polygon", "coordinates": [[[113.4736068503165, 22.71059083108605], [113.47819929365227, 22.71059083108605], [113.4736068503165, 22.71059083108605]]]}, "properties": {}}, {"type": "Feature", "geometry": {"type": "Polygon", "coordinates": [[[113.49670150891896, 22.71059083108605], [113.5053084528007, 22.71059083108605], [113.49670150891896, 22.71059083108605]]]}, "properties": {}}, {"type": "Feature", "geometry": {"type": "Polygon", "coordinates": [[[113.21420330817833, 22.718926207403776], [113.21891145502671, 22.718926207403776], [113.21420330817833, 22.718926207403776]]]}, "properties": {}}, {"type": "Feature", "geometry": {"type": "Polygon", "coordinates": [[[113.26512924123, 22.718926207403776], [113.26879741197928, 22.718926207403776], [113.26512924123, 22.718926207403776]]]}, "properties": {}}, {"type": "Feature", "geometry": {"type": "Polygon", "coordinates": [[[113.45654221500746, 22.718926207403776], [113.46714881098309, 22.724635369232598], [113.46714881098309, 22.717048870419475], [113.45654221500746, 22.718926207403776]]]}, "properties": {}}, {"type": "Feature", "geometry": {"type": "Polygon", "coordinates": [[[114.88752008925547, 22.718926207403776], [114.87582740867859, 22.726773026959965], [114.87582740867862, 22.729101374001925], [114.87900584480218, 22.74393233635695], [114.86760740089291, 22.752267712674676], [114.85949180086574, 22.7606030889924], [114.8758274086786, 22.768804299718276], [114.89077816307635, 22.7606030889924], [114.89785661757463, 22.752267712674676], [114.9091689139495, 22.751390304641234], [114.92583966658495, 22.751164402177693], [114.9425104192204, 22.744393904416906], [114.95084579553813, 22.73632706597917], [114.95084579553813, 22.73524844256999], [114.93466535915664, 22.735596960039224], [114.93375827408677, 22.735596960039224], [114.92553094894356, 22.7272615837215], [114.93404377713196, 22.71892620740378], [114.92234504300268, 22.718926207403776], [114.90916891394949, 22.723969570918108], [114.89413478774334, 22.718926207403776], [114.88752008925547, 22.718926207403776]]]}, "properties": {}}, {"type": "Feature", "geometry": {"type": "Polygon", "coordinates": [[[113.20613917454796, 22.7272615837215], [113.21055244234996, 22.7272615837215], [113.20613917454796, 22.7272615837215]]]}, "properties": {}}, {"type": "Feature", "geometry": {"type": "Polygon", "coordinates": [[[113.22362260055272, 22.7272615837215], [113.22713799581385, 22.7272615837215], [113.22362260055272, 22.7272615837215]]]}, "properties": {}}, {"type": "Feature", "geometry": {"type": "Polygon", "coordinates": [[[113.25692841705147, 22.7272615837215], [113.26024756611602, 22.7272615837215], [113.25692841705147, 22.7272615837215]]]}, "properties": {}}, {"type": "Feature", "geometry": {"type": "Polygon", "coordinates": [[[113.39463686598253, 22.7272615837215], [113.40404321510404, 22.7272615837215], [113.39463686598253, 22.7272615837215]]]}, "properties": {}}, {"type": "Feature", "geometry": {"type": "Polygon", "coordinates": [[[113.44829602262423, 22.7272615837215], [113.4486133209283, 22.74393233635695], [113.4529434512888, 22.752267712674673], [113.46394289701475, 22.75226771267468], [113.45386642265188, 22.74393233635695], [113.45488831040096, 22.7272615837215], [113.44829602262423, 22.7272615837215]]]}, "properties": {}}, {"type": "Feature", "geometry": {"type": "Polygon", "coordinates": [[[113.47904284367874, 22.7272615837215], [113.48861000975188, 22.7272615837215], [113.47904284367874, 22.7272615837215]]]}, "properties": {}}, {"type": "Feature", "geometry": {"type": "Polygon", "coordinates": [[[113.13236505940563, 22.735596960039224], [113.13536176149753, 22.735596960039224], [113.13236505940563, 22.735596960039224]]]}, "properties": {}}, {"type": "Feature", "geometry": {"type": "Polygon", "coordinates": [[[113.16290757538613, 22.735596960039224], [113.17541063986272, 22.738563286191344], [113.17541063986272, 22.732509783679774], [113.16290757538613, 22.735596960039224]]]}, "properties": {}}, {"type": "Feature", "geometry": {"type": "Polygon", "coordinates": [[[113.18791370433931, 22.735596960039224], [113.19465403950224, 22.735596960039224], [113.18791370433931, 22.735596960039224]]]}, "properties": {}}, {"type": "Feature", "geometry": {"type": "Polygon", "coordinates": [[[113.43124257453749, 22.735596960039224], [113.4365492058511, 22.735596960039224], [113.43124257453749, 22.735596960039224]]]}, "properties": {}}, {"type": "Feature", "geometry": {"type": "Polygon", "coordinates": [[[113.123464419908, 22.74393233635695], [113.11540916111863, 22.752267712674676], [113.12539838195636, 22.754770828743354], [113.13407231944522, 22.752267712674676], [113.12655446743119, 22.74393233635695], [113.123464419908, 22.74393233635695]]]}, "properties": {}}, {"type": "Feature", "geometry": {"type": "Polygon", "coordinates": [[[113.23167962662106, 22.74393233635695], [113.23531628837955, 22.74393233635695], [113.23167962662106, 22.74393233635695]]]}, "properties": {}}, {"type": "Feature", "geometry": {"type": "Polygon", "coordinates": [[[113.31471681419735, 22.74393233635695], [113.31970066342666, 22.74393233635695], [113.31471681419735, 22.74393233635695]]]}, "properties": {}}, {"type": "Feature", "geometry": {"type": "Polygon", "coordinates": [[[113.39627716914592, 22.74393233635695], [113.38909937818984, 22.752267712674676], [113.40046580044128, 22.755401312833442], [113.40880117675901, 22.747773523676106], [113.42547192939446, 22.74898407965281], [113.42547192939446, 22.741367605182266], [113.408801176759, 22.74082212125215], [113.39627716914592, 22.74393233635695]]]}, "properties": {}}, {"type": "Feature", "geometry": {"type": "Polygon", "coordinates": [[[113.49666674904375, 22.74393233635695], [113.5088256925717, 22.75170683792406], [113.50882569257172, 22.736842708885643], [113.49666674904375, 22.74393233635695]]]}, "properties": {}}, {"type": "Feature", "geometry": {"type": "Polygon", "coordinates": [[[113.22354132300786, 22.752267712674676], [113.22703515622065, 22.752267712674676], [113.22354132300786, 22.752267712674676]]]}, "properties": {}}, {"type": "Feature", "geometry": {"type": "Polygon", "coordinates": [[[113.34042742053671, 22.752267712674676], [113.34425544214385, 22.752267712674676], [113.34042742053671, 22.752267712674676]]]}, "properties": {}}, {"type": "Feature", "geometry": {"type": "Polygon", "coordinates": [[[113.3704783708809, 22.752267712674676], [113.38071926323005, 22.7606030889924], [113.38659215393483, 22.7606030889924], [113.38072411968876, 22.752267712674673], [113.3704783708809, 22.752267712674676]]]}, "properties": {}}, {"type": "Feature", "geometry": {"type": "Polygon", "coordinates": [[[115.38011767590095, 22.752267712674676], [115.36801153410616, 22.760603088992397], [115.37196938770163, 22.777273841627853], [115.38428536405982, 22.78343082030281], [115.39262074037754, 22.791743003378595], [115.40929149301301, 22.793515813513793], [115.41762686933072, 22.784138269183625], [115.4250824832456, 22.76893846531013], [115.41429271880364, 22.7606030889924], [115.40207196362323, 22.752267712674676], [115.39262074037754, 22.748568581167508], [115.38011767590095, 22.752267712674676]]]}, "properties": {}}, {"type": "Feature", "geometry": {"type": "Polygon", "coordinates": [[[113.06560531792351, 22.760603088992397], [113.06677317942967, 22.777273841627853], [113.07538612405001, 22.781396183965956], [113.08372150036774, 22.774214019877913], [113.09205687668546, 22.762745859196244], [113.10455994116205, 22.7606030889924], [113.09205687668546, 22.758678059785797], [113.07538612405001, 22.75476832556999], [113.06560531792351, 22.760603088992397]]]}, "properties": {}}, {"type": "Feature", "geometry": {"type": "Polygon", "coordinates": [[[113.34588203817984, 22.760603088992397], [113.35515394277309, 22.760603088992397], [113.34588203817984, 22.760603088992397]]]}, "properties": {}}, {"type": "Feature", "geometry": {"type": "Polygon", "coordinates": [[[113.52717683044017, 22.7606030889924], [113.52017599229238, 22.76893846531013], [113.53383182152488, 22.77066065053028], [113.5421671978426, 22.762423040183794], [113.54216719784262, 22.75775825060778], [113.52717683044017, 22.7606030889924]]]}, "properties": {}}, {"type": "Feature", "geometry": {"type": "Polygon", "coordinates": [[[113.36454368332255, 22.76893846531013], [113.36712429517038, 22.779405651380987], [113.3709478623806, 22.76893846531013], [113.36454368332255, 22.76893846531013]]]}, "properties": {}}, {"type": "Feature", "geometry": {"type": "Polygon", "coordinates": [[[113.47125303187104, 22.76893846531013], [113.48033033624215, 22.76893846531013], [113.47125303187104, 22.76893846531013]]]}, "properties": {}}, {"type": "Feature", "geometry": {"type": "Polygon", "coordinates": [[[115.34927678352537, 22.76893846531013], [115.35170787129437, 22.76893846531013], [115.34927678352537, 22.76893846531013]]]}, "properties": {}}, {"type": "Feature", "geometry": {"type": "Polygon", "coordinates": [[[113.23992297943991, 22.777273841627853], [113.24397948211805, 22.777273841627853], [113.23992297943991, 22.777273841627853]]]}, "properties": {}}, {"type": "Feature", "geometry": {"type": "Polygon", "coordinates": [[[113.50334189229386, 22.777273841627853], [113.51716106888944, 22.78014810934725], [113.51716106888944, 22.774186665268402], [113.50334189229386, 22.777273841627853]]]}, "properties": {}}, {"type": "Feature", "geometry": {"type": "Polygon", "coordinates": [[[113.25663803157173, 22.785609217945577], [113.26293209119882, 22.785609217945577], [113.25663803157173, 22.785609217945577]]]}, "properties": {}}, {"type": "Feature", "geometry": {"type": "Polygon", "coordinates": [[[113.287938220152, 22.785609217945577], [113.29912447950723, 22.7939445942633], [113.30350576118376, 22.7939445942633], [113.30044128462859, 22.78382434081891], [113.287938220152, 22.785609217945577]]]}, "properties": {}}, {"type": "Feature", "geometry": {"type": "Polygon", "coordinates": [[[113.40782953376852, 22.785609217945577], [113.4155213615343, 22.785609217945577], [113.40782953376852, 22.785609217945577]]]}, "properties": {}}, {"type": "Feature", "geometry": {"type": "Polygon", "coordinates": [[[113.43597974201575, 22.785609217945577], [113.44874496036371, 22.785609217945577], [113.43597974201575, 22.785609217945577]]]}, "properties": {}}, {"type": "Feature", "geometry": {"type": "Polygon", "coordinates": [[[115.8128787836402, 22.785609217945577], [115.82287022658966, 22.785609217945577], [115.8128787836402, 22.785609217945577]]]}, "properties": {}}, {"type": "Feature", "geometry": {"type": "Polygon", "coordinates": [[[113.05557905029957, 22.7939445942633], [113.06462376243032, 22.793944594263305], [113.05557905029957, 22.7939445942633]]]}, "properties": {}}, {"type": "Feature", "geometry": {"type": "Polygon", "coordinates": [[[113.18225755609835, 22.7939445942633], [113.18704063136303, 22.7939445942633], [113.18225755609835, 22.7939445942633]]]}, "properties": {}}, {"type": "Feature", "geometry": {"type": "Polygon", "coordinates": [[[113.20607195973204, 22.7939445942633], [113.21105473534942, 22.7939445942633], [113.20607195973204, 22.7939445942633]]]}, "properties": {}}, {"type": "Feature", "geometry": {"type": "Polygon", "coordinates": [[[113.34803749146175, 22.7939445942633], [113.35298709159706, 22.7939445942633], [113.34803749146175, 22.7939445942633]]]}, "properties": {}}, {"type": "Feature", "geometry": {"type": "Polygon", "coordinates": [[[113.47249659718193, 22.7939445942633], [113.47965187545967, 22.7939445942633], [113.47249659718193, 22.7939445942633]]]}, "properties": {}}, {"type": "Feature", "geometry": {"type": "Polygon", "coordinates": [[[112.96803380486828, 22.802279970581026], [112.959190049456, 22.81061534689875], [112.95068276640691, 22.818950723216474], [112.95869085560184, 22.832277342788345], [112.97536160823731, 22.82858346581639], [112.99203236087277, 22.828688217958895], [112.99203236087277, 22.82625957534267], [112.98369698455504, 22.81742129631566], [112.97536160823731, 22.825725167684098], [112.97425111666723, 22.81061534689875], [112.98369698455505, 22.804864583469154], [112.98369698455504, 22.798349178203246], [112.96803380486828, 22.802279970581026]]]}, "properties": {}}, {"type": "Feature", "geometry": {"type": "Polygon", "coordinates": [[[113.0464295798518, 22.802279970581026], [113.05037999509683, 22.813896991167613], [113.06111749713475, 22.81061534689875], [113.05186474329926, 22.802279970581026], [113.0464295798518, 22.802279970581026]]]}, "properties": {}}, {"type": "Feature", "geometry": {"type": "Polygon", "coordinates": [[[113.17319378445345, 22.802279970581026], [113.17795191315248, 22.802279970581026], [113.17319378445345, 22.802279970581026]]]}, "properties": {}}, {"type": "Feature", "geometry": {"type": "Polygon", "coordinates": [[[113.2405944819866, 22.802279970581026], [113.24425307437971, 22.802279970581026], [113.2405944819866, 22.802279970581026]]]}, "properties": {}}, {"type": "Feature", "geometry": {"type": "Polygon", "coordinates": [[[113.31448258107567, 22.802279970581026], [113.32544741358177, 22.804502737599087], [113.32544741358177, 22.800231966538163], [113.31448258107567, 22.802279970581026]]]}, "properties": {}}, {"type": "Feature", "geometry": {"type": "Polygon", "coordinates": [[[113.33973663012642, 22.802279970581026], [113.34395820515107, 22.802279970581026], [113.33973663012642, 22.802279970581026]]]}, "properties": {}}, {"type": "Feature", "geometry": {"type": "Polygon", "coordinates": [[[113.43793289605141, 22.802279970581026], [113.45047805834763, 22.806249197353928], [113.45047805834763, 22.798348189307923], [113.43793289605141, 22.802279970581026]]]}, "properties": {}}, {"type": "Feature", "geometry": {"type": "Polygon", "coordinates": [[[113.52303763221016, 22.802279970581026], [113.52414549282229, 22.818950723216474], [113.53007632232281, 22.818950723216474], [113.52777387037717, 22.802279970581026], [113.52303763221016, 22.802279970581026]]]}, "properties": {}}, {"type": "Feature", "geometry": {"type": "Polygon", "coordinates": [[[112.99050293397195, 22.81061534689875], [112.99309014973021, 22.81061534689875], [112.99050293397195, 22.81061534689875]]]}, "properties": {}}, {"type": "Feature", "geometry": {"type": "Polygon", "coordinates": [[[113.00764532465077, 22.81061534689875], [113.01703848982594, 22.81207769367009], [113.01703848982595, 22.809668145064993], [113.00764532465077, 22.81061534689875]]]}, "properties": {}}, {"type": "Feature", "geometry": {"type": "Polygon", "coordinates": [[[113.42115308153299, 22.81061534689875], [113.43020793869155, 22.81061534689875], [113.42115308153299, 22.81061534689875]]]}, "properties": {}}, {"type": "Feature", "geometry": {"type": "Polygon", "coordinates": [[[112.99853980376454, 22.818950723216474], [113.00246205283817, 22.818950723216474], [112.99853980376454, 22.818950723216474]]]}, "properties": {}}, {"type": "Feature", "geometry": {"type": "Polygon", "coordinates": [[[113.44615921053062, 22.818950723216474], [113.45370257525082, 22.818950723216474], [113.44615921053062, 22.818950723216474]]]}, "properties": {}}, {"type": "Feature", "geometry": {"type": "Polygon", "coordinates": [[[113.56913191255438, 22.818950723216474], [113.57892284200778, 22.818950723216474], [113.56913191255438, 22.818950723216474]]]}, "properties": {}}, {"type": "Feature", "geometry": {"type": "Polygon", "coordinates": [[[115.80332746439636, 22.818950723216474], [115.81511341978276, 22.818950723216474], [115.80332746439636, 22.818950723216474]]]}, "properties": {}}, {"type": "Feature", "geometry": {"type": "Polygon", "coordinates": [[[113.31373739102064, 22.8272860995342], [113.32041972630404, 22.8272860995342], [113.31373739102064, 22.8272860995342]]]}, "properties": {}}, {"type": "Feature", "geometry": {"type": "Polygon", "coordinates": [[[113.40581358664012, 22.8272860995342], [113.41123131557985, 22.8272860995342], [113.40581358664012, 22.8272860995342]]]}, "properties": {}}, {"type": "Feature", "geometry": {"type": "Polygon", "coordinates": [[[113.63880334935105, 22.8272860995342], [113.64635940181418, 22.8272860995342], [113.63880334935105, 22.8272860995342]]]}, "properties": {}}, {"type": "Feature", "geometry": {"type": "Polygon", "coordinates": [[[115.9547259298149, 22.8272860995342], [115.96473548683011, 22.8272860995342], [115.9547259298149, 22.8272860995342]]]}, "properties": {}}, {"type": "Feature", "geometry": {"type": "Polygon", "coordinates": [[[113.42179995741748, 22.835621475851923], [113.4294669442657, 22.835621475851923], [113.42179995741748, 22.835621475851923]]]}, "properties": {}}, {"type": "Feature", "geometry": {"type": "Polygon", "coordinates": [[[115.25944197853649, 22.835621475851923], [115.2759254719294, 22.843819339621145], [115.27592547192941, 22.828066017796687], [115.25944197853649, 22.835621475851923]]]}, "properties": {}}, {"type": "Feature", "geometry": {"type": "Polygon", "coordinates": [[[113.2972105186677, 22.84395685216965], [113.30361062924183, 22.84395685216965], [113.2972105186677, 22.84395685216965]]]}, "properties": {}}, {"type": "Feature", "geometry": {"type": "Polygon", "coordinates": [[[113.39794755981836, 22.84395685216965], [113.40880117675901, 22.84693377233382], [113.42063881204078, 22.84395685216965], [113.40880117675903, 22.841276666768078], [113.39794755981836, 22.84395685216965]]]}, "properties": {}}, {"type": "Feature", "geometry": {"type": "Polygon", "coordinates": [[[113.31429603178759, 22.852292228487375], [113.3201321011577, 22.852292228487375], [113.31429603178759, 22.852292228487375]]]}, "properties": {}}, {"type": "Feature", "geometry": {"type": "Polygon", "coordinates": [[[113.3894415929706, 22.852292228487375], [113.39493694810923, 22.852292228487375], [113.3894415929706, 22.852292228487375]]]}, "properties": {}}, {"type": "Feature", "geometry": {"type": "Polygon", "coordinates": [[[113.27958190069776, 22.8606276048051], [113.28888425981039, 22.8606276048051], [113.27958190069776, 22.8606276048051]]]}, "properties": {}}, {"type": "Feature", "geometry": {"type": "Polygon", "coordinates": [[[113.2967530650034, 22.8606276048051], [113.30359862415997, 22.8606276048051], [113.2967530650034, 22.8606276048051]]]}, "properties": {}}, {"type": "Feature", "geometry": {"type": "Polygon", "coordinates": [[[113.58923409313718, 22.8606276048051], [113.59618684812672, 22.8606276048051], [113.58923409313718, 22.8606276048051]]]}, "properties": {}}, {"type": "Feature", "geometry": {"type": "Polygon", "coordinates": [[[115.27870393070198, 22.860627604805103], [115.29259622456485, 22.866197950838348], [115.30367276494232, 22.868962981122827], [115.31482389474546, 22.868962981122827], [115.30652581314054, 22.8606276048051], [115.29259622456485, 22.856459916646237], [115.27870393070198, 22.860627604805103]]]}, "properties": {}}, {"type": "Feature", "geometry": {"type": "Polygon", "coordinates": [[[113.33837192971006, 22.868962981122827], [113.34583931634322, 22.868962981122827], [113.33837192971006, 22.868962981122827]]]}, "properties": {}}, {"type": "Feature", "geometry": {"type": "Polygon", "coordinates": [[[113.3895256190631, 22.868962981122827], [113.39440164378145, 22.868962981122827], [113.3895256190631, 22.868962981122827]]]}, "properties": {}}, {"type": "Feature", "geometry": {"type": "Polygon", "coordinates": [[[113.38114889667398, 22.87729835744055], [113.38612336526263, 22.87729835744055], [113.38114889667398, 22.87729835744055]]]}, "properties": {}}, {"type": "Feature", "geometry": {"type": "Polygon", "coordinates": [[[113.62768198448238, 22.87729835744055], [113.63813088932153, 22.87729835744055], [113.62768198448238, 22.87729835744055]]]}, "properties": {}}, {"type": "Feature", "geometry": {"type": "Polygon", "coordinates": [[[115.61489744218355, 22.87729835744055], [115.62083324048751, 22.87729835744055], [115.61489744218355, 22.87729835744055]]]}, "properties": {}}, {"type": "Feature", "geometry": {"type": "Polygon", "coordinates": [[[113.09818127784142, 22.885633733758276], [113.10214706907009, 22.885633733758276], [113.09818127784142, 22.885633733758276]]]}, "properties": {}}, {"type": "Feature", "geometry": {"type": "Polygon", "coordinates": [[[113.28207978631264, 22.885633733758276], [113.2869764459321, 22.885633733758276], [113.28207978631264, 22.885633733758276]]]}, "properties": {}}, {"type": "Feature", "geometry": {"type": "Polygon", "coordinates": [[[113.31115819706244, 22.885633733758276], [113.32122827253113, 22.885633733758276], [113.31115819706244, 22.885633733758276]]]}, "properties": {}}, {"type": "Feature", "geometry": {"type": "Polygon", "coordinates": [[[113.36462867345423, 22.885633733758276], [113.37151133539267, 22.885633733758276], [113.36462867345423, 22.885633733758276]]]}, "properties": {}}, {"type": "Feature", "geometry": {"type": "Polygon", "coordinates": [[[113.11384471366556, 22.893969110076], [113.11939132309544, 22.893969110076], [113.11384471366556, 22.893969110076]]]}, "properties": {}}, {"type": "Feature", "geometry": {"type": "Polygon", "coordinates": [[[113.15589504884264, 22.893969110076], [113.16707526354499, 22.896745388937028], [113.18374601618044, 22.896664588117062], [113.19392550231076, 22.893969110076], [113.18374601618044, 22.892271477454408], [113.16707526354499, 22.89055297232098], [113.15589504884264, 22.893969110076]]]}, "properties": {}}, {"type": "Feature", "geometry": {"type": "Polygon", "coordinates": [[[113.59457795433137, 22.893969110075997], [113.60599142630625, 22.893969110076], [113.59457795433137, 22.893969110075997]]]}, "properties": {}}, {"type": "Feature", "geometry": {"type": "Polygon", "coordinates": [[[115.50417071481755, 22.893969110076], [115.51472859077478, 22.893969110076], [115.50417071481755, 22.893969110076]]]}, "properties": {}}, {"type": "Feature", "geometry": {"type": "Polygon", "coordinates": [[[113.1307568381099, 22.902304486393724], [113.13582807392177, 22.902304486393724], [113.1307568381099, 22.902304486393724]]]}, "properties": {}}, {"type": "Feature", "geometry": {"type": "Polygon", "coordinates": [[[113.28092569360852, 22.902304486393724], [113.28529995889396, 22.902304486393724], [113.28092569360852, 22.902304486393724]]]}, "properties": {}}, {"type": "Feature", "geometry": {"type": "Polygon", "coordinates": [[[113.36441800409109, 22.902304486393724], [113.36982182803422, 22.902304486393724], [113.36441800409109, 22.902304486393724]]]}, "properties": {}}, {"type": "Feature", "geometry": {"type": "Polygon", "coordinates": [[[113.47316235540193, 22.902304486393724], [113.47987122752309, 22.902304486393724], [113.47316235540193, 22.902304486393724]]]}, "properties": {}}, {"type": "Feature", "geometry": {"type": "Polygon", "coordinates": [[[113.11453713399071, 22.91063986271145], [113.1196356526427, 22.91063986271145], [113.11453713399071, 22.91063986271145]]]}, "properties": {}}, {"type": "Feature", "geometry": {"type": "Polygon", "coordinates": [[[113.14798143643887, 22.91063986271145], [113.15292275153244, 22.91063986271145], [113.14798143643887, 22.91063986271145]]]}, "properties": {}}, {"type": "Feature", "geometry": {"type": "Polygon", "coordinates": [[[113.40359156650868, 22.91063986271145], [113.41713655307674, 22.9134750246691], [113.42547192939446, 22.922218576051588], [113.44214268202992, 22.921690345380632], [113.45047805834763, 22.916797112112327], [113.4656270937497, 22.91063986271145], [113.45047805834763, 22.904031040995985], [113.43380730571218, 22.90680750569974], [113.41713655307674, 22.908173775126983], [113.40359156650868, 22.91063986271145]]]}, "properties": {}}, {"type": "Feature", "geometry": {"type": "Polygon", "coordinates": [[[115.68898967611888, 22.91063986271145], [115.69680038458175, 22.91063986271145], [115.68898967611888, 22.91063986271145]]]}, "properties": {}}, {"type": "Feature", "geometry": {"type": "Polygon", "coordinates": [[[116.08201973026574, 22.91063986271145], [116.06822492613, 22.918975239029173], [116.08281667985628, 22.918975239029173], [116.08536299393246, 22.91063986271145], [116.08201973026574, 22.91063986271145]]]}, "properties": {}}, {"type": "Feature", "geometry": {"type": "Polygon", "coordinates": [[[113.04885616024539, 22.918975239029173], [113.05179038029699, 22.918975239029173], [113.04885616024539, 22.918975239029173]]]}, "properties": {}}, {"type": "Feature", "geometry": {"type": "Polygon", "coordinates": [[[113.23230611787596, 22.918975239029173], [113.23648225332653, 22.918975239029173], [113.23230611787596, 22.918975239029173]]]}, "properties": {}}, {"type": "Feature", "geometry": {"type": "Polygon", "coordinates": [[[113.4936015754582, 22.918975239029173], [113.4950777343049, 22.935645991664625], [113.48806228373618, 22.94398136798235], [113.49803873498405, 22.94398136798235], [113.50882569257169, 22.941745047471397], [113.50882569257169, 22.930039236341912], [113.50623885169279, 22.918975239029173], [113.4936015754582, 22.918975239029173]]]}, "properties": {}}, {"type": "Feature", "geometry": {"type": "Polygon", "coordinates": [[[113.58426317655397, 22.91897523902917], [113.57959133636541, 22.927310615346897], [113.58745246753693, 22.927310615346897], [113.59547835082087, 22.927310615346897], [113.58999169290306, 22.935645991664625], [113.60051483206668, 22.941589218970485], [113.6028318860919, 22.952316744300074], [113.61580326695292, 22.9606521206178], [113.61718558470213, 22.972321647462614], [113.61975823170621, 22.9606521206178], [113.61718558470213, 22.944688272983722], [113.61151326781348, 22.935645991664625], [113.60343440343692, 22.927310615346897], [113.59966895879984, 22.918975239029173], [113.58426317655397, 22.91897523902917]]]}, "properties": {}}, {"type": "Feature", "geometry": {"type": "Polygon", "coordinates": [[[115.48560127622709, 22.918975239029173], [115.49870372519806, 22.918975239029173], [115.48560127622709, 22.918975239029173]]]}, "properties": {}}, {"type": "Feature", "geometry": {"type": "Polygon", "coordinates": [[[115.70519735229223, 22.918975239029173], [115.71353272860995, 22.927310615346897], [115.72186810492768, 22.927310615346897], [115.72849460608353, 22.918975239029173], [115.72186810492768, 22.918975239029173], [115.71353272860995, 22.918975239029173], [115.70519735229223, 22.918975239029173]]]}, "properties": {}}, {"type": "Feature", "geometry": {"type": "Polygon", "coordinates": [[[115.75311009818034, 22.918975239029173], [115.75104192203972, 22.931478303505763], [115.73853885756313, 22.927310615346897], [115.73020348124541, 22.927310615346897], [115.73437116940427, 22.93731306692817], [115.75104192203972, 22.939813679823487], [115.75937729835744, 22.932393161926427], [115.76428046093166, 22.918975239029173], [115.75311009818034, 22.918975239029173]]]}, "properties": {}}, {"type": "Feature", "geometry": {"type": "Polygon", "coordinates": [[[113.39752043782951, 22.927310615346897], [113.40259761019442, 22.927310615346897], [113.39752043782951, 22.927310615346897]]]}, "properties": {}}, {"type": "Feature", "geometry": {"type": "Polygon", "coordinates": [[[115.68852659965678, 22.927310615346897], [115.69686197597451, 22.927310615346897], [115.68852659965678, 22.927310615346897]]]}, "properties": {}}, {"type": "Feature", "geometry": {"type": "Polygon", "coordinates": [[[115.76910190407871, 22.927310615346897], [115.77724566252624, 22.927310615346897], [115.76910190407871, 22.927310615346897]]]}, "properties": {}}, {"type": "Feature", "geometry": {"type": "Polygon", "coordinates": [[[116.0436397956476, 22.927310615346897], [116.05875092868625, 22.927310615346897], [116.0436397956476, 22.927310615346897]]]}, "properties": {}}, {"type": "Feature", "geometry": {"type": "Polygon", "coordinates": [[[113.28940837544704, 22.935645991664625], [113.29238946995466, 22.935645991664625], [113.28940837544704, 22.935645991664625]]]}, "properties": {}}, {"type": "Feature", "geometry": {"type": "Polygon", "coordinates": [[[113.42051039589313, 22.935645991664625], [113.43143442937361, 22.93564599166463], [113.42051039589313, 22.935645991664625]]]}, "properties": {}}, {"type": "Feature", "geometry": {"type": "Polygon", "coordinates": [[[113.223630343759, 22.94398136798235], [113.22701058849624, 22.94398136798235], [113.223630343759, 22.94398136798235]]]}, "properties": {}}, {"type": "Feature", "geometry": {"type": "Polygon", "coordinates": [[[113.26448270668345, 22.94398136798235], [113.26898774682988, 22.94398136798235], [113.26448270668345, 22.94398136798235]]]}, "properties": {}}, {"type": "Feature", "geometry": {"type": "Polygon", "coordinates": [[[113.63465974708691, 22.952316744300077], [113.64219171365531, 22.96371659717297], [113.64464570078118, 22.952316744300074], [113.63465974708691, 22.952316744300077]]]}, "properties": {}}, {"type": "Feature", "geometry": {"type": "Polygon", "coordinates": [[[113.49984863985178, 22.9606521206178], [113.50492402707253, 22.9606521206178], [113.49984863985178, 22.9606521206178]]]}, "properties": {}}, {"type": "Feature", "geometry": {"type": "Polygon", "coordinates": [[[113.5711898552965, 22.9606521206178], [113.58384407943123, 22.964659512995567], [113.58384407943123, 22.956046940337828], [113.5711898552965, 22.9606521206178]]]}, "properties": {}}, {"type": "Feature", "geometry": {"type": "Polygon", "coordinates": [[[113.2489325498711, 22.968987496935526], [113.25250250342802, 22.968987496935526], [113.2489325498711, 22.968987496935526]]]}, "properties": {}}, {"type": "Feature", "geometry": {"type": "Polygon", "coordinates": [[[113.65627384012812, 22.968987496935526], [113.66048413487718, 22.968987496935526], [113.65627384012812, 22.968987496935526]]]}, "properties": {}}, {"type": "Feature", "geometry": {"type": "Polygon", "coordinates": [[[113.23988267524273, 22.97732287325325], [113.2439542254675, 22.97732287325325], [113.23988267524273, 22.97732287325325]]]}, "properties": {}}, {"type": "Feature", "geometry": {"type": "Polygon", "coordinates": [[[113.55684384134298, 22.97732287325325], [113.56082659355509, 22.98565824957097], [113.56998858631194, 22.9939936258887], [113.58142871473487, 22.9939936258887], [113.57317000046737, 22.985658249570974], [113.56183628731387, 22.97732287325325], [113.55684384134298, 22.97732287325325]]]}, "properties": {}}, {"type": "Feature", "geometry": {"type": "Polygon", "coordinates": [[[116.29006292391927, 22.97732287325325], [116.29373953313137, 22.97732287325325], [116.29006292391927, 22.97732287325325]]]}, "properties": {}}, {"type": "Feature", "geometry": {"type": "Polygon", "coordinates": [[[113.656853941923, 22.985658249570974], [113.66093079789793, 22.985658249570974], [113.656853941923, 22.985658249570974]]]}, "properties": {}}, {"type": "Feature", "geometry": {"type": "Polygon", "coordinates": [[[113.58943755561003, 22.9939936258887], [113.59383002525449, 22.9939936258887], [113.58943755561003, 22.9939936258887]]]}, "properties": {}}, {"type": "Feature", "geometry": {"type": "Polygon", "coordinates": [[[113.58171226967809, 23.010664378524147], [113.5863547349991, 23.010664378524147], [113.58171226967809, 23.010664378524147]]]}, "properties": {}}, {"type": "Feature", "geometry": {"type": "Polygon", "coordinates": [[[113.68230179523476, 23.010664378524147], [113.68567278929679, 23.010664378524147], [113.68230179523476, 23.010664378524147]]]}, "properties": {}}, {"type": "Feature", "geometry": {"type": "Polygon", "coordinates": [[[113.71187545967149, 23.010664378524147], [113.72195284666086, 23.010664378524147], [113.71187545967149, 23.010664378524147]]]}, "properties": {}}, {"type": "Feature", "geometry": {"type": "Polygon", "coordinates": [[[113.61496281768407, 23.01899975484187], [113.61948817491793, 23.01899975484187], [113.61496281768407, 23.01899975484187]]]}, "properties": {}}, {"type": "Feature", "geometry": {"type": "Polygon", "coordinates": [[[113.38228638243501, 23.0273351311596], [113.38571343129556, 23.0273351311596], [113.38228638243501, 23.0273351311596]]]}, "properties": {}}, {"type": "Feature", "geometry": {"type": "Polygon", "coordinates": [[[113.67233958817064, 23.0273351311596], [113.67902813563525, 23.0273351311596], [113.67233958817064, 23.0273351311596]]]}, "properties": {}}, {"type": "Feature", "geometry": {"type": "Polygon", "coordinates": [[[113.69866201089508, 23.0273351311596], [113.7088747241971, 23.03026423252991], [113.7088747241971, 23.024528607173934], [113.69866201089508, 23.0273351311596]]]}, "properties": {}}, {"type": "Feature", "geometry": {"type": "Polygon", "coordinates": [[[113.29952931788849, 23.035670507477324], [113.30460897278745, 23.035670507477324], [113.29952931788849, 23.035670507477324]]]}, "properties": {}}, {"type": "Feature", "geometry": {"type": "Polygon", "coordinates": [[[113.35705238210255, 23.03567050747732], [113.36712429517038, 23.036851155690538], [113.37590116389745, 23.035670507477324], [113.36712429517038, 23.033826397664736], [113.35705238210255, 23.03567050747732]]]}, "properties": {}}, {"type": "Feature", "geometry": {"type": "Polygon", "coordinates": [[[113.58896116377588, 23.035670507477324], [113.59441414107741, 23.035670507477324], [113.58896116377588, 23.035670507477324]]]}, "properties": {}}, {"type": "Feature", "geometry": {"type": "Polygon", "coordinates": [[[113.33968092173423, 23.044005883795048], [113.34394209979257, 23.044005883795048], [113.33968092173423, 23.044005883795048]]]}, "properties": {}}, {"type": "Feature", "geometry": {"type": "Polygon", "coordinates": [[[113.64960605393524, 23.044005883795048], [113.65228560818, 23.044005883795048], [113.64960605393524, 23.044005883795048]]]}, "properties": {}}, {"type": "Feature", "geometry": {"type": "Polygon", "coordinates": [[[113.30460897278745, 23.052341260112776], [113.31711203726404, 23.05396926333622], [113.32668964551475, 23.052341260112776], [113.31711203726405, 23.05092367913395], [113.30460897278745, 23.052341260112776]]]}, "properties": {}}, {"type": "Feature", "geometry": {"type": "Polygon", "coordinates": [[[113.532293929237, 23.0606766364305], [113.53610924669489, 23.0606766364305], [113.532293929237, 23.0606766364305]]]}, "properties": {}}, {"type": "Feature", "geometry": {"type": "Polygon", "coordinates": [[[113.57353816498582, 23.0606766364305], [113.57768504162102, 23.0606766364305], [113.57353816498582, 23.0606766364305]]]}, "properties": {}}, {"type": "Feature", "geometry": {"type": "Polygon", "coordinates": [[[113.10654559359752, 23.069012012748225], [113.11069816744862, 23.069012012748225], [113.10654559359752, 23.069012012748225]]]}, "properties": {}}, {"type": "Feature", "geometry": {"type": "Polygon", "coordinates": [[[113.2571887175243, 23.069012012748225], [113.2601615797223, 23.069012012748225], [113.2571887175243, 23.069012012748225]]]}, "properties": {}}, {"type": "Feature", "geometry": {"type": "Polygon", "coordinates": [[[113.55462816449956, 23.069012012748225], [113.5633557695504, 23.069012012748225], [113.55462816449956, 23.069012012748225]]]}, "properties": {}}, {"type": "Feature", "geometry": {"type": "Polygon", "coordinates": [[[113.60681718972303, 23.069012012748225], [113.61085390457329, 23.069012012748225], [113.60681718972303, 23.069012012748225]]]}, "properties": {}}, {"type": "Feature", "geometry": {"type": "Polygon", "coordinates": [[[113.37458133887287, 23.07734738906595], [113.38379504780582, 23.08260630164044], [113.38379504780583, 23.073758421853054], [113.37458133887287, 23.07734738906595]]]}, "properties": {}}, {"type": "Feature", "geometry": {"type": "Polygon", "coordinates": [[[113.54059151232696, 23.07734738906595], [113.54383427310616, 23.07734738906595], [113.54059151232696, 23.07734738906595]]]}, "properties": {}}, {"type": "Feature", "geometry": {"type": "Polygon", "coordinates": [[[113.77406125788777, 23.07734738906595], [113.77676751361834, 23.07734738906595], [113.77406125788777, 23.07734738906595]]]}, "properties": {}}, {"type": "Feature", "geometry": {"type": "Polygon", "coordinates": [[[114.14023086236523, 23.07734738906595], [114.14425692261673, 23.07734738906595], [114.14023086236523, 23.07734738906595]]]}, "properties": {}}, {"type": "Feature", "geometry": {"type": "Polygon", "coordinates": [[[113.39332119216895, 23.085682765383673], [113.40433671821305, 23.085682765383673], [113.39332119216895, 23.085682765383673]]]}, "properties": {}}, {"type": "Feature", "geometry": {"type": "Polygon", "coordinates": [[[113.55025581937588, 23.085682765383673], [113.55883795047806, 23.08777183212498], [113.57550870311351, 23.087029352821585], [113.57550870311351, 23.082895014115735], [113.55883795047806, 23.083890211373614], [113.55025581937588, 23.085682765383673]]]}, "properties": {}}, {"type": "Feature", "geometry": {"type": "Polygon", "coordinates": [[[113.6488499518906, 23.085682765383673], [113.6531816683295, 23.085682765383673], [113.6488499518906, 23.085682765383673]]]}, "properties": {}}, {"type": "Feature", "geometry": {"type": "Polygon", "coordinates": [[[114.01589441856665, 23.085682765383673], [114.01856601354027, 23.085682765383673], [114.01589441856665, 23.085682765383673]]]}, "properties": {}}, {"type": "Feature", "geometry": {"type": "Polygon", "coordinates": [[[113.40667480529078, 23.094018141701397], [113.41086438873832, 23.094018141701397], [113.40667480529078, 23.094018141701397]]]}, "properties": {}}, {"type": "Feature", "geometry": {"type": "Polygon", "coordinates": [[[113.42028823762999, 23.094018141701397], [113.43380730571218, 23.096403039378526], [113.44943613630792, 23.094018141701397], [113.43380730571218, 23.089463291302025], [113.42028823762999, 23.094018141701397]]]}, "properties": {}}, {"type": "Feature", "geometry": {"type": "Polygon", "coordinates": [[[113.58249749199332, 23.094018141701397], [113.58614032627833, 23.094018141701397], [113.58249749199332, 23.094018141701397]]]}, "properties": {}}, {"type": "Feature", "geometry": {"type": "Polygon", "coordinates": [[[113.38976912769714, 23.10235351801912], [113.39456766860653, 23.10235351801912], [113.38976912769714, 23.10235351801912]]]}, "properties": {}}, {"type": "Feature", "geometry": {"type": "Polygon", "coordinates": [[[113.6312515322771, 23.10235351801912], [113.63570453608156, 23.10235351801912], [113.6312515322771, 23.10235351801912]]]}, "properties": {}}, {"type": "Feature", "geometry": {"type": "Polygon", "coordinates": [[[113.3212797254229, 23.110688894336846], [113.32753125766119, 23.110688894336846], [113.3212797254229, 23.110688894336846]]]}, "properties": {}}, {"type": "Feature", "geometry": {"type": "Polygon", "coordinates": [[[113.34003432213777, 23.110688894336846], [113.34628585437608, 23.110688894336846], [113.34003432213777, 23.110688894336846]]]}, "properties": {}}, {"type": "Feature", "geometry": {"type": "Polygon", "coordinates": [[[113.36295660701151, 23.110688894336846], [113.37545967148812, 23.112481448346905], [113.37545967148812, 23.108392647489758], [113.36295660701151, 23.110688894336846]]]}, "properties": {}}, {"type": "Feature", "geometry": {"type": "Polygon", "coordinates": [[[113.88303182703375, 23.110688894336846], [113.88600147094877, 23.110688894336846], [113.88303182703375, 23.110688894336846]]]}, "properties": {}}, {"type": "Feature", "geometry": {"type": "Polygon", "coordinates": [[[113.92976219661682, 23.110688894336846], [113.93524877339772, 23.110688894336846], [113.92976219661682, 23.110688894336846]]]}, "properties": {}}, {"type": "Feature", "geometry": {"type": "Polygon", "coordinates": [[[113.97436082073703, 23.110688894336846], [113.97694901697082, 23.110688894336846], [113.97436082073703, 23.110688894336846]]]}, "properties": {}}, {"type": "Feature", "geometry": {"type": "Polygon", "coordinates": [[[113.65946305017927, 23.127359646972295], [113.67510087649035, 23.127359646972298], [113.65946305017927, 23.127359646972295]]]}, "properties": {}}, {"type": "Feature", "geometry": {"type": "Polygon", "coordinates": [[[113.17278532444763, 23.135695023290022], [113.17812574621416, 23.135695023290022], [113.17278532444763, 23.135695023290022]]]}, "properties": {}}, {"type": "Feature", "geometry": {"type": "Polygon", "coordinates": [[[113.69831658086133, 23.135695023290022], [113.70200169465073, 23.135695023290026], [113.69831658086133, 23.135695023290022]]]}, "properties": {}}, {"type": "Feature", "geometry": {"type": "Polygon", "coordinates": [[[113.73996949733, 23.135695023290022], [113.74501333559701, 23.135695023290022], [113.73996949733, 23.135695023290022]]]}, "properties": {}}, {"type": "Feature", "geometry": {"type": "Polygon", "coordinates": [[[112.91854416233318, 23.14403039960775], [112.93244000495378, 23.14403039960775], [112.91854416233318, 23.14403039960775]]]}, "properties": {}}, {"type": "Feature", "geometry": {"type": "Polygon", "coordinates": [[[113.72379066076567, 23.14403039960775], [113.73388085315028, 23.147338088647757], [113.73388085315028, 23.14178366746974], [113.72379066076567, 23.14403039960775]]]}, "properties": {}}, {"type": "Feature", "geometry": {"type": "Polygon", "coordinates": [[[113.20738344626515, 23.152365775925475], [113.2102594463997, 23.152365775925475], [113.20738344626515, 23.152365775925475]]]}, "properties": {}}, {"type": "Feature", "geometry": {"type": "Polygon", "coordinates": [[[112.9410802236594, 23.1607011522432], [112.94265148793792, 23.1607011522432], [112.9410802236594, 23.1607011522432]]]}, "properties": {}}, {"type": "Feature", "geometry": {"type": "Polygon", "coordinates": [[[113.2078625638722, 23.177371904878648], [113.20875214513362, 23.187924136605645], [113.2104778959513, 23.177371904878648], [113.2078625638722, 23.177371904878648]]]}, "properties": {}}, {"type": "Feature", "geometry": {"type": "Polygon", "coordinates": [[[116.60754269833558, 23.20237803383182], [116.6095856827654, 23.21870897496881], [116.61083724079973, 23.20237803383182], [116.60754269833558, 23.20237803383182]]]}, "properties": {}}, {"type": "Feature", "geometry": {"type": "Polygon", "coordinates": [[[113.18177547805274, 23.219048786467276], [113.18666048340981, 23.219048786467273], [113.18177547805274, 23.219048786467276]]]}, "properties": {}}, {"type": "Feature", "geometry": {"type": "Polygon", "coordinates": [[[113.17367047777834, 23.235719539102725], [113.17734909949299, 23.235719539102725], [113.17367047777834, 23.235719539102725]]]}, "properties": {}}, {"type": "Feature", "geometry": {"type": "Polygon", "coordinates": [[[116.55084116480025, 23.235719539102725], [116.55957342485904, 23.237506548983546], [116.56790880117674, 23.247228281992783], [116.58338194227886, 23.24405491542045], [116.57624417749449, 23.23384653085784], [116.55957342485904, 23.230602605331768], [116.55084116480025, 23.235719539102725]]]}, "properties": {}}, {"type": "Feature", "geometry": {"type": "Polygon", "coordinates": [[[113.17316994732143, 23.252390291738173], [113.17829485313572, 23.252390291738173], [113.17316994732143, 23.252390291738173]]]}, "properties": {}}, {"type": "Feature", "geometry": {"type": "Polygon", "coordinates": [[[116.73898876737039, 23.252390291738173], [116.75094088244043, 23.252390291738173], [116.73898876737039, 23.252390291738173]]]}, "properties": {}}, {"type": "Feature", "geometry": {"type": "Polygon", "coordinates": [[[116.72495366203532, 23.260725668055898], [116.72836479529298, 23.260725668055898], [116.72495366203532, 23.260725668055898]]]}, "properties": {}}, {"type": "Feature", "geometry": {"type": "Polygon", "coordinates": [[[113.06640075215063, 23.30240254964452], [113.06881847218742, 23.30240254964452], [113.06640075215063, 23.30240254964452]]]}, "properties": {}}, {"type": "Feature", "geometry": {"type": "Polygon", "coordinates": [[[116.58427250042679, 23.310737925962247], [116.5845795538122, 23.3192948110783], [116.60060912365398, 23.3274086785977], [116.5845795538122, 23.335522546117094], [116.57624417749449, 23.34140373477502], [116.55957342485904, 23.338522513687998], [116.55540573670018, 23.352414807550872], [116.54845958976873, 23.360750183868596], [116.54290267222359, 23.37116940426575], [116.54290267222359, 23.384565544776382], [116.54297914356596, 23.394091689139493], [116.5429979483829, 23.410762441774946], [116.5428375658424, 23.41076244177495], [116.5263507966006, 23.410762441774946], [116.53471819715817, 23.419097818092673], [116.52687310238181, 23.4274331944104], [116.54171190417821, 23.4274331944104], [116.55108212766824, 23.41909781809267], [116.55931105224819, 23.410762441774942], [116.55957342485902, 23.40225634982818], [116.57623075498815, 23.394091689139493], [116.57634708337646, 23.39409168913949], [116.59013647135737, 23.394091689139493], [116.59291493012994, 23.383970160753687], [116.60125030644765, 23.377416969166525], [116.6179210590831, 23.376338564986547], [116.62625643540083, 23.36283402794803], [116.63042412355969, 23.352414807550872], [116.64292718803628, 23.3488425034147], [116.65959794067173, 23.347974466921674], [116.67058367513516, 23.344079431233148], [116.65959794067172, 23.338577532621642], [116.64917872027459, 23.335744054915423], [116.64292718803628, 23.325741603334155], [116.63459181171856, 23.329269976192073], [116.6326907610253, 23.31907330227997], [116.62034100712384, 23.319073302279968], [116.61571463587572, 23.31907330227997], [116.60382364418447, 23.310737925962247], [116.59291493012994, 23.30868549658757], [116.58427250042679, 23.310737925962247]]]}, "properties": {}}, {"type": "Feature", "geometry": {"type": "Polygon", "coordinates": [[[116.53428429151461, 23.352414807550872], [116.53491349363212, 23.352414807550872], [116.53428429151461, 23.352414807550872]]]}, "properties": {}}, {"type": "Feature", "geometry": {"type": "Polygon", "coordinates": [[[116.52369617646099, 23.36908556018632], [116.52538369070905, 23.38575631282177], [116.52777404633808, 23.38575631282177], [116.52819847129751, 23.36908556018632], [116.52369617646099, 23.36908556018632]]]}, "properties": {}}, {"type": "Feature", "geometry": {"type": "Polygon", "coordinates": [[[116.46550953426994, 23.460774699681295], [116.47189167774182, 23.460774699681295], [116.46550953426994, 23.460774699681295]]]}, "properties": {}}, {"type": "Feature", "geometry": {"type": "Polygon", "coordinates": [[[112.81387243233584, 23.46911007599902], [112.82366912246785, 23.46911007599902], [112.81387243233584, 23.46911007599902]]]}, "properties": {}}, {"type": "Feature", "geometry": {"type": "Polygon", "coordinates": [[[116.93476878621348, 23.594140720764894], [116.94360624194427, 23.60247609708262], [116.95848072006444, 23.60247609708262], [116.95074072776941, 23.594140720764894], [116.93476878621348, 23.594140720764894]]]}, "properties": {}}, {"type": "Feature", "geometry": {"type": "Polygon", "coordinates": [[[116.91892075944538, 23.60247609708262], [116.93372277781485, 23.60247609708262], [116.91892075944538, 23.60247609708262]]]}, "properties": {}}, {"type": "Feature", "geometry": {"type": "Polygon", "coordinates": [[[117.22060164423897, 23.63581760235352], [117.22640353027703, 23.65236067964448], [117.23473890659476, 23.66049458623991], [117.23473890659474, 23.644633026531807], [117.2344140360734, 23.63581760235352], [117.22060164423897, 23.63581760235352]]]}, "properties": {}}, {"type": "Feature", "geometry": {"type": "Polygon", "coordinates": [[[117.31791901610208, 23.752512870801667], [117.31856897696227, 23.752512870801667], [117.31791901610208, 23.752512870801667]]]}, "properties": {}}, {"type": "Feature", "geometry": {"type": "Polygon", "coordinates": [[[117.35161485747527, 23.760848247119387], [117.3680159954364, 23.76084824711939], [117.35161485747527, 23.760848247119387]]]}, "properties": {}}, {"type": "Feature", "geometry": {"type": "Polygon", "coordinates": [[[117.36077974511306, 23.777518999754847], [117.37630678538451, 23.777518999754843], [117.36077974511306, 23.777518999754847]]]}, "properties": {}}, {"type": "Feature", "geometry": {"type": "Polygon", "coordinates": [[[117.38457804935305, 23.785854376072567], [117.38491501305606, 23.785854376072567], [117.38457804935305, 23.785854376072567]]]}, "properties": {}}, {"type": "Feature", "geometry": {"type": "Polygon", "coordinates": [[[117.41862892818483, 23.919220397156167], [117.40991880846158, 23.92755577347389], [117.40363995303287, 23.935891149791615], [117.41811718558472, 23.944138729294433], [117.43478793822015, 23.943872567587615], [117.44724973849651, 23.935891149791615], [117.45217478845628, 23.92755577347389], [117.4514586908556, 23.911232200167632], [117.43478793822015, 23.91092801835832], [117.41862892818483, 23.919220397156167]]]}, "properties": {}}, {"type": "Feature", "geometry": {"type": "Polygon", "coordinates": [[[117.38648816961643, 23.935891149791615], [117.39797335948353, 23.935891149791615], [117.38648816961643, 23.935891149791615]]]}, "properties": {}}, {"type": "Feature", "geometry": {"type": "Polygon", "coordinates": [[[117.95233903140253, 24.185952439323362], [117.96784000776994, 24.185952439323366], [117.95233903140253, 24.185952439323362]]]}, "properties": {}}, {"type": "Feature", "geometry": {"type": "Polygon", "coordinates": [[[117.94387573714802, 24.21095856827654], [117.95957933646389, 24.21095856827654], [117.94387573714802, 24.21095856827654]]]}, "properties": {}}, {"type": "Feature", "geometry": {"type": "Polygon", "coordinates": [[[118.0595622813078, 24.37766609463104], [118.05994116204951, 24.386759232432194], [118.06188414022944, 24.37766609463104], [118.0595622813078, 24.37766609463104]]]}, "properties": {}}, {"type": "Feature", "geometry": {"type": "Polygon", "coordinates": [[[117.96964125194084, 24.40267222358421], [117.98205321940848, 24.40267222358421], [117.96964125194084, 24.40267222358421]]]}, "properties": {}}, {"type": "Feature", "geometry": {"type": "Polygon", "coordinates": [[[117.8684095603846, 24.452684481490564], [117.88463829741875, 24.452684481490564], [117.8684095603846, 24.452684481490564]]]}, "properties": {}}, {"type": "Feature", "geometry": {"type": "Polygon", "coordinates": [[[117.99070931734904, 24.54437362098554], [117.97658739887225, 24.544921916778133], [117.97658739887227, 24.56089522723522], [117.99325815150772, 24.552733122849695], [118.00159352782543, 24.569287876023377], [118.00992890414318, 24.560936121980497], [118.02530916242448, 24.552708997303263], [118.0182642804609, 24.53816388497896], [118.00159352782545, 24.543875549276656], [117.99070931734904, 24.54437362098554]]]}, "properties": {}}, {"type": "Feature", "geometry": {"type": "Polygon", "coordinates": [[[118.42768915245745, 24.644398136798237], [118.42020801566701, 24.65273351311596], [118.4276478252249, 24.661068889433686], [118.42793012177553, 24.677739642069135], [118.44291450358966, 24.677739642069135], [118.44523228357602, 24.677739642069135], [118.4560542541935, 24.677739642069135], [118.45079183576166, 24.669404265751414], [118.44336847266487, 24.65273351311596], [118.44336847266487, 24.644283052706584], [118.42768915245745, 24.644398136798237]]]}, "properties": {}}, {"type": "Feature", "geometry": {"type": "Polygon", "coordinates": [[[118.7424948182692, 24.727751899975488], [118.7449520520498, 24.727751899975488], [118.7424948182692, 24.727751899975488]]]}, "properties": {}}, {"type": "Feature", "geometry": {"type": "Polygon", "coordinates": [[[118.64185462132026, 24.786099534199558], [118.64396708956238, 24.794434910517285], [118.65937533338621, 24.79443491051729], [118.6439990421729, 24.786099534199558], [118.64185462132026, 24.786099534199558]]]}, "properties": {}}, {"type": "Feature", "geometry": {"type": "Polygon", "coordinates": [[[118.63117492038182, 24.869453297376808], [118.63715560459636, 24.869453297376808], [118.63117492038182, 24.869453297376808]]]}, "properties": {}}, {"type": "Feature", "geometry": {"type": "Polygon", "coordinates": [[[118.68557789554447, 24.877788673694532], [118.68131892602527, 24.88612405001226], [118.67477364978772, 24.894459426329984], [118.66503251186687, 24.90279480264771], [118.66842363324344, 24.91909572631274], [118.68482600320286, 24.911130178965436], [118.6850943858789, 24.902252808361983], [118.6925924755236, 24.88612405001226], [118.70066797742552, 24.877788673694532], [118.68557789554447, 24.877788673694532]]]}, "properties": {}}, {"type": "Feature", "geometry": {"type": "Polygon", "coordinates": [[[118.69555397884942, 24.894459426329988], [118.71010051483208, 24.89521814064612], [118.71010051483206, 24.89427012935638], [118.69555397884942, 24.894459426329988]]]}, "properties": {}}, {"type": "Feature", "geometry": {"type": "Polygon", "coordinates": [[[118.6829037482517, 24.927800931600885], [118.6896368253422, 24.927800931600885], [118.6829037482517, 24.927800931600885]]]}, "properties": {}}, {"type": "Feature", "geometry": {"type": "Polygon", "coordinates": [[[119.14270654572199, 25.152856092179455], [119.14391896409549, 25.152856092179455], [119.14270654572199, 25.152856092179455]]]}, "properties": {}}, {"type": "Feature", "geometry": {"type": "Polygon", "coordinates": [[[118.87698933930088, 25.24454523167443], [118.89347879382201, 25.252701037187247], [118.89347879382201, 25.236335876164965], [118.87698933930088, 25.24454523167443]]]}, "properties": {}}, {"type": "Feature", "geometry": {"type": "Polygon", "coordinates": [[[119.02914006343599, 25.269551360627606], [119.03518019122333, 25.278251465253533], [119.03682101335777, 25.269551360627606], [119.02914006343599, 25.269551360627606]]]}, "properties": {}}, {"type": "Feature", "geometry": {"type": "Polygon", "coordinates": [[[119.5260582542211, 25.41125275802893], [119.52777541510216, 25.41125275802893], [119.5260582542211, 25.41125275802893]]]}, "properties": {}}, {"type": "Feature", "geometry": {"type": "Polygon", "coordinates": [[[119.53569281390746, 25.419588134346657], [119.53530277028683, 25.432319362978156], [119.53530277028683, 25.44087043690132], [119.54363814660456, 25.450172430987333], [119.55197352292228, 25.44348609190179], [119.55422838149093, 25.45292963961755], [119.56864427555773, 25.45972362944466], [119.58183992968607, 25.452929639617555], [119.58389014943563, 25.436258886982102], [119.56864427555772, 25.429884775680314], [119.55704723024613, 25.427923510664378], [119.54710859093575, 25.419588134346654], [119.53569281390746, 25.419588134346657]]]}, "properties": {}}, {"type": "Feature", "geometry": {"type": "Polygon", "coordinates": [[[119.27800032373231, 25.519612650159356], [119.28783907040327, 25.519612650159353], [119.27800032373231, 25.519612650159356]]]}, "properties": {}}, {"type": "Feature", "geometry": {"type": "Polygon", "coordinates": [[[119.57000615788596, 25.552954155430253], [119.57697965187546, 25.56175235108234], [119.58399457252231, 25.55295415543025], [119.57000615788596, 25.552954155430253]]]}, "properties": {}}, {"type": "Feature", "geometry": {"type": "Polygon", "coordinates": [[[119.35080862896783, 25.586295660701154], [119.35207874155037, 25.586295660701154], [119.35080862896783, 25.586295660701154]]]}, "properties": {}}, {"type": "Feature", "geometry": {"type": "Polygon", "coordinates": [[[119.59268863028365, 25.8363569502329], [119.59472209576697, 25.8363569502329], [119.59268863028365, 25.8363569502329]]]}, "properties": {}}, {"type": "Feature", "geometry": {"type": "Polygon", "coordinates": [[[119.58481769071085, 25.861363079186077], [119.58531502819318, 25.873138044826703], [119.58683055116005, 25.861363079186077], [119.58481769071085, 25.861363079186077]]]}, "properties": {}}, {"type": "Feature", "geometry": {"type": "Polygon", "coordinates": [[[119.3785976955136, 25.96138759499878], [119.36859524393233, 25.96416605377135], [119.36025986761462, 25.975232796385754], [119.34358911497917, 25.975164119741336], [119.34358911497917, 25.979400598240748], [119.36025986761462, 25.979983376840828], [119.36859524393235, 25.97477471461236], [119.38526599656778, 25.972394566388125], [119.3897115306039, 25.961387594998776], [119.3785976955136, 25.96138759499878]]]}, "properties": {}}, {"type": "Feature", "geometry": {"type": "Polygon", "coordinates": [[[119.4485743608662, 25.9697229713165], [119.44083517201929, 25.978058347634224], [119.45194900710959, 25.97926114366946], [119.4605722072043, 25.978058347634224], [119.45313132995955, 25.9697229713165], [119.4485743608662, 25.9697229713165]]]}, "properties": {}}, {"type": "Feature", "geometry": {"type": "Polygon", "coordinates": [[[119.43249979570157, 25.98639372395195], [119.43527825447414, 25.996212228111048], [119.43596148205185, 25.98639372395195], [119.43249979570157, 25.98639372395195]]]}, "properties": {}}, {"type": "Feature", "geometry": {"type": "Polygon", "coordinates": [[[119.46445207158618, 25.98639372395195], [119.46886462978304, 25.98639372395195], [119.46445207158618, 25.98639372395195]]]}, "properties": {}}, {"type": "Feature", "geometry": {"type": "Polygon", "coordinates": [[[119.47442158700065, 25.994729100269673], [119.4786322741452, 25.994729100269673], [119.47442158700065, 25.994729100269673]]]}, "properties": {}}, {"type": "Feature", "geometry": {"type": "Polygon", "coordinates": [[[119.42474935804528, 26.0030644765874], [119.42842600599778, 26.0030644765874], [119.42474935804528, 26.0030644765874]]]}, "properties": {}}, {"type": "Feature", "geometry": {"type": "Polygon", "coordinates": [[[119.4087082650262, 26.011399852905125], [119.41443981367982, 26.011399852905125], [119.4087082650262, 26.011399852905125]]]}, "properties": {}}, {"type": "Feature", "geometry": {"type": "Polygon", "coordinates": [[[119.48361337429805, 26.011399852905125], [119.48945820053935, 26.011399852905125], [119.48361337429805, 26.011399852905125]]]}, "properties": {}}, {"type": "Feature", "geometry": {"type": "Polygon", "coordinates": [[[119.49112527580289, 26.019735229222853], [119.49436923380541, 26.01973522922285], [119.49112527580289, 26.019735229222853]]]}, "properties": {}}, {"type": "Feature", "geometry": {"type": "Polygon", "coordinates": [[[119.5550416787546, 26.061412110811478], [119.54951470992529, 26.0697474871292], [119.5544469284418, 26.0697474871292], [119.56542262705725, 26.061412110811474], [119.5550416787546, 26.061412110811478]]]}, "properties": {}}, {"type": "Feature", "geometry": {"type": "Polygon", "coordinates": [[[119.51709865190007, 26.078082863446923], [119.52191565074625, 26.086418239764647], [119.53252431151427, 26.09475361608237], [119.53530277028683, 26.104973118982713], [119.54363814660456, 26.114966313357463], [119.55197352292228, 26.12386584180166], [119.56030889924001, 26.130249341381067], [119.57472510643048, 26.136430497671], [119.57889268906312, 26.136430497671], [119.57697965187546, 26.121449604905187], [119.56713418180622, 26.11975974503555], [119.5582205930251, 26.111424368717824], [119.54905072855365, 26.1030889924001], [119.54363814660456, 26.091007379575224], [119.54363814660456, 26.080498914520117], [119.54363814660456, 26.07562405044994], [119.52696739396912, 26.071855794616965], [119.51709865190007, 26.078082863446923]]]}, "properties": {}}, {"type": "Feature", "geometry": {"type": "Polygon", "coordinates": [[[119.60148263940873, 26.15310125030645], [119.60781471536839, 26.15310125030645], [119.60148263940873, 26.15310125030645]]]}, "properties": {}}, {"type": "Feature", "geometry": {"type": "Polygon", "coordinates": [[[119.59953719418793, 26.169772002941897], [119.60582696810559, 26.169772002941897], [119.59953719418793, 26.169772002941897]]]}, "properties": {}}, {"type": "Feature", "geometry": {"type": "Polygon", "coordinates": [[[119.69107011522433, 26.328144152978673], [119.6949276068585, 26.328144152978673], [119.69107011522433, 26.328144152978673]]]}, "properties": {}}, {"type": "Feature", "geometry": {"type": "Polygon", "coordinates": [[[119.79369628470904, 26.436504045109096], [119.79374878862774, 26.436504045109096], [119.79369628470904, 26.436504045109096]]]}, "properties": {}}, {"type": "Feature", "geometry": {"type": "Polygon", "coordinates": [[[119.57500444423061, 26.47818092669772], [119.57849517484232, 26.47818092669772], [119.57500444423061, 26.47818092669772]]]}, "properties": {}}, {"type": "Feature", "geometry": {"type": "Polygon", "coordinates": [[[120.07085069870067, 26.636553076734494], [120.08326137608813, 26.636553076734494], [120.07085069870067, 26.636553076734494]]]}, "properties": {}}, {"type": "Feature", "geometry": {"type": "Polygon", "coordinates": [[[119.57628140045618, 26.644888453052218], [119.58531502819318, 26.651203132115015], [119.6013092495531, 26.644888453052218], [119.58531502819318, 26.642109994279643], [119.57628140045618, 26.644888453052218]]]}, "properties": {}}, {"type": "Feature", "geometry": {"type": "Polygon", "coordinates": [[[120.10820002786252, 26.644888453052218], [120.11066929096307, 26.644888453052218], [120.10820002786252, 26.644888453052218]]]}, "properties": {}}, {"type": "Feature", "geometry": {"type": "Polygon", "coordinates": [[[119.60629440540409, 26.71157146359402], [119.61372335149554, 26.71157146359402], [119.60629440540409, 26.71157146359402]]]}, "properties": {}}, {"type": "Feature", "geometry": {"type": "Polygon", "coordinates": [[[119.55476430300807, 26.728242216229468], [119.55929238990933, 26.744912968864917], [119.5619848537242, 26.753248345182648], [119.57697965187546, 26.75491542044619], [119.57697965187546, 26.751159278441342], [119.56896351631312, 26.736577592547192], [119.56347478556887, 26.728242216229468], [119.55476430300807, 26.728242216229468]]]}, "properties": {}}, {"type": "Feature", "geometry": {"type": "Polygon", "coordinates": [[[119.72480731485246, 26.736577592547192], [119.71451336111792, 26.744912968864917], [119.7061779848002, 26.753248345182644], [119.69638778305519, 26.761583721500365], [119.69367492032362, 26.773545221928167], [119.68743119273736, 26.786589850453545], [119.69210161409679, 26.803260603088994], [119.68533954400587, 26.817651854408908], [119.67700416768815, 26.826442798466786], [119.67172861300097, 26.83660210835989], [119.68533954400588, 26.838454414208275], [119.68561367389647, 26.828266732042167], [119.69914432743838, 26.819931355724442], [119.70586926721843, 26.811595979406718], [119.71034567295905, 26.800409027049113], [119.71474594695732, 26.786589850453545], [119.72444283015002, 26.77825447413582], [119.7270164255945, 26.76895363870629], [119.72721108641602, 26.753248345182644], [119.73535180191223, 26.73726880354184], [119.73535180191223, 26.734755833434157], [119.72480731485246, 26.736577592547192]]]}, "properties": {}}, {"type": "Feature", "geometry": {"type": "Polygon", "coordinates": [[[119.60045031677011, 26.753248345182644], [119.61032115714636, 26.757416033341507], [119.62699190978181, 26.754693666851402], [119.63628841336265, 26.753248345182644], [119.62699190978181, 26.752439534055423], [119.61032115714636, 26.748247119392005], [119.60045031677011, 26.753248345182644]]]}, "properties": {}}, {"type": "Feature", "geometry": {"type": "Polygon", "coordinates": [[[119.60265189936732, 26.769919097818097], [119.60198578082864, 26.781365546876245], [119.60198578082864, 26.79300537962414], [119.61865653346409, 26.794591058673365], [119.62320338260831, 26.77825447413582], [119.61847455303332, 26.769919097818097], [119.60265189936732, 26.769919097818097]]]}, "properties": {}}, {"type": "Feature", "geometry": {"type": "Polygon", "coordinates": [[[119.82490366548058, 26.79492522677127], [119.83537631772494, 26.79725843218484], [119.84371169404264, 26.810850394075977], [119.84371169404265, 26.79781054934279], [119.83537631772494, 26.78949501427921], [119.82490366548058, 26.79492522677127]]]}, "properties": {}}, {"type": "Feature", "geometry": {"type": "Polygon", "coordinates": [[[119.78112213801468, 26.828266732042167], [119.7853640598186, 26.841932281985315], [119.80121628120764, 26.84493748467762], [119.80255707912896, 26.84493748467762], [119.80203481245402, 26.831836010014882], [119.79369943613631, 26.825547196504985], [119.78112213801468, 26.828266732042167]]]}, "properties": {}}, {"type": "Feature", "geometry": {"type": "Polygon", "coordinates": [[[119.67274417970847, 26.853272860995343], [119.67533709242461, 26.869943613630795], [119.67728720253032, 26.869943613630795], [119.68533954400588, 26.8538541285148], [119.68533954400588, 26.85223093895563], [119.67274417970847, 26.853272860995343]]]}, "properties": {}}, {"type": "Feature", "geometry": {"type": "Polygon", "coordinates": [[[120.252387911564, 27.09499877420937], [120.25277857823076, 27.111669526844814], [120.26607548855313, 27.111669526844814], [120.2719239926702, 27.10333415052709], [120.26445584324966, 27.094998774209365], [120.252387911564, 27.09499877420937]]]}, "properties": {}}, {"type": "Feature", "geometry": {"type": "Polygon", "coordinates": [[[120.37686402012699, 27.120004903162542], [120.38551115469478, 27.120575094046742], [120.38551115469478, 27.11676336792787], [120.37686402012699, 27.120004903162542]]]}, "properties": {}}, {"type": "Feature", "geometry": {"type": "Polygon", "coordinates": [[[120.18573100617641, 27.22002941897524], [120.20186399259782, 27.22002941897524], [120.18573100617641, 27.22002941897524]]]}, "properties": {}}, {"type": "Feature", "geometry": {"type": "Polygon", "coordinates": [[[120.31345048201251, 27.228364795292965], [120.32642648170629, 27.228364795292965], [120.31345048201251, 27.228364795292965]]]}, "properties": {}}, {"type": "Feature", "geometry": {"type": "Polygon", "coordinates": [[[120.18543001453223, 27.236700171610693], [120.19379749938709, 27.244876778855694], [120.2038766782922, 27.236700171610693], [120.1937974993871, 27.22860070216988], [120.18543001453223, 27.236700171610693]]]}, "properties": {}}, {"type": "Feature", "geometry": {"type": "Polygon", "coordinates": [[[120.28518287152947, 27.245035547928417], [120.28467580458887, 27.261706300563866], [120.28588356156388, 27.261706300563866], [120.28757048296151, 27.245035547928417], [120.28518287152947, 27.245035547928417]]]}, "properties": {}}, {"type": "Feature", "geometry": {"type": "Polygon", "coordinates": [[[120.20228442800152, 27.25337092424614], [120.20195060200264, 27.261706300563866], [120.20213287570485, 27.271708752145138], [120.20927235868416, 27.28671242951704], [120.21080626404077, 27.28671242951704], [120.21425705935758, 27.27004167688159], [120.20630056386369, 27.261706300563866], [120.21818442895668, 27.25337092424614], [120.20228442800152, 27.25337092424614]]]}, "properties": {}}, {"type": "Feature", "geometry": {"type": "Polygon", "coordinates": [[[120.23578598382873, 27.25337092424614], [120.25019583106105, 27.25337092424614], [120.23578598382873, 27.25337092424614]]]}, "properties": {}}, {"type": "Feature", "geometry": {"type": "Polygon", "coordinates": [[[120.62553249201127, 27.76182887962736], [120.6272370679088, 27.771168518128963], [120.62900678685789, 27.76182887962736], [120.62553249201127, 27.76182887962736]]]}, "properties": {}}, {"type": "Feature", "geometry": {"type": "Polygon", "coordinates": [[[120.6173834080455, 27.77849963226281], [120.61990595377496, 27.77849963226281], [120.6173834080455, 27.77849963226281]]]}, "properties": {}}, {"type": "Feature", "geometry": {"type": "Polygon", "coordinates": [[[120.74934301925433, 27.986884040205936], [120.73887548525727, 27.99521941652366], [120.73559696003923, 28.00752152327281], [120.72726158372149, 28.015363242624826], [120.71892620740377, 28.024780705851022], [120.70225545476833, 28.022960445027202], [120.68558470213287, 28.02467948935234], [120.67406788452655, 28.028560921794558], [120.6605785731797, 28.03367800613919], [120.64690077437464, 28.028560921794558], [120.63557244422653, 28.02491704147506], [120.62056876685463, 28.028560921794558], [120.6272370679088, 28.04098627665542], [120.64390782054426, 28.040584517737457], [120.6605785731797, 28.039924590989465], [120.66891394949742, 28.04668130509396], [120.67724932581515, 28.03908981822342], [120.6939200784506, 28.040177942381145], [120.71059083108605, 28.038480669186416], [120.7272615837215, 28.03692400880595], [120.73559696003923, 28.03045534681356], [120.75226771267468, 28.028765571465453], [120.76060308899241, 28.02489335621476], [120.77727384162785, 28.024057902488543], [120.78560921794559, 28.017908491451617], [120.78560921794558, 28.005640589959018], [120.77727384162785, 28.015435099343478], [120.76060308899238, 28.013039876241635], [120.7522677126747, 28.024991167541216], [120.74094014997831, 28.020225545476833], [120.74393233635695, 28.00846758839636], [120.75226771267468, 27.99908734062036], [120.76060308899238, 27.991438890644865], [120.76060308899241, 27.983296360313467], [120.74934301925433, 27.986884040205936]]]}, "properties": {}}, {"type": "Feature", "geometry": {"type": "Polygon", "coordinates": [[[120.60050160774543, 28.036896298112282], [120.604019646287, 28.036896298112282], [120.60050160774543, 28.036896298112282]]]}, "properties": {}}, {"type": "Feature", "geometry": {"type": "Polygon", "coordinates": [[[121.37506186773489, 28.211939200784506], [121.37742093650405, 28.22305701074463], [121.39166792720485, 28.22027457710223], [121.38188631667427, 28.211939200784506], [121.37506186773489, 28.211939200784506]]]}, "properties": {}}, {"type": "Feature", "geometry": {"type": "Polygon", "coordinates": [[[121.42076489335622, 28.286957587644036], [121.41640028522883, 28.295292963961757], [121.4274331944104, 28.29561358236004], [121.43576857072811, 28.28729100269674], [121.4357685707281, 28.284179128871457], [121.42076489335622, 28.286957587644036]]]}, "properties": {}}, {"type": "Feature", "geometry": {"type": "Polygon", "coordinates": [[[121.20244418761065, 28.34530522186811], [121.2033276336655, 28.36197597450356], [121.1940426575141, 28.367309087011645], [121.18570728119636, 28.37479963037698], [121.18570728119637, 28.38684994057736], [121.1940426575141, 28.377914098742508], [121.20920644944096, 28.370311350821282], [121.21854635878739, 28.361975974503558], [121.21904878646727, 28.352841728523487], [121.21904878646725, 28.339476287457934], [121.20244418761065, 28.34530522186811]]]}, "properties": {}}, {"type": "Feature", "geometry": {"type": "Polygon", "coordinates": [[[121.60400013419691, 28.38698210345673], [121.61800489418556, 28.38698210345673], [121.60400013419691, 28.38698210345673]]]}, "properties": {}}, {"type": "Feature", "geometry": {"type": "Polygon", "coordinates": [[[121.6276684914243, 28.403652856092183], [121.63648826480535, 28.411988232409904], [121.64748712919834, 28.411988232409904], [121.64415297867124, 28.40225195246446], [121.6276684914243, 28.403652856092183]]]}, "properties": {}}, {"type": "Feature", "geometry": {"type": "Polygon", "coordinates": [[[121.57858231468522, 28.48700661926943], [121.5941407207649, 28.49467540144685], [121.5941407207649, 28.4792666269744], [121.57858231468522, 28.48700661926943]]]}, "properties": {}}, {"type": "Feature", "geometry": {"type": "Polygon", "coordinates": [[[121.37325324834518, 28.69539102721255], [121.38575631282177, 28.698725177739643], [121.40242706545722, 28.700947944757708], [121.41076244177495, 28.705530597583135], [121.41909781809267, 28.700947944757708], [121.43576857072811, 28.69721037804383], [121.44910517283648, 28.69539102721255], [121.43576857072811, 28.69323718313911], [121.41909781809267, 28.692575021736097], [121.40242706545723, 28.692853622007092], [121.38575631282177, 28.69281838020848], [121.37325324834518, 28.69539102721255]]]}, "properties": {}}, {"type": "Feature", "geometry": {"type": "Polygon", "coordinates": [[[121.66640815831866, 28.90377543515568], [121.66930344314508, 28.903775435155676], [121.66640815831866, 28.90377543515568]]]}, "properties": {}}, {"type": "Feature", "geometry": {"type": "Polygon", "coordinates": [[[121.57775593403088, 28.912110811473404], [121.58580534444715, 28.927547319717902], [121.60247609708262, 28.927018100775665], [121.61081147340033, 28.920040380436106], [121.62602848131229, 28.912110811473404], [121.61081147340035, 28.90522541798814], [121.60247609708262, 28.91392568476816], [121.59372395194902, 28.912110811473404], [121.57775593403088, 28.912110811473404]]]}, "properties": {}}, {"type": "Feature", "geometry": {"type": "Polygon", "coordinates": [[[121.67931784753938, 28.912110811473404], [121.69166462368227, 28.912110811473404], [121.67931784753938, 28.912110811473404]]]}, "properties": {}}, {"type": "Feature", "geometry": {"type": "Polygon", "coordinates": [[[121.55275489723819, 28.928781564108853], [121.5444353303135, 28.937116940426577], [121.54394633827141, 28.937116940426577], [121.52770354813445, 28.937116940426577], [121.53579308654082, 28.952627071043104], [121.54412846285854, 28.959793007362457], [121.55199984208315, 28.9454523167443], [121.560799215494, 28.94486906187651], [121.56913459181172, 28.936334669524328], [121.56913459181172, 28.921376454661093], [121.55275489723819, 28.928781564108853]]]}, "properties": {}}, {"type": "Feature", "geometry": {"type": "Polygon", "coordinates": [[[121.53215752357526, 29.020470703603827], [121.54412846285854, 29.02512300666488], [121.54412846285854, 29.013326095331493], [121.53215752357526, 29.020470703603827]]]}, "properties": {}}, {"type": "Feature", "geometry": {"type": "Polygon", "coordinates": [[[121.47825277151819, 29.120495219416526], [121.48578082863447, 29.136970254406883], [121.4942570767685, 29.137165972051974], [121.48578082863447, 29.137363860960043], [121.46927351474949, 29.1455013483697], [121.48578082863447, 29.153712622472543], [121.50245158126992, 29.153474515105263], [121.51912233390536, 29.151202700204834], [121.51912233390536, 29.139019718209727], [121.51065877777833, 29.137165972051974], [121.51912233390537, 29.136339943795534], [121.51912233390537, 29.121342006106318], [121.50245158126992, 29.122614923168175], [121.49321397480163, 29.120495219416526], [121.47825277151819, 29.120495219416526]]]}, "properties": {}}, {"type": "Feature", "geometry": {"type": "Polygon", "coordinates": [[[121.46378090097622, 29.12883059573425], [121.47687595457536, 29.12883059573425], [121.46378090097622, 29.12883059573425]]]}, "properties": {}}, {"type": "Feature", "geometry": {"type": "Polygon", "coordinates": [[[121.44519117002613, 29.1455013483697], [121.45295948363719, 29.153836724687423], [121.44410394704585, 29.157257177998993], [121.44410394704585, 29.167914595239743], [121.45978620952982, 29.162172101005147], [121.4689400755531, 29.153836724687423], [121.46053423324302, 29.145501348369695], [121.44519117002613, 29.1455013483697]]]}, "properties": {}}, {"type": "Feature", "geometry": {"type": "Polygon", "coordinates": [[[121.82336356950233, 29.1455013483697], [121.83447740459263, 29.153836724687423], [121.84420201029664, 29.15808946775323], [121.85253738661436, 29.165931161655717], [121.86920813924982, 29.16439486802321], [121.88587889188526, 29.165506251532236], [121.90254964452072, 29.16347995288044], [121.90254964452072, 29.155718906436586], [121.88587889188528, 29.15879060964415], [121.87754351556754, 29.147814053900273], [121.86087276293209, 29.146100876601004], [121.84874857919722, 29.1455013483697], [121.83586663397892, 29.140175229308724], [121.82336356950233, 29.1455013483697]]]}, "properties": {}}, {"type": "Feature", "geometry": {"type": "Polygon", "coordinates": [[[121.52493946960018, 29.153836724687423], [121.52988784904393, 29.153836724687423], [121.52493946960018, 29.153836724687423]]]}, "properties": {}}, {"type": "Feature", "geometry": {"type": "Polygon", "coordinates": [[[121.41925411145576, 29.162172101005147], [121.43550484358082, 29.162172101005147], [121.41925411145576, 29.162172101005147]]]}, "properties": {}}, {"type": "Feature", "geometry": {"type": "Polygon", "coordinates": [[[121.90800725088371, 29.17050747732287], [121.8947699599575, 29.1788428536406], [121.90254964452072, 29.194257105844272], [121.91922039715617, 29.19454281944779], [121.9309879872518, 29.19551360627605], [121.94286230742922, 29.203848982593776], [121.94470066583368, 29.203848982593776], [121.95589605295416, 29.19551360627605], [121.94422652610935, 29.193552341260116], [121.93519653509847, 29.187178229958327], [121.92238209162151, 29.178842853640596], [121.91655307673449, 29.17050747732287], [121.90800725088371, 29.17050747732287]]]}, "properties": {}}, {"type": "Feature", "geometry": {"type": "Polygon", "coordinates": [[[121.80772690486697, 29.19551360627605], [121.81189853442797, 29.19551360627605], [121.80772690486697, 29.19551360627605]]]}, "properties": {}}, {"type": "Feature", "geometry": {"type": "Polygon", "coordinates": [[[121.5776811959818, 29.2121843589115], [121.57049058605716, 29.220519735229225], [121.58438319488637, 29.220519735229225], [121.59384590038478, 29.212184358911497], [121.5776811959818, 29.2121843589115]]]}, "properties": {}}, {"type": "Feature", "geometry": {"type": "Polygon", "coordinates": [[[121.59467522497197, 29.220519735229225], [121.58595338934987, 29.22885511154695], [121.5820654950123, 29.237190487864673], [121.56913459181172, 29.244256237282475], [121.56913459181172, 29.246596890240873], [121.58580534444718, 29.25090352628151], [121.59414072076488, 29.24521516514109], [121.60247609708262, 29.236712837872773], [121.60973594097226, 29.220519735229225], [121.59467522497197, 29.220519735229225]]]}, "properties": {}}, {"type": "Feature", "geometry": {"type": "Polygon", "coordinates": [[[121.55839014722065, 29.26219661681785], [121.56357767426657, 29.262196616817853], [121.55839014722065, 29.26219661681785]]]}, "properties": {}}, {"type": "Feature", "geometry": {"type": "Polygon", "coordinates": [[[121.77911054404306, 29.270531993135574], [121.77970280678569, 29.287202745771026], [121.77811990839204, 29.303873498406475], [121.79289530468802, 29.30387349840647], [121.79239192609514, 29.287202745771026], [121.80160309430318, 29.278867369453298], [121.79075177696978, 29.270531993135574], [121.77911054404306, 29.270531993135574]]]}, "properties": {}}, {"type": "Feature", "geometry": {"type": "Polygon", "coordinates": [[[121.80126790756566, 29.29553812208875], [121.80860934497714, 29.29553812208875], [121.80126790756566, 29.29553812208875]]]}, "properties": {}}, {"type": "Feature", "geometry": {"type": "Polygon", "coordinates": [[[121.79542783575747, 29.3122088747242], [121.80332399842452, 29.320544251041927], [121.81086050502574, 29.33054646799482], [121.81532588519596, 29.320544251041923], [121.8088239016987, 29.3122088747242], [121.79542783575747, 29.3122088747242]]]}, "properties": {}}, {"type": "Feature", "geometry": {"type": "Polygon", "coordinates": [[[121.78212490123393, 29.320544251041923], [121.79158315699533, 29.320544251041923], [121.78212490123393, 29.320544251041923]]]}, "properties": {}}, {"type": "Feature", "geometry": {"type": "Polygon", "coordinates": [[[121.91859055360952, 29.320544251041923], [121.92009682374686, 29.320544251041923], [121.91859055360952, 29.320544251041923]]]}, "properties": {}}, {"type": "Feature", "geometry": {"type": "Polygon", "coordinates": [[[121.8440277538474, 29.328879627359647], [121.84436109645003, 29.328879627359647], [121.8440277538474, 29.328879627359647]]]}, "properties": {}}, {"type": "Feature", "geometry": {"type": "Polygon", "coordinates": [[[121.81884789929539, 29.337215003677372], [121.81941042603465, 29.337215003677372], [121.81884789929539, 29.337215003677372]]]}, "properties": {}}, {"type": "Feature", "geometry": {"type": "Polygon", "coordinates": [[[121.78739091362667, 29.353885756312824], [121.79521490749087, 29.353885756312824], [121.78739091362667, 29.353885756312824]]]}, "properties": {}}, {"type": "Feature", "geometry": {"type": "Polygon", "coordinates": [[[121.4862069402639, 29.403898014219173], [121.49411620495219, 29.418353139512575], [121.50281398893591, 29.412233390536898], [121.50196126501595, 29.403898014219173], [121.4862069402639, 29.403898014219173]]]}, "properties": {}}, {"type": "Feature", "geometry": {"type": "Polygon", "coordinates": [[[121.43620550576185, 29.420568766854622], [121.44410394704585, 29.42951904798768], [121.44420422923979, 29.4455748958078], [121.44320179504706, 29.453910272125523], [121.43414962027732, 29.462245648443247], [121.43576857072811, 29.478421767032685], [121.44410394704586, 29.48687541067652], [121.45243932336356, 29.494368874171435], [121.46088691160716, 29.495587153714148], [121.4607746996813, 29.50987637025882], [121.45913653320996, 29.52059328266732], [121.46092245922013, 29.52059328266732], [121.4772090182252, 29.52059328266732], [121.48578082863447, 29.524959432167083], [121.5015332770922, 29.52892865898505], [121.50263453675572, 29.537264035302773], [121.51853744266819, 29.537264035302776], [121.5048331173607, 29.528928658985052], [121.51912233390537, 29.52784143600781], [121.51912233390537, 29.513162421510646], [121.51912233390537, 29.511822190694694], [121.52971148155191, 29.512257906349596], [121.53776734589704, 29.52059328266732], [121.5452661047789, 29.52892865898505], [121.55517379617385, 29.528928658985045], [121.56913459181172, 29.52342419659275], [121.58580534444718, 29.52603083918208], [121.59363615804779, 29.537264035302773], [121.60247609708262, 29.53738809209716], [121.61226521812384, 29.545599411620497], [121.62396963259735, 29.545599411620497], [121.63496181421044, 29.545599411620497], [121.63654241768549, 29.545599411620497], [121.65248835498898, 29.53755146207235], [121.66082373130669, 29.534779912274683], [121.66528911147691, 29.545599411620497], [121.6705594681307, 29.545599411620497], [121.6837069349899, 29.545599411620497], [121.69416523657759, 29.547306431076805], [121.69860180784347, 29.53726403530277], [121.68786317063717, 29.52892865898505], [121.67749448394213, 29.525900467899167], [121.66915910762444, 29.513258151507724], [121.66082373130669, 29.50432069192819], [121.65224885205517, 29.503922530031875], [121.63581760235351, 29.4956940227153], [121.62718975669132, 29.495587153714148], [121.61081147340035, 29.48734849212118], [121.60226669692257, 29.48725177739642], [121.58580534444715, 29.479109489613663], [121.57729549367448, 29.4789164010787], [121.560799215494, 29.471029163272682], [121.55962789274271, 29.462245648443247], [121.55221688419428, 29.453910272125526], [121.54412846285854, 29.437339854471055], [121.5357930865408, 29.42896711224127], [121.52745771022309, 29.42169898737228], [121.51514527055421, 29.428904143172346], [121.51242052380067, 29.445574895807802], [121.5204688536223, 29.453910272125523], [121.52792245243123, 29.462245648443247], [121.52745771022308, 29.471752379235006], [121.51912233390537, 29.46614004562537], [121.51912233390537, 29.472227831531278], [121.51912233390536, 29.479185942900415], [121.51078695758764, 29.488992513523836], [121.4991964737624, 29.48725177739642], [121.48578082863447, 29.47986164993947], [121.47744545231674, 29.471418890862864], [121.47211471742474, 29.46224564844325], [121.46911007599903, 29.450839344008465], [121.46726964046181, 29.43723951949007], [121.46077469968131, 29.42227196628125], [121.45243932336356, 29.420533169607875], [121.43620550576185, 29.420568766854622]]]}, "properties": {}}, {"type": "Feature", "geometry": {"type": "Polygon", "coordinates": [[[121.50242233433524, 29.453910272125523], [121.5024683779981, 29.453910272125523], [121.50242233433524, 29.453910272125523]]]}, "properties": {}}, {"type": "Feature", "geometry": {"type": "Polygon", "coordinates": [[[121.76377939679875, 29.4789164010787], [121.76157719636532, 29.495587153714148], [121.76923705533737, 29.503922530031872], [121.76918362343712, 29.51631873068338], [121.76918362343712, 29.520879034340133], [121.77751899975485, 29.520365003857872], [121.77769697932726, 29.52892865898505], [121.78585437607256, 29.54202710748433], [121.7941897523903, 29.5457121889971], [121.81086050502574, 29.54619394628851], [121.81919588134346, 29.53759745035548], [121.8248089293148, 29.52892865898505], [121.81822665153908, 29.52059328266732], [121.81812343951809, 29.503922530031872], [121.81086050502574, 29.48764705615941], [121.802525128708, 29.480142191713657], [121.79230249737496, 29.478916401078703], [121.77751899975485, 29.47108522382403], [121.76377939679875, 29.4789164010787]]]}, "properties": {}}, {"type": "Feature", "geometry": {"type": "Polygon", "coordinates": [[[121.74408013609383, 29.52892865898505], [121.74417749448395, 29.541431723461635], [121.74422699648953, 29.52892865898505], [121.74408013609383, 29.52892865898505]]]}, "properties": {}}, {"type": "Feature", "geometry": {"type": "Polygon", "coordinates": [[[121.93154980799721, 29.778989948516795], [121.94339298847757, 29.78732532483452], [121.95256190242708, 29.794822009565806], [121.9608972787448, 29.803607910810747], [121.9692326550625, 29.81131583712278], [121.96923265506251, 29.795985300500654], [121.9608972787448, 29.78774281346055], [121.95256190242705, 29.780100729991183], [121.94422652610935, 29.77113696949016], [121.93154980799721, 29.778989948516795]]]}, "properties": {}}, {"type": "Feature", "geometry": {"type": "Polygon", "coordinates": [[[121.97053395855244, 29.812331453787696], [121.98534598750011, 29.812331453787696], [121.97053395855244, 29.812331453787696]]]}, "properties": {}}, {"type": "Feature", "geometry": {"type": "Polygon", "coordinates": [[[121.99369517253652, 29.812331453787696], [121.99423878401569, 29.8228231504528], [121.99491462531833, 29.812331453787696], [121.99369517253652, 29.812331453787696]]]}, "properties": {}}, {"type": "Feature", "geometry": {"type": "Polygon", "coordinates": [[[121.98123559696005, 29.895685216964942], [121.98818573247814, 29.895685216964942], [121.98123559696005, 29.895685216964942]]]}, "properties": {}}, {"type": "Feature", "geometry": {"type": "Polygon", "coordinates": [[[121.71799736885052, 29.95403285118902], [121.72099929895671, 29.95403285118902], [121.71799736885052, 29.95403285118902]]]}, "properties": {}}, {"type": "Feature", "geometry": {"type": "Polygon", "coordinates": [[[120.71778741122046, 30.045721990683994], [120.7272615837215, 30.0471566048804], [120.7272615837215, 30.044141582431948], [120.71778741122046, 30.045721990683994]]]}, "properties": {}}, {"type": "Feature", "geometry": {"type": "Polygon", "coordinates": [[[114.93207029011556, 30.08739887227262], [114.93627408368282, 30.08739887227262], [114.93207029011556, 30.08739887227262]]]}, "properties": {}}, {"type": "Feature", "geometry": {"type": "Polygon", "coordinates": [[[121.57235624031219, 30.11240500122579], [121.57831448448349, 30.112405001225792], [121.57235624031219, 30.11240500122579]]]}, "properties": {}}, {"type": "Feature", "geometry": {"type": "Polygon", "coordinates": [[[120.98020137463755, 30.23743564599167], [120.99060506043503, 30.237435645991667], [120.98020137463755, 30.23743564599167]]]}, "properties": {}}, {"type": "Feature", "geometry": {"type": "Polygon", "coordinates": [[[121.42469129427147, 30.287447903898013], [121.43038900156029, 30.287447903898016], [121.42469129427147, 30.287447903898013]]]}, "properties": {}}, {"type": "Feature", "geometry": {"type": "Polygon", "coordinates": [[[121.39086092317862, 30.295783280215744], [121.39684263844526, 30.29578328021574], [121.39086092317862, 30.295783280215744]]]}, "properties": {}}, {"type": "Feature", "geometry": {"type": "Polygon", "coordinates": [[[121.33172753582822, 30.32912478548664], [121.34072535552264, 30.32912478548664], [121.33172753582822, 30.32912478548664]]]}, "properties": {}}, {"type": "Feature", "geometry": {"type": "Polygon", "coordinates": [[[120.7986854025925, 30.395807796028436], [120.80636280400569, 30.39580779602844], [120.7986854025925, 30.395807796028436]]]}, "properties": {}}, {"type": "Feature", "geometry": {"type": "Polygon", "coordinates": [[[120.78757050154073, 30.41247854866389], [120.80227997058103, 30.419341994625157], [120.80227997058103, 30.408898756452643], [120.78757050154073, 30.41247854866389]]]}, "properties": {}}, {"type": "Feature", "geometry": {"type": "Polygon", "coordinates": [[[120.89112937826397, 30.420813924981616], [120.89705282696931, 30.420813924981616], [120.89112937826397, 30.420813924981616]]]}, "properties": {}}, {"type": "Feature", "geometry": {"type": "Polygon", "coordinates": [[[120.82421890086898, 30.42914930129934], [120.83065324835854, 30.42914930129934], [120.82421890086898, 30.42914930129934]]]}, "properties": {}}, {"type": "Feature", "geometry": {"type": "Polygon", "coordinates": [[[111.62503064476587, 21.5056658767127], [111.62503064476587, 21.514927405954616], [111.62503064476587, 21.5056658767127]]]}, "properties": {}}, {"type": "Feature", "geometry": {"type": "Polygon", "coordinates": [[[112.17516548173572, 21.53959675202627], [112.18350085805345, 21.544635598908414], [112.19830801032155, 21.551973522922285], [112.18350085805345, 21.55916795995725], [112.16750132077799, 21.551973522922285], [112.17516548173572, 21.53959675202627]]]}, "properties": {}}, {"type": "Feature", "geometry": {"type": "Polygon", "coordinates": [[[111.68337827898995, 21.549889678842856], [111.6927555773474, 21.551973522922285], [111.68337827898995, 21.556141211081147], [111.68337827898995, 21.549889678842856]]]}, "properties": {}}, {"type": "Feature", "geometry": {"type": "Polygon", "coordinates": [[[112.79198332924736, 21.561913539430325], [112.80031870556509, 21.570387886114208], [112.80865408188282, 21.580647217455258], [112.81150030794252, 21.59365040451091], [112.80031870556509, 21.601169067472068], [112.7980454211148, 21.61032115714636], [112.79184837253163, 21.618656533464083], [112.79615101740623, 21.626991909781808], [112.80031870556508, 21.640631616483542], [112.80865408188282, 21.6486638882079], [112.81559819990476, 21.660333415052712], [112.8078699448671, 21.668668791370436], [112.80031870556509, 21.685155296083504], [112.79616486353312, 21.69367492032361], [112.80485540769479, 21.702010296641333], [112.81177984800198, 21.710345672959058], [112.81698945820054, 21.723682275067418], [112.81950660716768, 21.735351801912234], [112.833660210836, 21.73612622520874], [112.85033096347144, 21.740019612650162], [112.85866633978917, 21.744145340230073], [112.8710026967394, 21.752022554547686], [112.86700171610688, 21.76851667279957], [112.85866633978917, 21.774922194650213], [112.84199558715372, 21.776549953311008], [112.83366021083599, 21.78463508902673], [112.81698945820054, 21.77930196795115], [112.80865408188282, 21.77402794802648], [112.79218150747003, 21.768693307183135], [112.7884110251112, 21.76035793086541], [112.78270583634739, 21.76035793086541], [112.7674764741169, 21.76035793086541], [112.76142028274904, 21.752022554547686], [112.76836642968048, 21.74368717822996], [112.76142028274904, 21.735351801912234], [112.75030644765874, 21.734992750597872], [112.7336356950233, 21.73450927736048], [112.72530031870556, 21.726537243295095], [112.71279725422897, 21.718681049276782], [112.70862956607012, 21.70947649921713], [112.70862956607012, 21.6939106492878], [112.70862956607012, 21.693523368026923], [112.69432597745174, 21.685339544005885], [112.70355585874628, 21.67700416768816], [112.7154939936259, 21.67700416768816], [112.71757499674084, 21.67700416768816], [112.7336356950233, 21.668787382515653], [112.74792491156796, 21.67700416768816], [112.75864182397646, 21.68033831821525], [112.77506979865153, 21.677004167688157], [112.77636428535907, 21.668668791370436], [112.76964452071587, 21.660333415052712], [112.75864182397646, 21.659911797646302], [112.74283145290109, 21.651998038734988], [112.74197107134101, 21.643162539838197], [112.7336356950233, 21.634346653591564], [112.72566478641473, 21.618656533464083], [112.7203608364432, 21.61032115714636], [112.7336356950233, 21.602574021920578], [112.74392569324044, 21.601985780828635], [112.75030644765874, 21.586596298694246], [112.75955113775657, 21.585315028193186], [112.75223250338863, 21.57697965187546], [112.76697720029419, 21.56893450454785], [112.78364795292964, 21.57409432930394], [112.79198332924736, 21.561913539430325]]]}, "properties": {}}, {"type": "Feature", "geometry": {"type": "Polygon", "coordinates": [[[112.76687472455417, 21.59365040451091], [112.76704166569343, 21.59365040451091], [112.76687472455417, 21.59365040451091]]]}, "properties": {}}, {"type": "Feature", "geometry": {"type": "Polygon", "coordinates": [[[112.74964350682778, 21.61032115714636], [112.75220085139469, 21.61032115714636], [112.74964350682778, 21.61032115714636]]]}, "properties": {}}, {"type": "Feature", "geometry": {"type": "Polygon", "coordinates": [[[112.7657864322488, 21.72701642559451], [112.76716019428886, 21.72701642559451], [112.7657864322488, 21.72701642559451]]]}, "properties": {}}, {"type": "Feature", "geometry": {"type": "Polygon", "coordinates": [[[112.51691591076244, 21.58832502519681], [112.5329960604311, 21.59365040451091], [112.53429990152912, 21.59365040451091], [112.55025741603335, 21.586672765648036], [112.55025741603335, 21.600822759127688], [112.54085710755191, 21.601985780828635], [112.54192203971562, 21.610350955080047], [112.5582866542173, 21.618656533464083], [112.5669281686688, 21.62199335350831], [112.57526354498651, 21.611685934258695], [112.58526599656778, 21.61032115714636], [112.57526354498651, 21.60488208624123], [112.56888943368473, 21.59365040451091], [112.58359892130424, 21.586288683723375], [112.59057294359971, 21.601985780828635], [112.597704942765, 21.61032115714636], [112.60520915620202, 21.61032115714636], [112.61343079444136, 21.61032115714636], [112.61694042657514, 21.618995025903384], [112.6327614976651, 21.626991909781808], [112.63361117921059, 21.63582226093577], [112.6425036089766, 21.635327286099535], [112.65757299288828, 21.63532728609954], [112.65028193184604, 21.651559334718264], [112.64138975015173, 21.651998038734988], [112.63324153945007, 21.660333415052712], [112.63517406227017, 21.668668791370436], [112.64194655552832, 21.67710118091553], [112.65028193184604, 21.685413847590358], [112.66635706408707, 21.69367492032361], [112.66278499632263, 21.710345672959058], [112.65028193184604, 21.716597205197353], [112.63361117921059, 21.717660252038517], [112.61939200784505, 21.710345672959058], [112.60860505025741, 21.709470453003618], [112.59356071251324, 21.702010296641333], [112.58359892130426, 21.70070789409169], [112.57526354498651, 21.68904415570265], [112.56692816866881, 21.678671242951708], [112.55859279235106, 21.676790440090272], [112.55061982369934, 21.660333415052712], [112.55025741603335, 21.650956116695273], [112.54192203971562, 21.640884203644685], [112.5262085510866, 21.635327286099535], [112.52525128708017, 21.626396525759112], [112.52525128708017, 21.613496538600728], [112.52525128708017, 21.605381674884], [112.51691591076244, 21.59983471597245], [112.51691591076244, 21.58832502519681]]]}, "properties": {}}, {"type": "Feature", "geometry": {"type": "Polygon", "coordinates": [[[112.57402867442093, 21.651998038734988], [112.58053076547196, 21.651998038734988], [112.57402867442093, 21.651998038734988]]]}, "properties": {}}, {"type": "Feature", "geometry": {"type": "Polygon", "coordinates": [[[112.65028193184605, 21.59554351751314], [112.65028193184604, 21.609645863336542], [112.65028193184605, 21.59554351751314]]]}, "properties": {}}, {"type": "Feature", "geometry": {"type": "Polygon", "coordinates": [[[112.85866633978917, 21.599380975729346], [112.87533709242462, 21.595171458578193], [112.89118217874022, 21.601985780828635], [112.8973787142586, 21.61032115714636], [112.88367246874233, 21.617513134792244], [112.86893757130623, 21.618656533464083], [112.86500188684327, 21.618656533464083], [112.85506025508454, 21.61032115714636], [112.85866633978917, 21.599380975729346]]]}, "properties": {}}, {"type": "Feature", "geometry": {"type": "Polygon", "coordinates": [[[112.13348860014709, 21.60365285609218], [112.13348860014709, 21.61761461142437], [112.13348860014709, 21.60365285609218]]]}, "properties": {}}, {"type": "Feature", "geometry": {"type": "Polygon", "coordinates": [[[112.65861730816377, 21.61194192476369], [112.65861730816377, 21.62576611914685], [112.65861730816377, 21.61194192476369]]]}, "properties": {}}, {"type": "Feature", "geometry": {"type": "Polygon", "coordinates": [[[112.10848247119392, 21.631703209439657], [112.11681784751164, 21.636635822371357], [112.11681784751164, 21.650023766807767], [112.10848247119392, 21.639714326266756], [112.10848247119392, 21.631703209439657]]]}, "properties": {}}, {"type": "Feature", "geometry": {"type": "Polygon", "coordinates": [[[112.43356214758519, 21.64829342703822], [112.44189752390292, 21.65232581601449], [112.4575984828768, 21.660333415052712], [112.46134673531095, 21.668668791370436], [112.45848205147915, 21.67700416768816], [112.45023290022064, 21.69263299828389], [112.44189752390292, 21.683024161695407], [112.42998984344902, 21.67700416768816], [112.42615160300122, 21.660333415052712], [112.43356214758519, 21.64829342703822]]]}, "properties": {}}, {"type": "Feature", "geometry": {"type": "Polygon", "coordinates": [[[112.67528806079922, 21.69430840384707], [112.68199702222567, 21.710345672959058], [112.6684113753371, 21.710345672959058], [112.67528806079922, 21.69430840384707]]]}, "properties": {}}, {"type": "Feature", "geometry": {"type": "Polygon", "coordinates": [[[112.0001225790635, 21.713124131731632], [112.01262564354008, 21.718681049276782], [112.00845795538122, 21.731184113753372], [111.99178720274577, 21.731184113753372], [111.99178720274577, 21.722848737435648], [112.0001225790635, 21.713124131731632]]]}, "properties": {}}, {"type": "Feature", "geometry": {"type": "Polygon", "coordinates": [[[112.0334640843344, 21.739519490071096], [112.03763177249326, 21.752022554547686], [112.02512870801667, 21.75619024270655], [112.02512870801667, 21.74785486638882], [112.0334640843344, 21.739519490071096]]]}, "properties": {}}, {"type": "Feature", "geometry": {"type": "Polygon", "coordinates": [[[111.75839666584947, 21.751916440375844], [111.75839666584947, 21.75210508302767], [111.75839666584947, 21.751916440375844]]]}, "properties": {}}, {"type": "Feature", "geometry": {"type": "Polygon", "coordinates": [[[112.52525128708017, 21.74785486638882], [112.52525128708017, 21.7530644765874], [112.52525128708017, 21.74785486638882]]]}, "properties": {}}, {"type": "Feature", "geometry": {"type": "Polygon", "coordinates": [[[112.14182397646482, 21.764525619024273], [112.14182397646482, 21.772860995341997], [112.14182397646482, 21.764525619024273]]]}, "properties": {}}, {"type": "Feature", "geometry": {"type": "Polygon", "coordinates": [[[113.96727139004656, 21.809867176903307], [113.96727139004658, 21.81098960863207], [113.96727139004656, 21.809867176903307]]]}, "properties": {}}, {"type": "Feature", "geometry": {"type": "Polygon", "coordinates": [[[113.95893601372886, 21.82242988216762], [113.96727139004658, 21.830888038169235], [113.96727139004658, 21.83986459728063], [113.95893601372886, 21.832597858952358], [113.95893601372886, 21.82242988216762]]]}, "properties": {}}, {"type": "Feature", "geometry": {"type": "Polygon", "coordinates": [[[113.13373375827409, 21.830917860624755], [113.14658413009724, 21.835376317724933], [113.15394073116553, 21.84371169404266], [113.15873988722726, 21.853091009078174], [113.16751497041018, 21.852047070360385], [113.18359410481759, 21.852047070360385], [113.19208139249817, 21.85810916222782], [113.20034055617889, 21.868717822995833], [113.19208139249815, 21.88247119392008], [113.17818909863529, 21.877053199313558], [113.16707526354499, 21.875386124050014], [113.16040696249081, 21.885388575631282], [113.15040451090954, 21.888167034403857], [113.13373375827409, 21.889556263790144], [113.12777991804714, 21.877053199313558], [113.1216095745392, 21.868717822995833], [113.12539838195636, 21.85469923555239], [113.12645669314541, 21.84371169404266], [113.13373375827409, 21.830917860624755]]]}, "properties": {}}, {"type": "Feature", "geometry": {"type": "Polygon", "coordinates": [[[113.01703848982594, 21.84461830445123], [113.02656463418907, 21.85204707036039], [113.04175392709982, 21.86038244667811], [113.04944308505381, 21.868717822995833], [113.04166629691017, 21.877053199313558], [113.02537386614367, 21.885314794914926], [113.00870311350823, 21.88419153735058], [113.00036773719049, 21.874274740540983], [113.00036773719049, 21.863716597205197], [113.00870311350822, 21.853941474068957], [113.01703848982594, 21.84461830445123]]]}, "properties": {}}, {"type": "Feature", "geometry": {"type": "Polygon", "coordinates": [[[114.00061289531747, 21.847879382201523], [114.00561412110811, 21.86038244667811], [114.01728364795295, 21.862128906478013], [114.01728364795294, 21.87607778293595], [114.00307003570734, 21.868717822995833], [113.99848471412997, 21.86038244667811], [114.00061289531747, 21.847879382201523]]]}, "properties": {}}, {"type": "Feature", "geometry": {"type": "Polygon", "coordinates": [[[114.03395440058839, 21.879065991841326], [114.04038186431478, 21.893723951949006], [114.02669626749638, 21.893723951949006], [114.03395440058839, 21.879065991841326]]]}, "properties": {}}, {"type": "Feature", "geometry": {"type": "Polygon", "coordinates": [[[120.85229222848736, 21.88387305266442], [120.85229222848739, 21.887098396414405], [120.85229222848736, 21.88387305266442]]]}, "properties": {}}, {"type": "Feature", "geometry": {"type": "Polygon", "coordinates": [[[114.05062515322383, 21.89066764729917], [114.05769439643001, 21.90205932826673], [114.05062515322383, 21.914633031525675], [114.04441992863174, 21.90205932826673], [114.05062515322383, 21.89066764729917]]]}, "properties": {}}, {"type": "Feature", "geometry": {"type": "Polygon", "coordinates": [[[114.06729590585928, 21.899120875576358], [114.06729590585928, 21.905361732365485], [114.06729590585928, 21.899120875576358]]]}, "properties": {}}, {"type": "Feature", "geometry": {"type": "Polygon", "coordinates": [[[120.85229222848739, 21.898227205166656], [120.86305801422509, 21.90205932826673], [120.86896298112282, 21.91750429026722], [120.8783624480343, 21.918730080902183], [120.86896298112282, 21.92071469431116], [120.8606276048051, 21.92727384162785], [120.85566607128266, 21.94373620985536], [120.84395685216965, 21.948052744019897], [120.84104118557934, 21.960406962490808], [120.84690666966321, 21.968742338808532], [120.85229222848736, 21.979459251217037], [120.8606276048051, 21.990262462651764], [120.86896298112282, 21.995242709140026], [120.87729835744055, 22.00840259709448], [120.88563373375828, 22.015071244260593], [120.89246415906011, 22.02708997303261], [120.89907157232354, 22.035425349350334], [120.893969110076, 22.049827972409147], [120.89300364651885, 22.060431478303506], [120.89312863851538, 22.077102230938955], [120.893969110076, 22.088056833620236], [120.90088053728753, 22.10210835989213], [120.88956309673404, 22.110443736209856], [120.88905691770188, 22.127114488845308], [120.893969110076, 22.136634498480802], [120.893969110076, 22.1501450980804], [120.89258550159039, 22.160455994116205], [120.89461575232062, 22.16879137043393], [120.89248224312746, 22.177126746751654], [120.88778661569944, 22.193797499387106], [120.89806256469072, 22.20213287570483], [120.893969110076, 22.217702400620404], [120.893969110076, 22.22006864055982], [120.90111051377173, 22.23547438097573], [120.89868296309277, 22.25214513361118], [120.89280589902475, 22.260480509928904], [120.8914024643432, 22.277151262564352], [120.8885791748304, 22.293822015199805], [120.8898726995294, 22.310492767835257], [120.8933347587286, 22.327163520470705], [120.89906535049761, 22.33549889678843], [120.90230448639372, 22.346509165515883], [120.91063986271145, 22.359383194979323], [120.91545303336626, 22.368840402059327], [120.91720846734415, 22.38551115469478], [120.92466758057267, 22.393846531012503], [120.92574203249498, 22.410517283647955], [120.93193745565101, 22.41885265996568], [120.93564599166464, 22.429291945398205], [120.94217404443565, 22.443858788918853], [120.94398136798235, 22.459421075922588], [120.94964405443915, 22.46886491787203], [120.95231674430008, 22.481945075862548], [120.95724353391006, 22.493871046825205], [120.9606521206178, 22.506753818861654], [120.96599773017309, 22.51887717577838], [120.96898749693554, 22.531846329320278], [120.97367996466832, 22.54388330473155], [120.97732287325326, 22.554435208871816], [120.98344789162729, 22.568889433684728], [120.99399362588869, 22.57665711583647], [121.00232900220642, 22.58495843651806], [121.00301050326638, 22.593895562637904], [121.01066437852414, 22.609806952104975], [121.01153454233875, 22.618901691591077], [121.01655265191073, 22.635572444226526], [121.02123318347006, 22.64390782054425], [121.0273351311596, 22.659404013281094], [121.03567050747733, 22.668201248177393], [121.04400588379505, 22.67662509058431], [121.05324556439942, 22.677249325815154], [121.0610360591441, 22.68558470213288], [121.06955171335973, 22.693920078450603], [121.08568276538367, 22.70188414318752], [121.09401814170138, 22.70978661114864], [121.10314105659116, 22.71059083108605], [121.11902427065458, 22.716890984105742], [121.1273596469723, 22.71990568755578], [121.13569502329003, 22.73032982036697], [121.14403039960774, 22.739111525008667], [121.15534570163959, 22.74393233635695], [121.16381876562849, 22.752267712674676], [121.17291183436176, 22.760603088992397], [121.17737190487864, 22.76988782477693], [121.18070723191485, 22.785609217945577], [121.1940426575141, 22.791133399630482], [121.20037818348233, 22.802279970581026], [121.1940426575141, 22.817367255052652], [121.19312289185146, 22.8272860995342], [121.19362295076377, 22.84395685216965], [121.19672188561623, 22.852292228487375], [121.20237803383182, 22.8611064772548], [121.21904878646727, 22.862619190339775], [121.23571953910272, 22.864981156056036], [121.24304944183342, 22.87729835744055], [121.25060030401625, 22.885633733758276], [121.25749907077162, 22.893969110076], [121.2607256680559, 22.903401246435532], [121.26906104437361, 22.91291232079443], [121.27675980842734, 22.927310615346897], [121.28399224021233, 22.93564599166463], [121.28573179700908, 22.94489084709455], [121.2940671733268, 22.953609551748205], [121.30485413091444, 22.9606521206178], [121.31073792596224, 22.971577016736617], [121.31907330227997, 22.984677617063006], [121.32272400299902, 22.9939936258887], [121.32740867859769, 23.00719459950033], [121.33440733940147, 23.01899975484187], [121.3407318906019, 23.0273351311596], [121.34407943123313, 23.040301272098283], [121.34976781600488, 23.052341260112776], [121.3520598085718, 23.069012012748225], [121.35923710633553, 23.07734738906595], [121.36075018386859, 23.08697440423516], [121.36908556018632, 23.09439685030984], [121.38575631282177, 23.098430516132254], [121.39197534402271, 23.110688894336846], [121.40242706545722, 23.111913334506934], [121.41076244177495, 23.124025496445206], [121.41076244177495, 23.128129066324703], [121.39964880819784, 23.135695023290022], [121.40206436984742, 23.152365775925475], [121.40836031599977, 23.1607011522432], [121.40504972287118, 23.177371904878648], [121.4023062979011, 23.185707281196372], [121.40145896133812, 23.20237803383182], [121.40242706545722, 23.21131275411199], [121.41391481713026, 23.219048786467273], [121.41962978241287, 23.227384162784997], [121.41825586088885, 23.235719539102725], [121.42430742829126, 23.24405491542045], [121.42505650862475, 23.260725668055898], [121.43125357522268, 23.269061044373622], [121.43576857072811, 23.28156410885021], [121.43790796503995, 23.294067173326795], [121.44410394704585, 23.3048986108786], [121.45243932336356, 23.311751550941224], [121.46778700034726, 23.31907330227997], [121.46863476829552, 23.335744054915423], [121.46911007599903, 23.344445017925985], [121.47681951668532, 23.360750183868596], [121.47601904999509, 23.377420936504045], [121.47866102802973, 23.38575631282177], [121.47723743194287, 23.394091689139493], [121.4847620415546, 23.40242706545722], [121.48578082863449, 23.411773403137396], [121.49411620495219, 23.423570459043646], [121.49542332311307, 23.435768570728122], [121.49751513930623, 23.45243932336357], [121.50245158126994, 23.466130450063478], [121.51063698680602, 23.477445452316744], [121.51298467144514, 23.485780828634468], [121.51052993087659, 23.494116204952196], [121.50616123652914, 23.510786957587644], [121.5090257487482, 23.527457710223096], [121.51078695758764, 23.53646892786388], [121.51849030737128, 23.55246383917627], [121.52480554503109, 23.560799215493994], [121.5274577102231, 23.572839203508487], [121.52790827110513, 23.58580534444717], [121.53199821854501, 23.60247609708262], [121.53388967041779, 23.61914684971807], [121.53550536187221, 23.63581760235352], [121.54217763010334, 23.644152978671244], [121.5436280650687, 23.660823731306692], [121.54930214471094, 23.669159107624417], [121.55214993631688, 23.68582986025987], [121.55537152858943, 23.694165236577597], [121.55246383917626, 23.70694614693144], [121.55246383917627, 23.71316989458201], [121.56030296367308, 23.727506741848494], [121.56866014848839, 23.735842118166218], [121.57067818001872, 23.744177494483946], [121.5761253857116, 23.76084824711939], [121.57561316097043, 23.777518999754843], [121.57683730200444, 23.794189752390295], [121.57736682880477, 23.810860505025744], [121.5850423110998, 23.819195881343468], [121.59043610906812, 23.827531257661192], [121.5940903529116, 23.84420201029664], [121.60075094157034, 23.852537386614365], [121.60241304783888, 23.869208139249817], [121.60247609708262, 23.878470698718814], [121.60985062310435, 23.894214268202994], [121.60987362630867, 23.910885020838442], [121.60470497064614, 23.92755577347389], [121.61249628349024, 23.935891149791615], [121.6050652690906, 23.94422652610934], [121.60641119940209, 23.960897278744792], [121.61591608360791, 23.969232655062516], [121.62272542650109, 23.977568031380244], [121.63257005319245, 23.98590340769797], [121.64008694147748, 23.994238784015693], [121.64415297867123, 24.005719585308665], [121.64665359156655, 24.019244912968862], [121.63581760235351, 24.02664896230387], [121.6274822260358, 24.034003881999205], [121.62008255062672, 24.04425104192204], [121.61914684971805, 24.05406253164906], [121.6121398784295, 24.069257170875215], [121.61315017604649, 24.085927923510667], [121.62063659046689, 24.09426329982839], [121.62874516184152, 24.10259867614612], [121.64333175929873, 24.11093405246384], [121.64790551549828, 24.119269428781564], [121.6578036674652, 24.12760480509929], [121.66138866360045, 24.135940181417013], [121.66442202171791, 24.15261093405246], [121.66082373130669, 24.16256982180053], [121.66080607048863, 24.17761706300564], [121.66620295672104, 24.185952439323366], [121.66915910762442, 24.195835670129952], [121.67749448394213, 24.203960865162045], [121.68582986025987, 24.21183447534147], [121.69840124749317, 24.219293944594263], [121.70925278227425, 24.227629320911987], [121.71083598921304, 24.23605233655538], [121.72358421181661, 24.24430007354744], [121.73584211816622, 24.25158256022503], [121.7438351979676, 24.26097082618289], [121.74506225509867, 24.269306202500616], [121.75251287080167, 24.280602830931215], [121.75999029692628, 24.29431233145379], [121.7608482471194, 24.303243943579144], [121.76940424336752, 24.310983084089237], [121.7696308180944, 24.32765383672469], [121.77719933047469, 24.344324589360138], [121.78446514668627, 24.352659965677866], [121.78978908787472, 24.36099534199559], [121.79253491292172, 24.37766609463104], [121.79270386985714, 24.394336847266487], [121.7941897523903, 24.40846067936041], [121.80012555067715, 24.419342976219664], [121.802525128708, 24.435255967371685], [121.81086050502574, 24.443869728845375], [121.81359113668955, 24.452684481490564], [121.8248102425581, 24.46101985780829], [121.83586663397892, 24.46652968283187], [121.84420201029664, 24.470379693785173], [121.85430549674237, 24.477690610443734], [121.85253738661437, 24.490818828144153], [121.84420201029664, 24.501435777808435], [121.84065755536233, 24.511032115714634], [121.84420201029664, 24.519579211020016], [121.86087276293209, 24.521333382673337], [121.86981434843656, 24.527702868350087], [121.87685625576734, 24.54437362098554], [121.8766622014177, 24.561044373620987], [121.87537233061636, 24.577715126256436], [121.86920813924984, 24.58724127061955], [121.86087276293209, 24.597675627892812], [121.86087276293209, 24.60677542648763], [121.86087276293209, 24.615799173306584], [121.85253738661437, 24.622401265101814], [121.84708942825617, 24.63606276048051], [121.84420201029664, 24.650464354503036], [121.84146461255973, 24.661068889433686], [121.84003432213778, 24.677739642069135], [121.84039242333407, 24.694410394704583], [121.83586663397892, 24.708852437100337], [121.83269125252454, 24.71941652365776], [121.8275312576612, 24.731868968488975], [121.8220030051991, 24.744422652610936], [121.81919588134346, 24.759148159936988], [121.81445088532, 24.76942878156411], [121.81431187167314, 24.786099534199558], [121.81919588134346, 24.795629090502235], [121.82326108546742, 24.811105663152734], [121.82052673973311, 24.827776415788186], [121.82753125766118, 24.840736134005283], [121.83153281612175, 24.85278254474136], [121.83856307190769, 24.861117921059083], [121.84420201029664, 24.86989200139353], [121.85253738661437, 24.880170209785312], [121.86087276293208, 24.892943903363122], [121.86920813924982, 24.89612650159353], [121.87754351556754, 24.90607843574257], [121.88587889188527, 24.91256731281332], [121.8896948515372, 24.927800931600885], [121.89421426820299, 24.938438670852147], [121.90788668403937, 24.944471684236333], [121.9189700103707, 24.952807060554058], [121.92421413771534, 24.961142436871782], [121.93241807632589, 24.969477813189506], [121.94422652610936, 24.970383340227727], [121.9572505516058, 24.977813189507234], [121.96923265506251, 24.978044727738283], [121.98342532284674, 24.98614856582496], [121.99349786167633, 24.994483942142683], [122.00069833216808, 25.00281931846041], [122.00376622611975, 25.011154694778135], [121.99477367447457, 25.01949007109586], [121.98590340769796, 25.02450421274279], [121.97756803138024, 25.02917381711204], [121.9608972787448, 25.028039175011475], [121.95256190242705, 25.02531246295112], [121.94082433161827, 25.027825447413584], [121.93448016771565, 25.036160823731308], [121.93090363961116, 25.052831576366756], [121.9275557734739, 25.06749943515833], [121.91922039715618, 25.07756369558546], [121.9183081452009, 25.086173081637657], [121.91922039715617, 25.095926641917373], [121.92438160125567, 25.111179210590834], [121.9266471205474, 25.127849963226282], [121.91088502083844, 25.128925495654375], [121.90254964452072, 25.125318669375698], [121.88587889188528, 25.12428645210595], [121.870134292174, 25.127849963226282], [121.86835322885827, 25.127849963226282], [121.85717987469006, 25.127849963226282], [121.84420201029664, 25.131017716219233], [121.82956537882623, 25.127849963226282], [121.8245305221868, 25.127849963226282], [121.81603418687811, 25.136185339544006], [121.80712622021642, 25.14452071586173], [121.7941897523903, 25.14530707211812], [121.77889614888561, 25.15285609217946], [121.77413445714313, 25.16119146849718], [121.76084824711941, 25.161407971775514], [121.75997083908595, 25.152856092179455], [121.74860278806722, 25.152856092179455], [121.73584211816622, 25.158237625258852], [121.72750674184849, 25.166799183781627], [121.71083598921304, 25.169118247945317], [121.70761725328283, 25.17786222113263], [121.69416523657759, 25.184554002120098], [121.6926344053015, 25.194532973768084], [121.69808744215061, 25.202868350085808], [121.68582986025987, 25.20777353037006], [121.66915910762441, 25.20746349353191], [121.65706905733809, 25.211203726403532], [121.64974645485006, 25.219539102721257], [121.64415297867123, 25.23301350316216], [121.63581760235351, 25.24148824763067], [121.63553333964407, 25.252880607992154], [121.63113655987553, 25.269551360627602], [121.6210341047334, 25.27788673694533], [121.61081147340035, 25.284214352767467], [121.60247609708262, 25.292311654208717], [121.59099529573933, 25.294557489580782], [121.57746996812945, 25.29975861122776], [121.56079921549401, 25.29776340354914], [121.54412846285854, 25.297744545231676], [121.53050816820979, 25.294557489580782], [121.51912233390537, 25.29038980142192], [121.50471971095865, 25.286222113263058], [121.49411620495218, 25.280061182941257], [121.48578082863449, 25.272932575583688], [121.47702868350085, 25.269551360627606], [121.46911007599903, 25.25759190765], [121.45243932336356, 25.253714145623924], [121.44806688342462, 25.24454523167443], [121.44165236577592, 25.236209855356705], [121.43576857072813, 25.222664868840404], [121.42743319441041, 25.21398218517611], [121.41909781809267, 25.20415071567315], [121.4158027297905, 25.194532973768084], [121.40719467832638, 25.186197597450352], [121.4124295170385, 25.17786222113263], [121.4274331944104, 25.17195344640343], [121.43742570312773, 25.169526844814907], [121.4274331944104, 25.16620266689133], [121.41076244177495, 25.16685239249317], [121.39964860668465, 25.16119146849718], [121.38575631282178, 25.154523167443003], [121.37742093650405, 25.148443245893603], [121.36908556018632, 25.142885870433012], [121.35241480755089, 25.137376107589397], [121.34407943123313, 25.132439102969954], [121.32740867859769, 25.1303015444962], [121.31907330227997, 25.12626054247773], [121.30240254964453, 25.125203812014306], [121.28573179700908, 25.123024219042335], [121.26906104437361, 25.123551161694493], [121.25239029173818, 25.121721010115955], [121.24006088089715, 25.119514586908558], [121.227384162785, 25.115698022687184], [121.21071341014954, 25.114250138707888], [121.20237803383182, 25.105099432111963], [121.19195881343467, 25.10284383427311], [121.17737190487864, 25.096592302034814], [121.16903652856092, 25.09156656043148], [121.15481735719538, 25.086173081637654], [121.14403039960774, 25.082265874046946], [121.12735964697228, 25.080338318215247], [121.11902427065456, 25.072761349486193], [121.10235351801914, 25.07215449419421], [121.09401814170138, 25.06672387022963], [121.08568276538365, 25.056595448329382], [121.07317970090708, 25.052831576366756], [121.0606766364305, 25.04610174539641], [121.05174587609008, 25.044496200049036], [121.03983819563618, 25.036160823731308], [121.03388435540923, 25.027825447413584], [121.0273351311596, 25.01615592056877], [121.01899975484187, 25.00750796763913], [121.01463360529705, 24.994483942142683], [121.01066437852415, 24.982814415297867], [121.00232900220642, 24.971561657268936], [120.99746759290704, 24.961142436871782], [120.9881098308409, 24.952807060554058], [120.97732287325323, 24.94750273017005], [120.96898749693551, 24.942001943105154], [120.9606521206178, 24.92839631562358], [120.9606521206178, 24.923633243442023], [120.9622558884281, 24.911130178965436], [120.95967148810982, 24.902794802647705], [120.95231674430008, 24.891428380396267], [120.94064721745525, 24.88612405001226], [120.93252022554549, 24.877788673694532], [120.92969215143768, 24.861117921059083], [120.92387840156903, 24.85278254474136], [120.91230693797499, 24.844447168423635], [120.91063986271145, 24.83402794802648], [120.90230448639372, 24.82673449374847], [120.90230448639372, 24.813606276048052], [120.91063986271143, 24.808752614410835], [120.91063986271145, 24.79818200633329], [120.90538027096952, 24.786099534199558], [120.90323063931791, 24.76942878156411], [120.89743256294025, 24.761093405246385], [120.893969110076, 24.74938338268527], [120.87729835744055, 24.749726982994943], [120.86896298112282, 24.74249910422992], [120.8606276048051, 24.733586663397894], [120.85229222848737, 24.720805753044047], [120.85125030644765, 24.711081147340035], [120.8543760725668, 24.70274577102231], [120.84477005961529, 24.694410394704583], [120.83666600922258, 24.68607501838686], [120.8272860995342, 24.681073792596223], [120.81895072321647, 24.676773781558452], [120.80227997058103, 24.672877339217127], [120.79394459426331, 24.668715391697283], [120.77727384162785, 24.66273596469723], [120.76893846531014, 24.65440058837951], [120.76060308899238, 24.645913659765096], [120.75782463021983, 24.636062760480517], [120.75018386859526, 24.627727384162785], [120.74226526109342, 24.619392007845065], [120.72726158372151, 24.613329915977623], [120.71892620740375, 24.604644803590624], [120.71024352373948, 24.60272125520961], [120.71205232316407, 24.594385878891885], [120.70225545476833, 24.588828961346735], [120.69874582263455, 24.577715126256436], [120.70017161068891, 24.561044373620987], [120.69199653006959, 24.552708997303263], [120.68341025613694, 24.54437362098554], [120.68419547274658, 24.52770286835009], [120.67724932581515, 24.513413651805415], [120.67289740298926, 24.50269673939691], [120.66391272370679, 24.494361363079186], [120.66057857317969, 24.482453682625295], [120.65224319686197, 24.471736770216793], [120.64390782054426, 24.462535380775147], [120.63557244422653, 24.455890395458923], [120.6272370679088, 24.44632766447615], [120.61890169159108, 24.438395264945893], [120.61474444875597, 24.427678352537388], [120.6050806403073, 24.41934297621966], [120.5938955626379, 24.41160298392463], [120.59196380453692, 24.40267222358421], [120.5822260357931, 24.394336847266487], [120.57874586406973, 24.37766609463104], [120.57514096592301, 24.369330718313314], [120.56472174552587, 24.36099534199559], [120.55777559859443, 24.35265996567787], [120.55221868104928, 24.340936225055884], [120.54597237147286, 24.327653836724693], [120.54388330473155, 24.317929231020678], [120.53554792841383, 24.307448648806222], [120.5272125520961, 24.318094469747965], [120.51982545522708, 24.302647707771513], [120.5242706545722, 24.285976955136064], [120.51887717577839, 24.27171467896453], [120.51054179946067, 24.263412005856576], [120.50220642314292, 24.27383981082023], [120.4938710468252, 24.26402693531848], [120.49121565436502, 24.252635449865164], [120.49652643928538, 24.252635449865164], [120.50715690655647, 24.252635449865164], [120.50220642314292, 24.239090463348862], [120.48887381876554, 24.244300073547436], [120.4839301251601, 24.24430007354744], [120.48934525747006, 24.235964697229715], [120.48553567050747, 24.221683974097033], [120.47998615231288, 24.235964697229715], [120.47487823042727, 24.235964697229715], [120.46671799904796, 24.227629320911987], [120.46886491787203, 24.213740117730357], [120.47720029418976, 24.205306252955875], [120.47720029418974, 24.197488463226023], [120.46543270412853, 24.19428781564109], [120.46423415325106, 24.17761706300564], [120.45636185339544, 24.169281686687917], [120.44870656006185, 24.169281686687917], [120.45583355483336, 24.17761706300564], [120.45219416523658, 24.18691137639074], [120.44385878891886, 24.181784751164503], [120.43274495382856, 24.17761706300564], [120.43901101777587, 24.169281686687917], [120.43552341260113, 24.15817247476277], [120.42302034812454, 24.16094631037019], [120.41676881588624, 24.16094631037019], [120.40885020838441, 24.15261093405247], [120.40496036610281, 24.135940181417013], [120.40051483206669, 24.127604805099292], [120.3938465310125, 24.117093090274054], [120.3855111546948, 24.107405850776658], [120.38198464928549, 24.09426329982839], [120.37717577837707, 24.080257599442085], [120.37041907175374, 24.069257170875215], [120.36217544183414, 24.06092179455749], [120.37374356463356, 24.05258641823977], [120.36617534977186, 24.04425104192204], [120.36050502574162, 24.030606508689857], [120.34879580660748, 24.02758028928659], [120.35216964942389, 24.015077224810003], [120.35216964942389, 24.007575386124053], [120.34383427310615, 23.99848819147381], [120.33549889678844, 24.005633981963946], [120.32507967639127, 24.002574160333417], [120.32091198823241, 23.98590340769797], [120.31882814415297, 23.975900956116696], [120.31049276783526, 23.981735719539106], [120.31049276783526, 23.97340034322138], [120.31327122660784, 23.960897278744792], [120.30215739151753, 23.95672959058593], [120.29215493993627, 23.952561902427064], [120.28131895072322, 23.94422652610934], [120.27298357440549, 23.935891149791615], [120.27715126256436, 23.92338808531503], [120.29104355642724, 23.919220397156167], [120.29798970335867, 23.910885020838442], [120.29382201519982, 23.89699272697557], [120.28548663888208, 23.888657350657844], [120.27715126256437, 23.89699272697557], [120.26048050992891, 23.896298112282423], [120.25006128953174, 23.894214268202994], [120.23547438097573, 23.887545967148817], [120.23269592220316, 23.87754351556754], [120.24380975729345, 23.876027992600683], [120.25158944185667, 23.86087276293209], [120.25196778517889, 23.84420201029664], [120.24325406553895, 23.835866633978917], [120.22906157900674, 23.827531257661192], [120.22646193572912, 23.827531257661192], [120.21046825202257, 23.83308730327718], [120.2004683117549, 23.827531257661192], [120.19101904061453, 23.819195881343468], [120.18243107713567, 23.810860505025744], [120.17399375507073, 23.80252512870802], [120.16879137043392, 23.789426680208734], [120.16379014464329, 23.777518999754843], [120.16495118935029, 23.76084824711939], [120.17087521451336, 23.752512870801667], [120.18216830496958, 23.752512870801667], [120.1937974993871, 23.75719701607055], [120.205760344271, 23.752512870801667], [120.21046825202257, 23.739653533043644], [120.21046825202255, 23.73436981705489], [120.20213287570483, 23.724028681391918], [120.1937974993871, 23.712294680025952], [120.18978097088639, 23.70250061289532], [120.18546212306939, 23.691674204679618], [120.17712674675164, 23.695280995639354], [120.16879137043395, 23.703095996918016], [120.15965258433982, 23.70250061289532], [120.16772273244447, 23.694165236577593], [120.15870117804931, 23.68582986025987], [120.15045354253495, 23.677494483942144], [120.15212061779849, 23.662536220609315], [120.15212061779849, 23.656678942648064], [120.14378524148077, 23.647994890712948], [120.1379605207309, 23.63581760235352], [120.13962521476886, 23.61914684971807], [120.15212061779849, 23.61798234926036], [120.16045599411619, 23.60862548069864], [120.17042492800257, 23.60247609708262], [120.17279202177383, 23.58580534444717], [120.16879137043392, 23.571492820794333], [120.16773101795086, 23.56079921549399], [120.17013819834344, 23.560799215493994], [120.1847197101263, 23.560799215493994], [120.18737491509007, 23.55246383917627], [120.1839359971074, 23.54412846285854], [120.19029282657984, 23.53579308654082], [120.19731377053643, 23.527457710223096], [120.1890546941179, 23.527457710223096], [120.18475055103995, 23.527457710223096], [120.17627853467722, 23.519122333905372], [120.18546212306939, 23.516704998994975], [120.18546212306939, 23.504820407690406], [120.16879137043394, 23.50847281207775], [120.16879137043392, 23.499129644750283], [120.17938555376688, 23.494116204952192], [120.18589795923853, 23.485780828634468], [120.17712674675165, 23.481882815616267], [120.16879137043394, 23.471322336847926], [120.16879137043394, 23.46236209132302], [120.17376034997014, 23.45243932336357], [120.18008582146305, 23.45243932336357], [120.19170485340925, 23.45243932336357], [120.20213287570483, 23.451542112537364], [120.20213287570482, 23.442840862362427], [120.18546212306939, 23.437705739614472], [120.18546212306939, 23.430993739259826], [120.18546212306939, 23.424767277351698], [120.17620086087948, 23.41909781809267], [120.18546212306939, 23.41451003203294], [120.19997768604117, 23.410762441774946], [120.190157188546, 23.40242706545722], [120.17712674675165, 23.39508022260587], [120.17386609078346, 23.38575631282177], [120.16443143005537, 23.38575631282177], [120.1627764564242, 23.40242706545722], [120.15759744586023, 23.402427065457218], [120.15212061779849, 23.38895714285186], [120.13960884754431, 23.38575631282177], [120.14669771632656, 23.377420936504045], [120.1493289457424, 23.360750183868596], [120.15212061779849, 23.346750267924598], [120.15414846675198, 23.360750183868596], [120.1604559941162, 23.375102742231725], [120.17310460954857, 23.36908556018632], [120.18171180724302, 23.360750183868596], [120.19315286293134, 23.360750183868596], [120.20213287570485, 23.36271725791086], [120.20213287570483, 23.359797984892193], [120.1937974993871, 23.351311882567252], [120.1937974993871, 23.336541996968833], [120.20213287570483, 23.334444275531087], [120.20213287570485, 23.32122103506674], [120.1937974993871, 23.316060851366608], [120.18546212306939, 23.324478186521148], [120.16938393594465, 23.31907330227997], [120.1604559941162, 23.317694296085115], [120.1604559941162, 23.320459885424746], [120.1604559941162, 23.332158671488756], [120.15212061779849, 23.324309430999968], [120.14378524148077, 23.331552928032245], [120.13544986516303, 23.34294111477642], [120.1271144888453, 23.344929979852516], [120.11713881756393, 23.344079431233148], [120.12155757130016, 23.335744054915423], [120.11229604205825, 23.3274086785977], [120.11877911252759, 23.31573915175288], [120.13544986516303, 23.311746862238852], [120.1453623927287, 23.310737925962247], [120.15390540383517, 23.30240254964452], [120.14378524148076, 23.300976598050156], [120.13544986516303, 23.291733268017452], [120.12711448884531, 23.300333866617294], [120.12711448884531, 23.28780201588467], [120.13544986516303, 23.279876703372153], [120.14415688246459, 23.277396420691346], [120.13544986516303, 23.272411538711374], [120.12711448884531, 23.263185310604065], [120.12357942688581, 23.252390291738173], [120.11457195675709, 23.24405491542045], [120.10210835989213, 23.238982945557208], [120.09932948955634, 23.227384162784997], [120.08543760725668, 23.223109610757504], [120.07617607801477, 23.219048786467273], [120.08543760725668, 23.212878443012976], [120.10210835989213, 23.214628737129352], [120.11190726150069, 23.210713410149545], [120.11877911252758, 23.197479032821562], [120.12341728606819, 23.185707281196372], [120.1281632001217, 23.177371904878648], [120.12711448884531, 23.167181672574884], [120.11877911252759, 23.157900356866975], [120.10210835989213, 23.15668207968096], [120.10210835989213, 23.147944707490876], [120.10742669039882, 23.13569502329002], [120.1117170896116, 23.1273596469723], [120.11044373620986, 23.11636833148131], [120.10210835989213, 23.10735153342959], [120.08543760725668, 23.106779001204345], [120.07710223093898, 23.097619238697938], [120.07488817649491, 23.085682765383673], [120.07097346122208, 23.069012012748225], [120.06876685462123, 23.0580504219416], [120.05487456075836, 23.052341260112776], [120.06281983827341, 23.044005883795048], [120.07710223093896, 23.038652753075073], [120.08543760725668, 23.030056146262698], [120.09753330366381, 23.0273351311596], [120.10710958568276, 23.01899975484187], [120.11877911252756, 23.016534361900696], [120.12711448884531, 23.008442970115738], [120.13544986516303, 23.000169747428018], [120.14378524148077, 22.99173138348955], [120.15212061779849, 22.98137408895114], [120.15628830595735, 22.968987496935526], [120.16522588041457, 22.9606521206178], [120.16879137043394, 22.949538285527503], [120.17258592722891, 22.935645991664625], [120.17414600195063, 22.918975239029173], [120.17212552096103, 22.902304486393724], [120.1792316397409, 22.893969110076], [120.1826836642968, 22.87729835744055], [120.19147321180827, 22.868962981122827], [120.19082824520078, 22.852292228487375], [120.19958896407059, 22.843956852169654], [120.20768034466839, 22.84395685216965], [120.20213287570483, 22.858274341438086], [120.20213287570483, 22.864336831286803], [120.21832732115001, 22.868962981122827], [120.21890782053916, 22.868962981122827], [120.22181047680749, 22.852292228487375], [120.2287994041364, 22.84395685216965], [120.22662866881038, 22.835621475851926], [120.22782214151705, 22.8272860995342], [120.21880362834028, 22.824507640761624], [120.21046825202255, 22.830960169274803], [120.1990071095857, 22.8272860995342], [120.20874825378485, 22.818950723216474], [120.20004903162541, 22.81061534689875], [120.21046825202255, 22.80748958083136], [120.21463594018141, 22.7939445942633], [120.21880362834028, 22.778199994552043], [120.22505516057856, 22.76893846531013], [120.23195018863342, 22.7606030889924], [120.23547438097572, 22.745599411620496], [120.23785591706653, 22.735596960039224], [120.24918741943392, 22.7272615837215], [120.2521451336112, 22.71725913214023], [120.25809897383813, 22.702255454768327], [120.26881588624663, 22.696003922530032], [120.26881588624663, 22.692729310405213], [120.26048050992891, 22.68308408923756], [120.25214513361118, 22.67516548173572], [120.24474004485798, 22.660578573179702], [120.24163531129753, 22.652243196861978], [120.24380975729346, 22.63851434175043], [120.24852105695132, 22.6272370679088], [120.26048050992891, 22.623347225627196], [120.2604805099289, 22.61587064565736], [120.2604805099289, 22.604083244804013], [120.26881588624661, 22.59667402141048], [120.27994204274785, 22.60223093895563], [120.27053296643669, 22.610566315273353], [120.28499017446775, 22.61056631527335], [120.29190944593951, 22.60223093895563], [120.27992972133694, 22.593895562637904], [120.28882078940916, 22.58556018632018], [120.29382201519981, 22.572623084962647], [120.29660047397238, 22.560554057367003], [120.31049276783526, 22.554579977475704], [120.32462666680878, 22.552218681049276], [120.31609952315796, 22.54388330473155], [120.3235056841291, 22.535547928413827], [120.33042973370276, 22.527212552096103], [120.33922242160911, 22.51887717577838], [120.34786751968048, 22.510541799460654], [120.3605050257416, 22.504653685752565], [120.36884040205933, 22.49936507468669], [120.37717577837705, 22.491787202745773], [120.3855111546948, 22.483868595243933], [120.40099113928484, 22.477200294189753], [120.41051728364795, 22.47330453242772], [120.42302034812454, 22.477200294189753], [120.43133755873615, 22.477200294189753], [120.43552341260113, 22.468450480898397], [120.4428781564109, 22.452194165236577], [120.45219416523659, 22.450157561909524], [120.46052954155431, 22.441548985877475], [120.46886491787203, 22.43218926207404], [120.4826006788808, 22.43552341260113], [120.4730326060309, 22.443858788918853], [120.46608645909944, 22.452194165236577], [120.47720029418976, 22.455786999775057], [120.48553567050747, 22.44683570908302], [120.4984635406702, 22.443858788918853], [120.49132412629325, 22.43552341260113], [120.48240990438833, 22.427188036283404], [120.4938710468252, 22.42168782192333], [120.50220642314292, 22.412601127727388], [120.5141737717803, 22.410517283647955], [120.52721255209609, 22.40726445390976], [120.53554792841383, 22.398014196069035], [120.54994539659899, 22.3938465310125], [120.55777559859443, 22.385511154694782], [120.56888943368475, 22.380896928503056], [120.57722481000245, 22.373008090218192], [120.58556018632018, 22.367173326795783], [120.5938955626379, 22.356800414044837], [120.59945248018306, 22.343834273106154], [120.60818477918258, 22.33549889678843], [120.61577592547194, 22.327163520470705], [120.62247399572725, 22.31882814415298], [120.62862629729509, 22.310492767835257], [120.63557244422653, 22.29752662689657], [120.63781658400437, 22.28548663888208], [120.64352893980254, 22.26881588624663], [120.646443939065, 22.260480509928904], [120.65224319686197, 22.248339853182873], [120.6605785731797, 22.23666514902112], [120.66891394949742, 22.22797254228978], [120.67151875459672, 22.218803628340282], [120.67920506878245, 22.210468252022558], [120.68409094801731, 22.193797499387106], [120.68585280686999, 22.185462123069378], [120.68861574806658, 22.16879137043393], [120.69320561762336, 22.15212061779848], [120.6941638028989, 22.143785241480757], [120.70151998038736, 22.127114488845308], [120.70586384276763, 22.118779112527584], [120.70892375582252, 22.102108359892135], [120.70225545476832, 22.08742222066566], [120.70073993180146, 22.077102230938955], [120.7052008173801, 22.06876685462123], [120.70225545476833, 22.060155563819215], [120.69316231696718, 22.052096101985782], [120.68558470213286, 22.03638712354084], [120.68472242182415, 22.02708997303261], [120.68558470213287, 22.018426432292923], [120.69346019561928, 22.002083844079433], [120.70225545476833, 21.993865822471726], [120.70928332107543, 21.98541309144398], [120.71314730292619, 21.977077715126256], [120.71040351925868, 21.968742338808532], [120.71001376657175, 21.952071586173084], [120.71059083108605, 21.938526599656782], [120.71797359296745, 21.927065457219904], [120.7272615837215, 21.920143945846704], [120.7400768366733, 21.927065457219907], [120.74757304848768, 21.935400833537635], [120.74335758189676, 21.94373620985536], [120.74997632147078, 21.952071586173084], [120.7606030889924, 21.954572824392265], [120.76893846531013, 21.94714613653079], [120.78560921794558, 21.946019874540273], [120.79394459426331, 21.937484677617064], [120.80394621270445, 21.935400833537635], [120.8145225545477, 21.927065457219907], [120.82459726846398, 21.918730080902186], [120.8349546457465, 21.91039470458446], [120.84395685216967, 21.909753521790787], [120.85229222848739, 21.898227205166656]]]}, "properties": {}}, {"type": "Feature", "geometry": {"type": "Polygon", "coordinates": [[[120.51434707988895, 22.41885265996568], [120.52273614635548, 22.41885265996568], [120.51434707988895, 22.41885265996568]]]}, "properties": {}}, {"type": "Feature", "geometry": {"type": "Polygon", "coordinates": [[[120.49942796437034, 22.427188036283404], [120.51054179946065, 22.428742650146646], [120.51054179946064, 22.424197481366313], [120.49942796437034, 22.427188036283404]]]}, "properties": {}}, {"type": "Feature", "geometry": {"type": "Polygon", "coordinates": [[[120.33137927088593, 22.54388330473155], [120.33907120092461, 22.54388330473155], [120.33137927088593, 22.54388330473155]]]}, "properties": {}}, {"type": "Feature", "geometry": {"type": "Polygon", "coordinates": [[[120.23399488251829, 22.76893846531013], [120.23629761860211, 22.76893846531013], [120.23399488251829, 22.76893846531013]]]}, "properties": {}}, {"type": "Feature", "geometry": {"type": "Polygon", "coordinates": [[[120.2269555856121, 22.785609217945577], [120.227139004658, 22.797957923516275], [120.23547438097575, 22.788030006709235], [120.23547438097573, 22.77770302473196], [120.2269555856121, 22.785609217945577]]]}, "properties": {}}, {"type": "Feature", "geometry": {"type": "Polygon", "coordinates": [[[120.1379495465769, 23.010664378524147], [120.1399524910369, 23.0273351311596], [120.15212061779849, 23.029979077644583], [120.16045599411622, 23.026462686399324], [120.16879137043394, 23.03170219043462], [120.17712674675165, 23.02524348238167], [120.17712674675167, 23.015482718427968], [120.1604559941162, 23.017277539920542], [120.15212061779849, 23.010008910393395], [120.1379495465769, 23.010664378524147]]]}, "properties": {}}, {"type": "Feature", "geometry": {"type": "Polygon", "coordinates": [[[120.10139131854677, 23.035670507477324], [120.08543760725668, 23.043030846923134], [120.08543760725667, 23.048853407683502], [120.10007793611837, 23.052341260112776], [120.10210835989213, 23.061473380768362], [120.11044373620987, 23.054301665289287], [120.11877911252758, 23.049171376790206], [120.11877911252758, 23.04125095420447], [120.11044373620986, 23.028894780885004], [120.10139131854677, 23.035670507477324]]]}, "properties": {}}, {"type": "Feature", "geometry": {"type": "Polygon", "coordinates": [[[120.12486468074678, 23.227384162784997], [120.12888492263386, 23.227384162784997], [120.12486468074678, 23.227384162784997]]]}, "properties": {}}, {"type": "Feature", "geometry": {"type": "Polygon", "coordinates": [[[120.13483971099375, 23.260725668055898], [120.13565596694657, 23.260725668055898], [120.13483971099375, 23.260725668055898]]]}, "properties": {}}, {"type": "Feature", "geometry": {"type": "Polygon", "coordinates": [[[120.15158857251004, 23.269061044373622], [120.15837215003677, 23.277396420691346], [120.1604559941162, 23.28830695384799], [120.16993531558425, 23.28573179700907], [120.1645839620748, 23.277396420691346], [120.1604559941162, 23.267365655516286], [120.15158857251004, 23.269061044373622]]]}, "properties": {}}, {"type": "Feature", "geometry": {"type": "Polygon", "coordinates": [[[120.12680492190007, 23.3274086785977], [120.13544986516303, 23.327579204791377], [120.13544986516303, 23.32723773382691], [120.12680492190007, 23.3274086785977]]]}, "properties": {}}, {"type": "Feature", "geometry": {"type": "Polygon", "coordinates": [[[120.18490215701699, 23.38575631282177], [120.18559447867946, 23.38575631282177], [120.18490215701699, 23.38575631282177]]]}, "properties": {}}, {"type": "Feature", "geometry": {"type": "Polygon", "coordinates": [[[120.20554958941253, 23.527457710223096], [120.21346556212211, 23.527457710223096], [120.20554958941253, 23.527457710223096]]]}, "properties": {}}, {"type": "Feature", "geometry": {"type": "Polygon", "coordinates": [[[120.20868760765678, 23.777518999754843], [120.21706295257661, 23.785854376072567], [120.22340471275362, 23.785854376072564], [120.21880362834028, 23.77387867880374], [120.20868760765678, 23.777518999754843]]]}, "properties": {}}, {"type": "Feature", "geometry": {"type": "Polygon", "coordinates": [[[120.28131895072322, 23.87754351556754], [120.28871740484297, 23.87754351556754], [120.28131895072322, 23.87754351556754]]]}, "properties": {}}, {"type": "Feature", "geometry": {"type": "Polygon", "coordinates": [[[120.32740629841645, 23.977568031380248], [120.33549889678844, 23.991460325243118], [120.33843388841511, 23.977568031380244], [120.32740629841645, 23.977568031380248]]]}, "properties": {}}, {"type": "Feature", "geometry": {"type": "Polygon", "coordinates": [[[120.37933680183957, 24.052586418239766], [120.39106807223993, 24.05258641823977], [120.37933680183957, 24.052586418239766]]]}, "properties": {}}, {"type": "Feature", "geometry": {"type": "Polygon", "coordinates": [[[120.39967125176236, 24.09426329982839], [120.40844910750732, 24.09426329982839], [120.39967125176236, 24.09426329982839]]]}, "properties": {}}, {"type": "Feature", "geometry": {"type": "Polygon", "coordinates": [[[120.7596769360682, 24.61939200784506], [120.7622301318176, 24.61939200784506], [120.7596769360682, 24.61939200784506]]]}, "properties": {}}, {"type": "Feature", "geometry": {"type": "Polygon", "coordinates": [[[120.93379368581625, 24.85278254474136], [120.937679010326, 24.85278254474136], [120.93379368581625, 24.85278254474136]]]}, "properties": {}}, {"type": "Feature", "geometry": {"type": "Polygon", "coordinates": [[[121.4595306136283, 25.10284383427311], [121.46911007599903, 25.105622293045684], [121.47952409978247, 25.10284383427311], [121.46911007599903, 25.100340718204432], [121.4595306136283, 25.10284383427311]]]}, "properties": {}}, {"type": "Feature", "geometry": {"type": "Polygon", "coordinates": [[[121.45227921241278, 25.14452071586173], [121.45243932336356, 25.15402514914775], [121.45317049674924, 25.14452071586173], [121.45227921241278, 25.14452071586173]]]}, "properties": {}}, {"type": "Feature", "geometry": {"type": "Polygon", "coordinates": [[[121.44271471765956, 25.16119146849718], [121.44684284393956, 25.16119146849718], [121.44271471765956, 25.16119146849718]]]}, "properties": {}}, {"type": "Feature", "geometry": {"type": "Polygon", "coordinates": [[[113.30877666094631, 21.912807576676432], [113.31468088583803, 21.927065457219907], [113.30261573062451, 21.92706545721991], [113.30877666094631, 21.912807576676432]]]}, "properties": {}}, {"type": "Feature", "geometry": {"type": "Polygon", "coordinates": [[[113.71721010051483, 21.92188946367755], [113.73274421092515, 21.927065457219907], [113.74221622946801, 21.932194919569277], [113.74812837474963, 21.94373620985536], [113.7392900950708, 21.952071586173084], [113.72554547683255, 21.960356915200716], [113.7088747241971, 21.958483414109793], [113.7005393478794, 21.96262972950887], [113.69220397156165, 21.969575876440306], [113.68273195301879, 21.968742338808532], [113.6755332189262, 21.95786396632608], [113.6683180007121, 21.94373620985536], [113.68386859524394, 21.93737065530525], [113.6997455025158, 21.94373620985536], [113.70090980904907, 21.94373620985536], [113.7088747241971, 21.931915130713858], [113.71721010051483, 21.92188946367755]]]}, "properties": {}}, {"type": "Feature", "geometry": {"type": "Polygon", "coordinates": [[[113.20875214513362, 21.935024583925358], [113.20910066260285, 21.94373620985536], [113.20760243807746, 21.94373620985536], [113.20875214513362, 21.935024583925358]]]}, "properties": {}}, {"type": "Feature", "geometry": {"type": "Polygon", "coordinates": [[[121.60247609708262, 21.94790389801422], [121.61385158080218, 21.952071586173084], [121.60247609708262, 21.9537229343115], [121.60247609708262, 21.94790389801422]]]}, "properties": {}}, {"type": "Feature", "geometry": {"type": "Polygon", "coordinates": [[[113.30044128462859, 21.96457465064967], [113.31711203726404, 21.96457465064967], [113.31711203726404, 21.972910026967394], [113.30877666094631, 21.98124540328512], [113.30044128462859, 21.972910026967394], [113.30044128462859, 21.96457465064967]]]}, "properties": {}}, {"type": "Feature", "geometry": {"type": "Polygon", "coordinates": [[[113.75055160578573, 21.963301190378907], [113.76599042382844, 21.968742338808532], [113.77463385483468, 21.977077715126256], [113.77470343768614, 21.993748467761705], [113.76722235842118, 22.009010771588994], [113.75888698210346, 22.00183285412016], [113.742216229468, 22.0005834163581], [113.73482448065795, 21.98541309144398], [113.74221622946801, 21.975851924491298], [113.75055160578573, 21.963301190378907]]]}, "properties": {}}, {"type": "Feature", "geometry": {"type": "Polygon", "coordinates": [[[114.12564354008336, 21.96402801161004], [114.12564354008336, 21.973093186646235], [114.12564354008336, 21.96402801161004]]]}, "properties": {}}, {"type": "Feature", "geometry": {"type": "Polygon", "coordinates": [[[113.78389311105663, 21.975851924491298], [113.78710578025462, 21.98541309144398], [113.7801297615039, 21.98541309144398], [113.78389311105663, 21.975851924491298]]]}, "properties": {}}, {"type": "Feature", "geometry": {"type": "Polygon", "coordinates": [[[114.11730816376561, 21.982342163326923], [114.13351639666394, 21.98541309144398], [114.11730816376561, 21.988985395580144], [114.11730816376561, 21.982342163326923]]]}, "properties": {}}, {"type": "Feature", "geometry": {"type": "Polygon", "coordinates": [[[114.14231429271881, 21.978038911674606], [114.15842503352148, 21.98541309144398], [114.166081828739, 21.993748467761705], [114.15898504535426, 22.0084431614213], [114.14411046808694, 22.002083844079436], [114.13584504542743, 21.993748467761705], [114.14231429271881, 21.978038911674606]]]}, "properties": {}}, {"type": "Feature", "geometry": {"type": "Polygon", "coordinates": [[[113.12539838195636, 21.989580779602843], [113.12539838195636, 21.99791615592057], [113.12539838195636, 21.989580779602843]]]}, "properties": {}}, {"type": "Feature", "geometry": {"type": "Polygon", "coordinates": [[[113.81723461632753, 21.989320299092917], [113.83289324829272, 21.993748467761705], [113.83998142752824, 22.002083844079433], [113.82556999264526, 22.009019996537788], [113.80889924000981, 22.006813758869477], [113.79580079151053, 22.002083844079433], [113.80889924000981, 21.99770876160875], [113.81723461632753, 21.989320299092917]]]}, "properties": {}}, {"type": "Feature", "geometry": {"type": "Polygon", "coordinates": [[[114.17565579798972, 21.99031688115302], [114.19232655062515, 21.99107485648998], [114.20066192694287, 21.995224670063166], [114.20899730326062, 21.991546670243817], [114.21733267957833, 21.997006229361823], [114.22165100706823, 22.010419220397157], [114.2089973032606, 22.016826361232958], [114.19232655062515, 22.017293958358806], [114.17777719064797, 22.010419220397157], [114.17145731305692, 22.002083844079433], [114.17565579798972, 21.99031688115302]]]}, "properties": {}}, {"type": "Feature", "geometry": {"type": "Polygon", "coordinates": [[[121.57746996812945, 22.000924914751835], [121.5924227948668, 22.00208384407943], [121.59611035591583, 22.010419220397157], [121.5941407207649, 22.026229481793653], [121.58580534444717, 22.030941242350778], [121.57746996812945, 22.03810962307977], [121.56875447280265, 22.043760725668058], [121.56913459181172, 22.058562910949316], [121.56950672050884, 22.06876685462123], [121.56913459181172, 22.0792841137347], [121.560799215494, 22.085600248745806], [121.55246383917627, 22.08443618395349], [121.53579308654082, 22.083559293949175], [121.52745771022309, 22.08594139373742], [121.51625704829615, 22.08543760725668], [121.50245158126992, 22.0806030889924], [121.50070696762202, 22.06876685462123], [121.50261028988083, 22.060431478303506], [121.50856419056959, 22.04376072566806], [121.5174935822111, 22.035425349350334], [121.52476097082618, 22.02708997303261], [121.53579308654082, 22.02168057348774], [121.55246383917627, 22.018989660914905], [121.560799215494, 22.01106040319083], [121.56913459181172, 22.005848567484822], [121.57746996812945, 22.000924914751835]]]}, "properties": {}}, {"type": "Feature", "geometry": {"type": "Polygon", "coordinates": [[[113.70053934787938, 22.00680722399281], [113.71417905458111, 22.010419220397157], [113.7230484958628, 22.01875459671488], [113.71615013877589, 22.02708997303261], [113.7088747241971, 22.037211501418415], [113.70053934787938, 22.03417120203346], [113.68566473602053, 22.02708997303261], [113.69220397156167, 22.014934215902592], [113.70053934787938, 22.00680722399281]]]}, "properties": {}}, {"type": "Feature", "geometry": {"type": "Polygon", "coordinates": [[[113.05871537141456, 22.01458690855602], [113.05871537141456, 22.022922284873744], [113.05871537141456, 22.01458690855602]]]}, "properties": {}}, {"type": "Feature", "geometry": {"type": "Polygon", "coordinates": [[[114.22566805589605, 22.01904056079562], [114.2423388085315, 22.02505243659939], [114.25067418484923, 22.027588608757323], [114.26734493748468, 22.02913700352439], [114.2756803138024, 22.035821011139], [114.29235106643785, 22.036588463736045], [114.30068644275558, 22.04537519605554], [114.30902181907331, 22.05341298704755], [114.30902181907331, 22.067365698791047], [114.29489350241664, 22.060431478303506], [114.2845856025619, 22.052096101985782], [114.28294391136009, 22.052096101985782], [114.26972862431957, 22.052096101985782], [114.25900956116695, 22.045276248634917], [114.25067418484923, 22.04330494176084], [114.23400343221378, 22.04196312930083], [114.22566805589605, 22.034745428499928], [114.22566805589605, 22.01904056079562]]]}, "properties": {}}, {"type": "Feature", "geometry": {"type": "Polygon", "coordinates": [[[113.66719784260849, 22.02866680496226], [113.66719784260849, 22.043074347526577], [113.66719784260849, 22.02866680496226]]]}, "properties": {}}, {"type": "Feature", "geometry": {"type": "Polygon", "coordinates": [[[113.90058837950478, 22.03114502097096], [113.90058837950478, 22.041081497565933], [113.90058837950478, 22.03114502097096]]]}, "properties": {}}, {"type": "Feature", "geometry": {"type": "Polygon", "coordinates": [[[113.91725913214023, 22.03008549889679], [113.92559450845796, 22.036553408536857], [113.92559450845796, 22.051769117618967], [113.90927432540488, 22.043760725668058], [113.91725913214023, 22.03008549889679]]]}, "properties": {}}, {"type": "Feature", "geometry": {"type": "Polygon", "coordinates": [[[114.0089482716352, 22.030178955841713], [114.01728364795294, 22.037339767389483], [114.01728364795292, 22.049347626631544], [114.0089482716352, 22.05397156165727], [114.0089482716352, 22.04814776583528], [114.0089482716352, 22.041788789016188], [114.0089482716352, 22.030178955841713]]]}, "properties": {}}, {"type": "Feature", "geometry": {"type": "Polygon", "coordinates": [[[113.68386859524392, 22.04025109353428], [113.69942065561276, 22.043760725668058], [113.68386859524394, 22.04792841382692], [113.68386859524392, 22.04025109353428]]]}, "properties": {}}, {"type": "Feature", "geometry": {"type": "Polygon", "coordinates": [[[113.99227751899976, 22.040514101645503], [113.99227751899976, 22.047889584471513], [113.99227751899976, 22.040514101645503]]]}, "properties": {}}, {"type": "Feature", "geometry": {"type": "Polygon", "coordinates": [[[113.96727139004658, 22.058158193853217], [113.98119599148839, 22.060431478303506], [113.96727139004658, 22.06306370240384], [113.96727139004658, 22.058158193853217]]]}, "properties": {}}, {"type": "Feature", "geometry": {"type": "Polygon", "coordinates": [[[113.39213042412356, 22.092770782889104], [113.39213042412356, 22.094446162367376], [113.39213042412356, 22.092770782889104]]]}, "properties": {}}, {"type": "Feature", "geometry": {"type": "Polygon", "coordinates": [[[113.70053934787938, 22.08810492767835], [113.70053934787938, 22.099223037320613], [113.70053934787938, 22.08810492767835]]]}, "properties": {}}, {"type": "Feature", "geometry": {"type": "Polygon", "coordinates": [[[114.03395440058839, 22.08894723939046], [114.05062515322383, 22.089605295415545], [114.05062515322383, 22.101108114734004], [114.04705284908766, 22.110443736209856], [114.03395440058839, 22.11584124735007], [114.02561902427065, 22.109795909009293], [114.02561902427064, 22.09667357248398], [114.03395440058839, 22.08894723939046]]]}, "properties": {}}, {"type": "Feature", "geometry": {"type": "Polygon", "coordinates": [[[113.8672468742339, 22.107665277437285], [113.86724687423389, 22.114444716842364], [113.8672468742339, 22.107665277437285]]]}, "properties": {}}, {"type": "Feature", "geometry": {"type": "Polygon", "coordinates": [[[113.88391762686933, 22.112589609384585], [113.89948082215213, 22.118779112527584], [113.89225300318705, 22.128471410571446], [113.88391762686933, 22.12487060295493], [113.88391762686933, 22.112589609384585]]]}, "properties": {}}, {"type": "Feature", "geometry": {"type": "Polygon", "coordinates": [[[113.81723461632753, 22.12026647898496], [113.82621117543893, 22.12711448884531], [113.83219971975454, 22.143785241480757], [113.82183215576345, 22.15212061779848], [113.81318223966645, 22.15212061779848], [113.81089271326128, 22.135449865163032], [113.81723461632753, 22.12026647898496]]]}, "properties": {}}, {"type": "Feature", "geometry": {"type": "Polygon", "coordinates": [[[113.70053934787938, 22.14065947536161], [113.71513071222779, 22.143785241480757], [113.70053934787938, 22.146911007599904], [113.70053934787938, 22.14065947536161]]]}, "properties": {}}, {"type": "Feature", "geometry": {"type": "Polygon", "coordinates": [[[113.31711203726402, 22.15653086985182], [113.32591922732564, 22.160455994116205], [113.31711203726405, 22.16302294388792], [113.31711203726402, 22.15653086985182]]]}, "properties": {}}, {"type": "Feature", "geometry": {"type": "Polygon", "coordinates": [[[113.80889924000982, 22.15765765873767], [113.80889924000982, 22.16325432949474], [113.80644828562069, 22.177126746751654], [113.79316625068324, 22.177126746751654], [113.7882592605564, 22.16879137043393], [113.80056386369208, 22.161842911919916], [113.80889924000982, 22.15765765873767]]]}, "properties": {}}, {"type": "Feature", "geometry": {"type": "Polygon", "coordinates": [[[113.90058837950478, 22.153074719161133], [113.91574675177891, 22.160455994116205], [113.91368682800407, 22.177126746751654], [113.9089237558225, 22.192343979692414], [113.90475606766364, 22.177126746751654], [113.9005883795048, 22.16754231302462], [113.90058837950478, 22.153074719161133]]]}, "properties": {}}, {"type": "Feature", "geometry": {"type": "Polygon", "coordinates": [[[114.25900956116695, 22.15452175495909], [114.26734493748468, 22.160857063926063], [114.27295144412665, 22.177126746751654], [114.25900956116695, 22.18208708632996], [114.25067418484923, 22.192527626840203], [114.2375623569337, 22.185462123069378], [114.25067418484923, 22.17831060496612], [114.25067418484923, 22.174426967205925], [114.25067418484923, 22.161088580246368], [114.25900956116695, 22.15452175495909]]]}, "properties": {}}, {"type": "Feature", "geometry": {"type": "Polygon", "coordinates": [[[113.35045354253494, 22.18540692190294], [113.35045354253494, 22.185544651545943], [113.35045354253494, 22.18540692190294]]]}, "properties": {}}, {"type": "Feature", "geometry": {"type": "Polygon", "coordinates": [[[114.11730816376563, 22.178242873820597], [114.13397891640108, 22.179666653456724], [114.14791047211438, 22.185462123069378], [114.1490165624205, 22.20213287570483], [114.15437159850316, 22.210468252022558], [114.14455882487643, 22.210468252022558], [114.13397891640108, 22.21005208144077], [114.13397891640108, 22.21232107255509], [114.13397891640108, 22.223665207467974], [114.12448905584102, 22.227139004658007], [114.11730816376564, 22.242537698654722], [114.10186320180443, 22.23547438097573], [114.10396656796647, 22.218803628340282], [114.11730816376563, 22.212135327286102], [114.11759648532778, 22.20213287570483], [114.11730816376563, 22.19341334524931], [114.11730816376563, 22.178242873820597]]]}, "properties": {}}, {"type": "Feature", "geometry": {"type": "Polygon", "coordinates": [[[114.28401569012013, 22.17974573796175], [114.28401569012013, 22.191773414097124], [114.28401569012013, 22.17974573796175]]]}, "properties": {}}, {"type": "Feature", "geometry": {"type": "Polygon", "coordinates": [[[113.36712429517038, 22.1878932744846], [113.36712429517038, 22.195008622452708], [113.36712429517038, 22.1878932744846]]]}, "properties": {}}, {"type": "Feature", "geometry": {"type": "Polygon", "coordinates": [[[113.84224074528069, 22.1913663479611], [113.85057612159844, 22.19819418140085], [113.85891149791615, 22.202195979471572], [113.8755822505516, 22.205109795818302], [113.88387263644387, 22.218803628340282], [113.89225300318705, 22.220300873278752], [113.89842735601499, 22.210468252022558], [113.9089237558225, 22.2032697762731], [113.92559450845796, 22.203130364187437], [113.93224967330403, 22.218803628340282], [113.94004249407536, 22.227139004658007], [113.95060063741113, 22.2292909950638], [113.96727139004659, 22.232695922203156], [113.97560676636431, 22.220038498905872], [113.98394214268203, 22.210741393782467], [114.00061289531747, 22.211418477307756], [114.01172673040779, 22.218803628340282], [114.0188099242779, 22.218803628340282], [114.03395440058839, 22.213499297956275], [114.03395440058839, 22.22410795872429], [114.01847441599833, 22.227139004658007], [114.01615419318486, 22.23547438097573], [114.00061289531747, 22.242938994575415], [114.00061289531747, 22.244260988928946], [114.01546028438344, 22.25214513361118], [114.00802678307747, 22.260480509928904], [114.01728364795294, 22.26132105207859], [114.0246104220967, 22.277151262564352], [114.02204365546251, 22.293822015199805], [114.02561902427065, 22.30430077399923], [114.0422897769061, 22.304607171540454], [114.05369103879487, 22.310492767835257], [114.05770646084954, 22.327163520470705], [114.05896052954157, 22.338136077996296], [114.06256661424618, 22.352169649423878], [114.05507917118999, 22.352169649423878], [114.0422897769061, 22.34736077847134], [114.03395440058839, 22.34114544203592], [114.02561902427065, 22.33456422799619], [114.0089482716352, 22.33176991264629], [113.99894582005395, 22.327163520470705], [113.99227751899974, 22.315627700970282], [113.97764975079411, 22.310492767835257], [113.96888053610719, 22.302157391517525], [113.95893601372886, 22.3020295287164], [113.94226526109341, 22.29936652892303], [113.93885959149168, 22.310492767835257], [113.94739472347217, 22.31882814415298], [113.93392988477568, 22.32341166314193], [113.91725913214023, 22.323668603761668], [113.90892375582251, 22.315616053121836], [113.89225300318705, 22.31529620505671], [113.89225300318705, 22.306149429961994], [113.90058837950478, 22.29722768480152], [113.91725913214023, 22.29518623387993], [113.91725913214023, 22.293661348735924], [113.90058837950477, 22.292543583245493], [113.88527454859548, 22.28548663888208], [113.88069102958505, 22.277151262564352], [113.86806464067358, 22.268815886246628], [113.85891149791615, 22.265652202511312], [113.85057612159844, 22.25885974231157], [113.84404243229048, 22.243809757293455], [113.8422407452807, 22.234559719955946], [113.8352427738913, 22.218803628340282], [113.8422407452807, 22.20232817505483], [113.8422407452807, 22.201090953665116], [113.84224074528069, 22.1913663479611]]]}, "properties": {}}, {"type": "Feature", "geometry": {"type": "Polygon", "coordinates": [[[113.97393969110075, 22.23547438097573], [113.97571235764958, 22.23547438097573], [113.97393969110075, 22.23547438097573]]]}, "properties": {}}, {"type": "Feature", "geometry": {"type": "Polygon", "coordinates": [[[113.98394214268203, 22.18620946705137], [113.99858199955855, 22.193797499387106], [113.98394214268203, 22.201461885441347], [113.98394214268203, 22.18620946705137]]]}, "properties": {}}, {"type": "Feature", "geometry": {"type": "Polygon", "coordinates": [[[113.35878891885265, 22.194665767752188], [113.35878891885265, 22.204639317563792], [113.35878891885265, 22.194665767752188]]]}, "properties": {}}, {"type": "Feature", "geometry": {"type": "Polygon", "coordinates": [[[113.37545967148812, 22.20001792945836], [113.38416668878966, 22.20213287570483], [113.37545967148812, 22.205506718521224], [113.37545967148812, 22.20001792945836]]]}, "properties": {}}, {"type": "Feature", "geometry": {"type": "Polygon", "coordinates": [[[113.40046580044128, 22.20076475918171], [113.40182596640955, 22.210468252022558], [113.39710476162934, 22.218803628340282], [113.39105582855834, 22.218803628340282], [113.39681321988294, 22.210468252022558], [113.40046580044128, 22.20076475918171]]]}, "properties": {}}, {"type": "Feature", "geometry": {"type": "Polygon", "coordinates": [[[113.57550870311351, 22.197053505833996], [113.5815790315599, 22.210468252022558], [113.56848392052892, 22.210468252022558], [113.57550870311351, 22.197053505833996]]]}, "properties": {}}, {"type": "Feature", "geometry": {"type": "Polygon", "coordinates": [[[114.01728364795294, 22.197783983712974], [114.03395440058839, 22.19630003735569], [114.03395440058839, 22.208727181216545], [114.01728364795295, 22.20713410149547], [114.01728364795294, 22.197783983712974]]]}, "properties": {}}, {"type": "Feature", "geometry": {"type": "Polygon", "coordinates": [[[113.3421181662172, 22.20944460931305], [113.35134661855116, 22.210468252022558], [113.3421181662172, 22.215044537031087], [113.3421181662172, 22.20944460931305]]]}, "properties": {}}, {"type": "Feature", "geometry": {"type": "Polygon", "coordinates": [[[113.33378278989949, 22.216688682093814], [113.33378278989949, 22.224707853242784], [113.33378278989949, 22.216688682093814]]]}, "properties": {}}, {"type": "Feature", "geometry": {"type": "Polygon", "coordinates": [[[114.0422897769061, 22.236470584399463], [114.0497693651047, 22.25214513361118], [114.05769835870537, 22.260480509928904], [114.0422897769061, 22.266037427474053], [114.03016559317123, 22.260480509928904], [114.03395440058839, 22.24439791536895], [114.0422897769061, 22.236470584399463]]]}, "properties": {}}, {"type": "Feature", "geometry": {"type": "Polygon", "coordinates": [[[114.28401569012013, 22.2370426550072], [114.29877329739638, 22.243809757293455], [114.29235106643785, 22.25984108380042], [114.27772810811734, 22.25214513361118], [114.28401569012013, 22.2370426550072]]]}, "properties": {}}, {"type": "Feature", "geometry": {"type": "Polygon", "coordinates": [[[114.35069870066194, 22.25890450839552], [114.35069870066192, 22.261655365667316], [114.35069870066194, 22.25890450839552]]]}, "properties": {}}, {"type": "Feature", "geometry": {"type": "Polygon", "coordinates": [[[113.30877666094631, 22.26263621073765], [113.32110607178736, 22.268815886246628], [113.32708232665239, 22.277151262564352], [113.3195351117347, 22.277151262564352], [113.30877666094631, 22.27132232810559], [113.30877666094631, 22.26263621073765]]]}, "properties": {}}, {"type": "Feature", "geometry": {"type": "Polygon", "coordinates": [[[113.58384407943123, 22.27923510664378], [113.58384407943123, 22.29173817112037], [113.58384407943123, 22.27923510664378]]]}, "properties": {}}, {"type": "Feature", "geometry": {"type": "Polygon", "coordinates": [[[114.0422897769061, 22.277773460369964], [114.0422897769061, 22.293012558866167], [114.0422897769061, 22.277773460369964]]]}, "properties": {}}, {"type": "Feature", "geometry": {"type": "Polygon", "coordinates": [[[114.075631282177, 22.278141716381622], [114.075631282177, 22.29259038842181], [114.075631282177, 22.278141716381622]]]}, "properties": {}}, {"type": "Feature", "geometry": {"type": "Polygon", "coordinates": [[[114.35069870066192, 22.31214497322508], [114.35069870066192, 22.326770805456903], [114.35069870066192, 22.31214497322508]]]}, "properties": {}}, {"type": "Feature", "geometry": {"type": "Polygon", "coordinates": [[[120.37717577837705, 22.318522258783524], [120.38022312025666, 22.327163520470705], [120.38551115469477, 22.33903015575073], [120.38551115469477, 22.349784137497224], [120.37717577837705, 22.355054159094], [120.36673306124865, 22.352169649423878], [120.35216964942389, 22.345084579553813], [120.35096453477553, 22.33549889678843], [120.3521696494239, 22.32355152406636], [120.36884040205933, 22.32354817652567], [120.37717577837705, 22.318522258783524]]]}, "properties": {}}, {"type": "Feature", "geometry": {"type": "Polygon", "coordinates": [[[113.88391762686933, 22.34522350249244], [113.88391762686933, 22.358837950478055], [113.88391762686933, 22.34522350249244]]]}, "properties": {}}, {"type": "Feature", "geometry": {"type": "Polygon", "coordinates": [[[113.8755822505516, 22.37050747732287], [113.8755822505516, 22.383844079431235], [113.8755822505516, 22.37050747732287]]]}, "properties": {}}, {"type": "Feature", "geometry": {"type": "Polygon", "coordinates": [[[113.61718558470213, 22.386785955517162], [113.63325144789786, 22.393846531012503], [113.64219171365531, 22.39419543752279], [113.65052708997304, 22.406349595489093], [113.6587943111304, 22.41885265996568], [113.66094631037018, 22.427188036283404], [113.65793631336656, 22.43552341260113], [113.65052708997304, 22.445942632998285], [113.63663479611014, 22.443858788918853], [113.62552096101986, 22.437557748499398], [113.6122044845493, 22.43552341260113], [113.60885020838441, 22.424591345872606], [113.60676636430497, 22.410517283647955], [113.60885020838441, 22.397388475652143], [113.61718558470213, 22.386785955517162]]]}, "properties": {}}, {"type": "Feature", "geometry": {"type": "Polygon", "coordinates": [[[113.06705074773228, 22.401941839555647], [113.06705074773227, 22.402393615060575], [113.06705074773228, 22.401941839555647]]]}, "properties": {}}, {"type": "Feature", "geometry": {"type": "Polygon", "coordinates": [[[113.80056386369208, 22.394133957782078], [113.81678887426632, 22.40218190733023], [113.8164057204922, 22.41885265996568], [113.80056386369208, 22.42698630887829], [113.78389311105663, 22.42681262525317], [113.78389311105663, 22.410771372239335], [113.79222848737436, 22.403015444962005], [113.80056386369208, 22.394133957782078]]]}, "properties": {}}, {"type": "Feature", "geometry": {"type": "Polygon", "coordinates": [[[113.24209365040451, 22.406076943018753], [113.2463629893995, 22.41885265996568], [113.23765993958597, 22.427188036283404], [113.22985374714804, 22.427188036283404], [113.23375827408678, 22.41417315049985], [113.24209365040451, 22.406076943018753]]]}, "properties": {}}, {"type": "Feature", "geometry": {"type": "Polygon", "coordinates": [[[114.6424368717823, 22.428015615335898], [114.65077224810003, 22.436710449937046], [114.65077224810003, 22.45143892124708], [114.65077224810003, 22.45844569747487], [114.65077224810003, 22.46330800032688], [114.6424368717823, 22.47627414126556], [114.62576611914685, 22.476914281049346], [114.60980566702793, 22.46886491787203], [114.61743074282913, 22.453194410394705], [114.62576611914685, 22.444784941843047], [114.63410149546458, 22.439312220018277], [114.6424368717823, 22.428015615335898]]]}, "properties": {}}, {"type": "Feature", "geometry": {"type": "Polygon", "coordinates": [[[114.22566805589605, 22.445437458660788], [114.22566805589605, 22.45924773940937], [114.22566805589605, 22.445437458660788]]]}, "properties": {}}, {"type": "Feature", "geometry": {"type": "Polygon", "coordinates": [[[113.59217945574896, 22.500332578896245], [113.60623723779875, 22.50220642314293], [113.59217945574898, 22.505387027212556], [113.59217945574896, 22.500332578896245]]]}, "properties": {}}, {"type": "Feature", "geometry": {"type": "Polygon", "coordinates": [[[113.833905368963, 22.498892357840745], [113.8422407452807, 22.503015421171934], [113.8422407452807, 22.51831981192948], [113.83390536896297, 22.524760970826186], [113.83390536896299, 22.51361272757771], [113.833905368963, 22.505218110225165], [113.833905368963, 22.498892357840745]]]}, "properties": {}}, {"type": "Feature", "geometry": {"type": "Polygon", "coordinates": [[[114.35903407697965, 22.495493166239658], [114.35903407697965, 22.509111651937395], [114.35903407697965, 22.495493166239658]]]}, "properties": {}}, {"type": "Feature", "geometry": {"type": "Polygon", "coordinates": [[[113.65886246629076, 22.506374111301792], [113.65886246629076, 22.514709487619516], [113.65886246629076, 22.506374111301792]]]}, "properties": {}}, {"type": "Feature", "geometry": {"type": "Polygon", "coordinates": [[[114.83415052708997, 22.505412337152187], [114.83415052708997, 22.516701274296643], [114.83415052708997, 22.505412337152187]]]}, "properties": {}}, {"type": "Feature", "geometry": {"type": "Polygon", "coordinates": [[[114.42571708752145, 22.531700831651797], [114.43405246383918, 22.53603824466781], [114.43405246383918, 22.54968182738736], [114.42571708752146, 22.55782908878769], [114.41914487913286, 22.54388330473155], [114.42571708752145, 22.531700831651797]]]}, "properties": {}}, {"type": "Feature", "geometry": {"type": "Polygon", "coordinates": [[[114.65077224810003, 22.562038100650717], [114.65077224810003, 22.57548001188968], [114.65077224810003, 22.562038100650717]]]}, "properties": {}}, {"type": "Feature", "geometry": {"type": "Polygon", "coordinates": [[[113.69220397156167, 22.57227779798898], [113.69709497743908, 22.58556018632018], [113.68886982103456, 22.593895562637904], [113.68950643869782, 22.610566315273353], [113.6887737754721, 22.6272370679088], [113.67900674250939, 22.635572444226526], [113.68090226909182, 22.652243196861978], [113.66719784260849, 22.657859037727135], [113.66217653165305, 22.668913949497426], [113.66608645909946, 22.68558470213288], [113.65763124378836, 22.693920078450603], [113.65052708997304, 22.70642314292719], [113.64219171365531, 22.71725579131123], [113.62984728092937, 22.71059083108605], [113.62777987055603, 22.693920078450603], [113.63763084738152, 22.68558470213288], [113.63203297376201, 22.677249325815154], [113.64219171365531, 22.67308163765629], [113.65679429015013, 22.668913949497426], [113.64774863120047, 22.660578573179706], [113.65269776093763, 22.652243196861978], [113.65886246629076, 22.637277020124053], [113.66292850345587, 22.6272370679088], [113.66229266238034, 22.610566315273353], [113.67053199313558, 22.60223093895563], [113.67886736945329, 22.593895562637904], [113.68386859524394, 22.580786936583145], [113.69220397156167, 22.57227779798898]]]}, "properties": {}}, {"type": "Feature", "geometry": {"type": "Polygon", "coordinates": [[[114.63410149546458, 22.578185937265573], [114.64481840787309, 22.58556018632018], [114.64243687178231, 22.597101476606262], [114.63410149546458, 22.59200545465478], [114.63410149546458, 22.578185937265573]]]}, "properties": {}}, {"type": "Feature", "geometry": {"type": "Polygon", "coordinates": [[[114.71745525864182, 22.579487661837604], [114.71745525864182, 22.59367945228313], [114.71745525864182, 22.579487661837604]]]}, "properties": {}}, {"type": "Feature", "geometry": {"type": "Polygon", "coordinates": [[[113.64219171365531, 22.616110911505295], [113.64219171365531, 22.622487565720554], [113.64219171365531, 22.616110911505295]]]}, "properties": {}}, {"type": "Feature", "geometry": {"type": "Polygon", "coordinates": [[[114.72579063495955, 22.626572283316943], [114.72579063495954, 22.62807274828326], [114.72579063495955, 22.626572283316943]]]}, "properties": {}}, {"type": "Feature", "geometry": {"type": "Polygon", "coordinates": [[[113.64219171365531, 22.631168849181904], [113.6421917136553, 22.63913565853897], [113.64219171365531, 22.631168849181904]]]}, "properties": {}}, {"type": "Feature", "geometry": {"type": "Polygon", "coordinates": [[[114.6424368717823, 22.62945934117125], [114.6424368717823, 22.641824449878676], [114.6424368717823, 22.62945934117125]]]}, "properties": {}}, {"type": "Feature", "geometry": {"type": "Polygon", "coordinates": [[[121.47744545231674, 22.634286120720702], [121.49411620495219, 22.634666425061557], [121.50346363981224, 22.635572444226522], [121.50470767185573, 22.652243196861978], [121.50811409347196, 22.668913949497426], [121.50245158126991, 22.67743455639999], [121.48578082863446, 22.680141707757997], [121.47171488109831, 22.68558470213288], [121.46171389701287, 22.693920078450603], [121.4600459236098, 22.693920078450603], [121.46026175344636, 22.677249325815154], [121.46554556107878, 22.668913949497423], [121.46911007599903, 22.653632426248265], [121.46945029544057, 22.64390782054425], [121.47744545231674, 22.634286120720702]]]}, "properties": {}}, {"type": "Feature", "geometry": {"type": "Polygon", "coordinates": [[[113.63385633733758, 22.639608945963452], [113.63385633733758, 22.648206695125047], [113.63385633733758, 22.639608945963452]]]}, "properties": {}}, {"type": "Feature", "geometry": {"type": "Polygon", "coordinates": [[[113.62552096101984, 22.64908507286951], [113.62552096101986, 22.65291134136441], [113.62552096101984, 22.64908507286951]]]}, "properties": {}}, {"type": "Feature", "geometry": {"type": "Polygon", "coordinates": [[[114.63410149546456, 22.657006269043535], [114.64724574273484, 22.660578573179702], [114.64764648198087, 22.677249325815154], [114.63618533954401, 22.677249325815154], [114.63410149546458, 22.665125142080278], [114.63410149546456, 22.657006269043535]]]}, "properties": {}}, {"type": "Feature", "geometry": {"type": "Polygon", "coordinates": [[[115.42596224564844, 22.655021655634553], [115.42596224564845, 22.666830105417997], [115.42596224564844, 22.655021655634553]]]}, "properties": {}}, {"type": "Feature", "geometry": {"type": "Polygon", "coordinates": [[[113.61718558470213, 22.66575582550496], [113.61718558470211, 22.670016895193147], [113.61718558470213, 22.66575582550496]]]}, "properties": {}}, {"type": "Feature", "geometry": {"type": "Polygon", "coordinates": [[[114.60075999019367, 22.663357031952277], [114.60075999019368, 22.674841328212253], [114.60075999019367, 22.663357031952277]]]}, "properties": {}}, {"type": "Feature", "geometry": {"type": "Polygon", "coordinates": [[[113.60885020838441, 22.69080246500041], [113.60885020838441, 22.70158221288146], [113.60885020838441, 22.69080246500041]]]}, "properties": {}}, {"type": "Feature", "geometry": {"type": "Polygon", "coordinates": [[[115.61767590095612, 22.70947944757702], [115.61767590095612, 22.71157146359402], [115.61767590095612, 22.70947944757702]]]}, "properties": {}}, {"type": "Feature", "geometry": {"type": "Polygon", "coordinates": [[[115.56766364304977, 22.71606263166946], [115.57599901936749, 22.723774919208896], [115.58433439568522, 22.727904249577023], [115.59987684016055, 22.735596960039224], [115.60549342787637, 22.74393233635695], [115.60100514832067, 22.755699926452564], [115.58502901037835, 22.752267712674676], [115.57599901936749, 22.74784576235112], [115.56766364304977, 22.75913214023045], [115.55932826673202, 22.765366161173958], [115.5489090463349, 22.7606030889924], [115.54682520225546, 22.74393233635695], [115.55813749868665, 22.735596960039224], [115.55932826673204, 22.726503822238072], [115.56766364304977, 22.71606263166946]]]}, "properties": {}}, {"type": "Feature", "geometry": {"type": "Polygon", "coordinates": [[[113.62552096101986, 22.727018805775767], [113.62552096101986, 22.727733397465386], [113.62552096101986, 22.727018805775767]]]}, "properties": {}}, {"type": "Feature", "geometry": {"type": "Polygon", "coordinates": [[[114.62576611914685, 22.723093895562638], [114.62993380730572, 22.735596960039224], [114.6240990438833, 22.735596960039224], [114.62576611914685, 22.723093895562638]]]}, "properties": {}}, {"type": "Feature", "geometry": {"type": "Polygon", "coordinates": [[[115.18423633243444, 22.7379549165393], [115.18423633243441, 22.75026822212658], [115.18423633243444, 22.7379549165393]]]}, "properties": {}}, {"type": "Feature", "geometry": {"type": "Polygon", "coordinates": [[[115.10088256925717, 22.771211749760415], [115.1092179455749, 22.777987120446454], [115.1092179455749, 22.79297905340728], [115.09324180763258, 22.785609217945577], [115.10088256925717, 22.771211749760415]]]}, "properties": {}}, {"type": "Feature", "geometry": {"type": "Polygon", "coordinates": [[[115.71770041676884, 22.81728364795293], [115.7204788755414, 22.8272860995342], [115.71353272860995, 22.8272860995342], [115.71770041676884, 22.81728364795293]]]}, "properties": {}}, {"type": "Feature", "geometry": {"type": "Polygon", "coordinates": [[[113.52549644520715, 22.86752775080706], [113.53460333547224, 22.868962981122827], [113.52549644520715, 22.87068297936054], [113.52549644520715, 22.86752775080706]]]}, "properties": {}}, {"type": "Feature", "geometry": {"type": "Polygon", "coordinates": [[[113.5088256925717, 22.88925781049329], [113.50882569257172, 22.895689108313718], [113.5088256925717, 22.88925781049329]]]}, "properties": {}}, {"type": "Feature", "geometry": {"type": "Polygon", "coordinates": [[[118.59340524638392, 22.92709126333854], [118.59340524638392, 22.927513917208305], [118.59340524638392, 22.92709126333854]]]}, "properties": {}}, {"type": "Feature", "geometry": {"type": "Polygon", "coordinates": [[[120.04376072566805, 23.057502483808445], [120.04376072566805, 23.063100398365147], [120.04376072566805, 23.057502483808445]]]}, "properties": {}}, {"type": "Feature", "geometry": {"type": "Polygon", "coordinates": [[[120.06043147830351, 23.11626421225379], [120.06043147830351, 23.123191958813436], [120.0520961019858, 23.1318300883839], [120.05209610198578, 23.120889008073895], [120.06043147830351, 23.11626421225379]]]}, "properties": {}}, {"type": "Feature", "geometry": {"type": "Polygon", "coordinates": [[[120.08543760725667, 23.115848889248483], [120.08543760725667, 23.122016457033205], [120.08543760725667, 23.115848889248483]]]}, "properties": {}}, {"type": "Feature", "geometry": {"type": "Polygon", "coordinates": [[[120.06876685462123, 23.14787549285836], [120.07269585219703, 23.1607011522432], [120.0668817809286, 23.1607011522432], [120.06876685462123, 23.14787549285836]]]}, "properties": {}}, {"type": "Feature", "geometry": {"type": "Polygon", "coordinates": [[[120.06876685462123, 23.173591379049306], [120.06876685462123, 23.18115243070799], [120.06876685462123, 23.173591379049306]]]}, "properties": {}}, {"type": "Feature", "geometry": {"type": "Polygon", "coordinates": [[[119.4186075018387, 23.19257170875214], [119.43315819268598, 23.194042657514096], [119.44240844358175, 23.20237803383182], [119.44361363079186, 23.210964930260328], [119.44361363079186, 23.224186856910315], [119.42694287815642, 23.222075005937725], [119.41027212552098, 23.219666221750067], [119.40951436403753, 23.21071341014955], [119.41548173571954, 23.20237803383182], [119.4186075018387, 23.19257170875214]]]}, "properties": {}}, {"type": "Feature", "geometry": {"type": "Polygon", "coordinates": [[[120.08543760725668, 23.23325414612048], [120.0854376072567, 23.240366695795274], [120.08543760725668, 23.23325414612048]]]}, "properties": {}}, {"type": "Feature", "geometry": {"type": "Polygon", "coordinates": [[[119.61032115714636, 23.24838931110567], [119.62428451989898, 23.252390291738173], [119.61032115714637, 23.25427754675351], [119.61032115714636, 23.24838931110567]]]}, "properties": {}}, {"type": "Feature", "geometry": {"type": "Polygon", "coordinates": [[[119.66866879137044, 23.248626859660263], [119.67700416768815, 23.252706265073385], [119.67700416768815, 23.26329366812999], [119.66033341505272, 23.26249915237882], [119.66033341505269, 23.257252594590177], [119.66866879137044, 23.248626859660263]]]}, "properties": {}}, {"type": "Feature", "geometry": {"type": "Polygon", "coordinates": [[[120.09377298357441, 23.247260829359405], [120.10936474994827, 23.252390291738173], [120.11103434484684, 23.260725668055898], [120.11044373620985, 23.27422591590515], [120.09794169085067, 23.269061044373622], [120.09377298357441, 23.25609490346561], [120.09377298357441, 23.247260829359405]]]}, "properties": {}}, {"type": "Feature", "geometry": {"type": "Polygon", "coordinates": [[[117.27641578818339, 23.258022302763663], [117.27641578818339, 23.263756713989615], [117.27641578818339, 23.258022302763663]]]}, "properties": {}}, {"type": "Feature", "geometry": {"type": "Polygon", "coordinates": [[[119.51029664133367, 23.25769462212218], [119.5239987202255, 23.260725668055898], [119.51422828964448, 23.269061044373622], [119.50196126501595, 23.27064873510081], [119.50196126501595, 23.266029998439905], [119.51029664133367, 23.25769462212218]]]}, "properties": {}}, {"type": "Feature", "geometry": {"type": "Polygon", "coordinates": [[[117.29308654081882, 23.274454523167442], [117.30685399508693, 23.277396420691346], [117.29308654081882, 23.279897033586664], [117.29308654081882, 23.274454523167442]]]}, "properties": {}}, {"type": "Feature", "geometry": {"type": "Polygon", "coordinates": [[[120.11044373620986, 23.299999620492972], [120.11044373620987, 23.304989390523453], [120.11044373620986, 23.299999620492972]]]}, "properties": {}}, {"type": "Feature", "geometry": {"type": "Polygon", "coordinates": [[[117.09303750919344, 23.315410222064507], [117.09303750919342, 23.3225419514877], [117.09303750919344, 23.315410222064507]]]}, "properties": {}}, {"type": "Feature", "geometry": {"type": "Polygon", "coordinates": [[[117.1180436381466, 23.317376721287566], [117.1180436381466, 23.31993300475415], [117.1180436381466, 23.317376721287566]]]}, "properties": {}}, {"type": "Feature", "geometry": {"type": "Polygon", "coordinates": [[[119.33525373866144, 23.317333363148524], [119.33525373866144, 23.320372626549297], [119.33525373866144, 23.317333363148524]]]}, "properties": {}}, {"type": "Feature", "geometry": {"type": "Polygon", "coordinates": [[[120.13544986516303, 23.34730003385421], [120.13544986516301, 23.356009762746307], [120.13544986516303, 23.34730003385421]]]}, "properties": {}}, {"type": "Feature", "geometry": {"type": "Polygon", "coordinates": [[[119.4852905123805, 23.35797172509602], [119.50196126501594, 23.353240910245788], [119.51029664133367, 23.36593817741366], [119.52696739396912, 23.362602489716977], [119.54037193337251, 23.36908556018632], [119.5269673939691, 23.373109534960392], [119.51029664133365, 23.372466775259408], [119.50849828610653, 23.38575631282177], [119.49880392553206, 23.394091689139493], [119.48529051238049, 23.394984765173536], [119.48529051238049, 23.392528806079923], [119.48862466290757, 23.377420936504045], [119.4852905123805, 23.36352864264117], [119.4852905123805, 23.35797172509602]]]}, "properties": {}}, {"type": "Feature", "geometry": {"type": "Polygon", "coordinates": [[[120.13544986516303, 23.364136997717807], [120.13544986516303, 23.371809407122846], [120.13544986516303, 23.364136997717807]]]}, "properties": {}}, {"type": "Feature", "geometry": {"type": "Polygon", "coordinates": [[[116.55123804854131, 23.377402454517057], [116.55123804854131, 23.37742455900562], [116.55123804854131, 23.377402454517057]]]}, "properties": {}}, {"type": "Feature", "geometry": {"type": "Polygon", "coordinates": [[[117.10137288551115, 23.382977854049194], [117.10137288551115, 23.39131323036692], [117.10137288551115, 23.382977854049194]]]}, "properties": {}}, {"type": "Feature", "geometry": {"type": "Polygon", "coordinates": [[[117.1180436381466, 23.3873625964506], [117.12637901446433, 23.39455545073862], [117.14171343426406, 23.40242706545722], [117.14208680770135, 23.419097818092666], [117.13277988018834, 23.427433194410398], [117.13471439078205, 23.43889433684727], [117.14969668097446, 23.444103947045846], [117.14204682309047, 23.45243932336357], [117.13795592601673, 23.46911007599902], [117.13253994478612, 23.477445452316744], [117.12489320759366, 23.485780828634468], [117.11256202839064, 23.485780828634468], [117.10137288551115, 23.482279970581025], [117.08836156638105, 23.477445452316744], [117.07636675655797, 23.477135010000193], [117.06803138024026, 23.484423906908326], [117.05969600392253, 23.487447903898016], [117.04950832175642, 23.485780828634468], [117.04039302718674, 23.477445452316744], [117.03719048786468, 23.460774699681295], [117.03240436851311, 23.45243932336357], [117.01801912233392, 23.445771022309394], [117.00968374601618, 23.442070928384478], [117.00857236250715, 23.45243932336357], [117.00134836969846, 23.46610934052464], [116.99301299338072, 23.471033624380034], [116.97634224074528, 23.469665767753533], [116.96800686442755, 23.4689497803006], [116.95967148810983, 23.47138336044931], [116.9513361117921, 23.468554384244506], [116.9454318869004, 23.45243932336357], [116.94300073547439, 23.44292162419589], [116.93567486070154, 23.427433194410398], [116.94300073547439, 23.412498978507806], [116.95967148810985, 23.41312620520833], [116.97634224074528, 23.411906311191704], [116.99134591811719, 23.419097818092666], [116.99370760807388, 23.41909781809267], [117.00968374601618, 23.41206824487945], [117.02355022798935, 23.410762441774942], [117.0309852632726, 23.40242706545722], [117.04302525128708, 23.39838567087893], [117.05969600392253, 23.39799889678843], [117.06803138024026, 23.402672079455034], [117.08261828879628, 23.40242706545722], [117.08886982103456, 23.40242706545722], [117.09515841009357, 23.40242706545722], [117.10970826182889, 23.396175494632732], [117.1180436381466, 23.3873625964506]]]}, "properties": {}}, {"type": "Feature", "geometry": {"type": "Polygon", "coordinates": [[[119.31024760970826, 23.400813766815077], [119.32691836234372, 23.395898117486315], [119.32691836234372, 23.407187449613225], [119.31858298602599, 23.412772490308264], [119.31024760970826, 23.403709431044565], [119.31024760970826, 23.400813766815077]]]}, "properties": {}}, {"type": "Feature", "geometry": {"type": "Polygon", "coordinates": [[[120.15212061779849, 23.4232338260742], [120.15212061779849, 23.43302140429576], [120.15212061779849, 23.4232338260742]]]}, "properties": {}}, {"type": "Feature", "geometry": {"type": "Polygon", "coordinates": [[[120.03542534935033, 23.442545299418732], [120.03542534935033, 23.448097981569163], [120.03542534935033, 23.442545299418732]]]}, "properties": {}}, {"type": "Feature", "geometry": {"type": "Polygon", "coordinates": [[[120.13544986516303, 23.439949780906765], [120.14661120492718, 23.444103947045846], [120.1604559941162, 23.449061952388675], [120.16045599411622, 23.45534433466115], [120.15208394079933, 23.460774699681295], [120.14378524148074, 23.47434679947644], [120.13128217700417, 23.46911007599902], [120.12294680068644, 23.460774699681295], [120.12711448884531, 23.44827163520471], [120.13544986516303, 23.439949780906765]]]}, "properties": {}}, {"type": "Feature", "geometry": {"type": "Polygon", "coordinates": [[[120.16879137043395, 23.441058159474604], [120.16879137043395, 23.44747034382738], [120.16879137043395, 23.441058159474604]]]}, "properties": {}}, {"type": "Feature", "geometry": {"type": "Polygon", "coordinates": [[[116.86798234861487, 23.449862410861144], [116.86798234861487, 23.45312405596187], [116.86798234861487, 23.449862410861144]]]}, "properties": {}}, {"type": "Feature", "geometry": {"type": "Polygon", "coordinates": [[[116.87631772493258, 23.459334395688238], [116.87631772493256, 23.46140454322794], [116.87631772493258, 23.459334395688238]]]}, "properties": {}}, {"type": "Feature", "geometry": {"type": "Polygon", "coordinates": [[[116.9179946065212, 23.454132645150338], [116.9179946065212, 23.467964477248334], [116.9179946065212, 23.454132645150338]]]}, "properties": {}}, {"type": "Feature", "geometry": {"type": "Polygon", "coordinates": [[[120.04376072566805, 23.455941582327615], [120.0520961019858, 23.464383087787006], [120.06876685462123, 23.464942387840157], [120.07710223093896, 23.456607011522433], [120.08960529541554, 23.460774699681295], [120.09655144234699, 23.46911007599902], [120.09794067173327, 23.485780828634468], [120.09377298357441, 23.498283893111058], [120.0854376072567, 23.50424940756509], [120.07710223093895, 23.495809847126974], [120.06876685462123, 23.48870362300311], [120.06043147830351, 23.48040316653536], [120.0520961019858, 23.47383706421103], [120.04376072566805, 23.465607817034975], [120.04376072566805, 23.455941582327615]]]}, "properties": {}}, {"type": "Feature", "geometry": {"type": "Polygon", "coordinates": [[[119.51029664133367, 23.481464922475183], [119.51029664133367, 23.48936266371674], [119.51029664133367, 23.481464922475183]]]}, "properties": {}}, {"type": "Feature", "geometry": {"type": "Polygon", "coordinates": [[[120.15212061779849, 23.48132340815507], [120.15212061779849, 23.490516837931565], [120.15212061779849, 23.48132340815507]]]}, "properties": {}}, {"type": "Feature", "geometry": {"type": "Polygon", "coordinates": [[[120.16879137043392, 23.48203778883689], [120.16879137043394, 23.490831677459653], [120.16879137043392, 23.48203778883689]]]}, "properties": {}}, {"type": "Feature", "geometry": {"type": "Polygon", "coordinates": [[[119.51863201765138, 23.492292841382692], [119.53530277028682, 23.489201819786494], [119.53530277028682, 23.498193825108977], [119.51863201765138, 23.495505434338483], [119.51863201765138, 23.492292841382692]]]}, "properties": {}}, {"type": "Feature", "geometry": {"type": "Polygon", "coordinates": [[[120.12711448884531, 23.49854437363716], [120.12711448884531, 23.508312392719063], [120.12307569826365, 23.519122333905372], [120.11600065375501, 23.519122333905372], [120.11877911252758, 23.506619269428782], [120.12711448884531, 23.49854437363716]]]}, "properties": {}}, {"type": "Feature", "geometry": {"type": "Polygon", "coordinates": [[[116.90965923020349, 23.503285118901694], [116.90965923020349, 23.513131282177007], [116.90965923020349, 23.503285118901694]]]}, "properties": {}}, {"type": "Feature", "geometry": {"type": "Polygon", "coordinates": [[[119.51029664133365, 23.509980308266574], [119.52088111141566, 23.510786957587648], [119.51029664133367, 23.51217618697393], [119.51029664133365, 23.509980308266574]]]}, "properties": {}}, {"type": "Feature", "geometry": {"type": "Polygon", "coordinates": [[[119.56864427555773, 23.508957240834974], [119.58531502819318, 23.50664864890758], [119.5936504045109, 23.51217618697393], [119.60198578082864, 23.507887696291938], [119.60862582636987, 23.519122333905372], [119.61865653346409, 23.526902018468583], [119.62212960692979, 23.53579308654082], [119.63428536405983, 23.544128462858545], [119.63998258454956, 23.55246383917627], [119.65199803873499, 23.55802075672142], [119.66866879137044, 23.554130914439817], [119.67700416768815, 23.54810526452961], [119.68533954400588, 23.55463451014086], [119.69711946386148, 23.560799215493994], [119.68950723216474, 23.569134591811718], [119.68484661813994, 23.577469968129442], [119.68200539347879, 23.594140720764894], [119.67075263544986, 23.60247609708262], [119.6603334150527, 23.603865326468906], [119.64366266241726, 23.60664378524148], [119.6269919097818, 23.60942224401406], [119.61865653346408, 23.61150608809349], [119.61032115714637, 23.62083542098452], [119.60476423960122, 23.63581760235352], [119.61270269323714, 23.644152978671244], [119.61032115714636, 23.655610862990848], [119.60420469679431, 23.669159107624417], [119.59365040451091, 23.673090888906366], [119.5853150281932, 23.678685251987538], [119.56864427555773, 23.6822575561237], [119.5592669772003, 23.677494483942144], [119.5489727874479, 23.669159107624417], [119.55197352292228, 23.654493657989587], [119.56030889924001, 23.646236822750673], [119.57697965187546, 23.64693143744382], [119.58253656942063, 23.63581760235352], [119.58531502819318, 23.62227261583722], [119.59365040451091, 23.61266377924873], [119.59865163030156, 23.60247609708262], [119.59365040451092, 23.58658072829068], [119.57697965187546, 23.587543667876872], [119.56030889924003, 23.588583803219745], [119.55822505516059, 23.577469968129442], [119.56030889924, 23.56218844488028], [119.5651663446898, 23.55246383917627], [119.57697965187546, 23.546382790468883], [119.59365040451092, 23.55043579075221], [119.59365040451092, 23.53690447004985], [119.58531502819318, 23.532533897370854], [119.56864427555773, 23.53218989787804], [119.5550199549528, 23.53579308654082], [119.54710919321985, 23.544128462858545], [119.53530277028682, 23.546760686958876], [119.53530277028683, 23.541002696739397], [119.54363814660456, 23.533014627768246], [119.55197352292228, 23.525922246164566], [119.56785043019413, 23.519122333905372], [119.56864427555773, 23.508957240834974]]]}, "properties": {}}, {"type": "Feature", "geometry": {"type": "Polygon", "coordinates": [[[120.09377298357441, 23.50776073818438], [120.09377298357441, 23.5126356597101], [120.09377298357441, 23.50776073818438]]]}, "properties": {}}, {"type": "Feature", "geometry": {"type": "Polygon", "coordinates": [[[120.10210835989213, 23.516457281617907], [120.10210835989213, 23.52111097698241], [120.10210835989213, 23.516457281617907]]]}, "properties": {}}, {"type": "Feature", "geometry": {"type": "Polygon", "coordinates": [[[120.13544986516303, 23.514823183333277], [120.1487579501339, 23.519122333905372], [120.15691116981017, 23.519122333905372], [120.16538643805758, 23.519122333905372], [120.1604559941162, 23.53185507042533], [120.15212061779849, 23.539746925934896], [120.13819651806503, 23.544128462858545], [120.14083684922859, 23.560799215493994], [120.13544986516303, 23.573299501713187], [120.13127856795042, 23.560799215493994], [120.1326681974164, 23.544128462858545], [120.12711448884531, 23.53023616899567], [120.12711448884531, 23.523161124487032], [120.13544986516303, 23.514823183333277]]]}, "properties": {}}, {"type": "Feature", "geometry": {"type": "Polygon", "coordinates": [[[116.88465310125031, 23.527402509055197], [116.88465310125031, 23.527497756643463], [116.88465310125031, 23.527402509055197]]]}, "properties": {}}, {"type": "Feature", "geometry": {"type": "Polygon", "coordinates": [[[120.11044373620986, 23.532207212411343], [120.11044373620985, 23.538583866626606], [120.11044373620986, 23.532207212411343]]]}, "properties": {}}, {"type": "Feature", "geometry": {"type": "Polygon", "coordinates": [[[119.46861975974502, 23.56272276387501], [119.48529051238049, 23.56262629033977], [119.50196126501594, 23.561257959373062], [119.51792742120814, 23.569134591811718], [119.51784491886029, 23.58580534444717], [119.51863201765138, 23.594420713246908], [119.52459264285196, 23.610811473400346], [119.52557816458283, 23.627482226035795], [119.53530277028683, 23.62991947051877], [119.53530277028683, 23.641715734188267], [119.52696739396913, 23.650106818898188], [119.51863201765138, 23.65572369218512], [119.50827594404453, 23.652488354988968], [119.50196126501594, 23.63970744463512], [119.49809126886842, 23.627482226035795], [119.49918280624337, 23.610811473400346], [119.4936258886982, 23.596224564844324], [119.4936258886982, 23.589652441209196], [119.495261192334, 23.577469968129442], [119.48529051238049, 23.57517038699843], [119.46861975974504, 23.57166046342315], [119.46861975974502, 23.56272276387501]]]}, "properties": {}}, {"type": "Feature", "geometry": {"type": "Polygon", "coordinates": [[[120.11877911252758, 23.568208438887524], [120.12193723652004, 23.577469968129442], [120.11767616683186, 23.57746996812944], [120.11877911252758, 23.568208438887524]]]}, "properties": {}}, {"type": "Feature", "geometry": {"type": "Polygon", "coordinates": [[[117.2847511645011, 23.587421771630204], [117.29517038489827, 23.594140720764894], [117.29177042876867, 23.60247609708262], [117.27981168223874, 23.60247609708262], [117.2847511645011, 23.587421771630204]]]}, "properties": {}}, {"type": "Feature", "geometry": {"type": "Polygon", "coordinates": [[[120.13544986516303, 23.60665910801211], [120.13544986516303, 23.613579716855003], [120.13544986516303, 23.60665910801211]]]}, "properties": {}}, {"type": "Feature", "geometry": {"type": "Polygon", "coordinates": [[[119.56864427555773, 23.615911791051765], [119.56864427555773, 23.62095746964097], [119.56864427555773, 23.615911791051765]]]}, "properties": {}}, {"type": "Feature", "geometry": {"type": "Polygon", "coordinates": [[[119.6603334150527, 23.62629145799041], [119.6603334150527, 23.628239987519223], [119.6603334150527, 23.62629145799041]]]}, "properties": {}}, {"type": "Feature", "geometry": {"type": "Polygon", "coordinates": [[[119.6853395440059, 23.62566785281411], [119.6853395440059, 23.62998866787267], [119.6853395440059, 23.62566785281411]]]}, "properties": {}}, {"type": "Feature", "geometry": {"type": "Polygon", "coordinates": [[[119.64366266241726, 23.65958984707027], [119.64366266241726, 23.6613412021852], [119.64366266241726, 23.65958984707027]]]}, "properties": {}}, {"type": "Feature", "geometry": {"type": "Polygon", "coordinates": [[[119.6603334150527, 23.653475958811388], [119.6603334150527, 23.66739313807628], [119.6603334150527, 23.653475958811388]]]}, "properties": {}}, {"type": "Feature", "geometry": {"type": "Polygon", "coordinates": [[[119.52696739396912, 23.677031407480047], [119.5269673939691, 23.67798480019613], [119.52696739396912, 23.677031407480047]]]}, "properties": {}}, {"type": "Feature", "geometry": {"type": "Polygon", "coordinates": [[[119.59365040451091, 23.693430507354424], [119.59365040451091, 23.69489996580076], [119.59365040451091, 23.693430507354424]]]}, "properties": {}}, {"type": "Feature", "geometry": {"type": "Polygon", "coordinates": [[[120.1604559941162, 23.715857300297273], [120.1621197335645, 23.727506741848494], [120.1604559941162, 23.73999411868078], [120.15629352208272, 23.727506741848494], [120.1604559941162, 23.715857300297273]]]}, "properties": {}}, {"type": "Feature", "geometry": {"type": "Polygon", "coordinates": [[[119.59365040451091, 23.731674430007356], [119.60916507167153, 23.735842118166218], [119.6186565334641, 23.736358240551024], [119.61865653346409, 23.75113512262102], [119.61032115714636, 23.75964371298271], [119.59503963389719, 23.752512870801667], [119.58888733232936, 23.744177494483942], [119.59365040451091, 23.731674430007356]]]}, "properties": {}}, {"type": "Feature", "geometry": {"type": "Polygon", "coordinates": [[[117.70151998038735, 23.769824806230787], [117.7181907330228, 23.76973002633815], [117.7181907330228, 23.785571916694284], [117.70985535670508, 23.787938220152], [117.70151998038735, 23.784663608027177], [117.69318460406963, 23.79218846153938], [117.68108486425356, 23.785854376072564], [117.69318460406963, 23.77848868058389], [117.70151998038735, 23.769824806230787]]]}, "properties": {}}, {"type": "Feature", "geometry": {"type": "Polygon", "coordinates": [[[117.66817847511645, 23.789993484582446], [117.66817847511643, 23.797864636757062], [117.66817847511645, 23.789993484582446]]]}, "properties": {}}, {"type": "Feature", "geometry": {"type": "Polygon", "coordinates": [[[117.65984309879873, 23.799905439008164], [117.65984309879873, 23.805390414317237], [117.65984309879873, 23.799905439008164]]]}, "properties": {}}, {"type": "Feature", "geometry": {"type": "Polygon", "coordinates": [[[117.43478793822015, 23.92751736160146], [117.43478793822015, 23.927733121906183], [117.43478793822015, 23.92751736160146]]]}, "properties": {}}, {"type": "Feature", "geometry": {"type": "Polygon", "coordinates": [[[117.73486148565826, 23.968999710155238], [117.73486148565826, 23.969396093816748], [117.73486148565826, 23.968999710155238]]]}, "properties": {}}, {"type": "Feature", "geometry": {"type": "Polygon", "coordinates": [[[117.72652610934053, 23.97731699147134], [117.72675431128303, 23.98590340769797], [117.72630584209699, 23.98590340769797], [117.72652610934053, 23.97731699147134]]]}, "properties": {}}, {"type": "Feature", "geometry": {"type": "Polygon", "coordinates": [[[117.70985535670508, 23.985768913236697], [117.71004229153242, 23.994238784015693], [117.71833357717489, 24.002574160333417], [117.70985535670508, 24.0027184789706], [117.70151998038735, 23.994360810916834], [117.70151998038735, 23.994091954898856], [117.70985535670508, 23.985768913236697]]]}, "properties": {}}, {"type": "Feature", "geometry": {"type": "Polygon", "coordinates": [[[117.73486148565826, 23.99414718647014], [117.7349568957925, 24.002574160333417], [117.73476849464507, 24.00257416033342], [117.73486148565826, 23.99414718647014]]]}, "properties": {}}, {"type": "Feature", "geometry": {"type": "Polygon", "coordinates": [[[120.34383427310615, 24.034195667366603], [120.34800196126503, 24.04425104192204], [120.3410558143336, 24.04425104192204], [120.34383427310615, 24.034195667366603]]]}, "properties": {}}, {"type": "Feature", "geometry": {"type": "Polygon", "coordinates": [[[123.7696739396911, 24.043919521273036], [123.78634469232654, 24.043948722573727], [123.7980899953197, 24.04425104192204], [123.81135082127973, 24.052236192344065], [123.81135082127972, 24.053473160401225], [123.803015444962, 24.063672329127787], [123.79468006864428, 24.0701724989546], [123.77800931600882, 24.07047364298313], [123.7696739396911, 24.0655116357283], [123.75790111122886, 24.060921794557487], [123.76133856337339, 24.050923984982248], [123.7696739396911, 24.043919521273036]]]}, "properties": {}}, {"type": "Feature", "geometry": {"type": "Polygon", "coordinates": [[[118.03493503309635, 24.133307957316678], [118.03493503309635, 24.139274331944105], [118.03493503309635, 24.133307957316678]]]}, "properties": {}}, {"type": "Feature", "geometry": {"type": "Polygon", "coordinates": [[[123.56128953174799, 24.19328768331393], [123.56128953174799, 24.19546764832595], [123.56128953174799, 24.19328768331393]]]}, "properties": {}}, {"type": "Feature", "geometry": {"type": "Polygon", "coordinates": [[[123.92804608972787, 24.206658805445493], [123.9372414651895, 24.21095856827654], [123.94598297547488, 24.219293944594263], [123.95305221868105, 24.229415472980072], [123.95402648344546, 24.24430007354744], [123.94471684236333, 24.2487985306078], [123.93049767099778, 24.252635449865164], [123.92634499252017, 24.252635449865164], [123.91899915689524, 24.24430007354744], [123.91751719332655, 24.227629320911987], [123.92586985855931, 24.219293944594263], [123.92804608972787, 24.206658805445493]]]}, "properties": {}}, {"type": "Feature", "geometry": {"type": "Polygon", "coordinates": [[[124.0030644765874, 24.219118092773215], [124.01973522922285, 24.218263729543757], [124.03640598185831, 24.21830079337343], [124.04498732010015, 24.219293944594263], [124.04474135817603, 24.230912954006847], [124.03913392319865, 24.24430007354744], [124.03102271798643, 24.25263544986516], [124.0282958859816, 24.26930620250062], [124.0278324519315, 24.269306202500616], [124.0236424368718, 24.252635449865164], [124.01139985290513, 24.2462085757184], [124.00306447658741, 24.2537738764185], [123.9954435610969, 24.269306202500616], [123.99421877110737, 24.269306202500616], [123.98639372395195, 24.25275985846692], [123.98639372395193, 24.252535023644466], [123.99414301912233, 24.235964697229715], [124.00264463653656, 24.227629320911987], [124.0030644765874, 24.219118092773215]]]}, "properties": {}}, {"type": "Feature", "geometry": {"type": "Polygon", "coordinates": [[[123.86136307918608, 24.244142802296164], [123.87803383182154, 24.243794899225154], [123.87974365260465, 24.252635449865167], [123.88467502598712, 24.269306202500616], [123.89470458445697, 24.272640353027704], [123.90321182420394, 24.269306202500616], [123.90877053199313, 24.252635449865167], [123.91420088838657, 24.252635449865164], [123.92439936258887, 24.26097082618289], [123.92839339707444, 24.26930620250062], [123.93138024025495, 24.285976955136064], [123.924123559696, 24.285976955136064], [123.91137533709242, 24.285471780813776], [123.90950502077476, 24.29431233145379], [123.91137533709242, 24.31051348542345], [123.91971071341015, 24.31190923701343], [123.92804608972787, 24.30567875370523], [123.93638146604559, 24.298101138870933], [123.94290480403339, 24.310983084089237], [123.94471684236333, 24.32527230063391], [123.94471684236333, 24.329320911988237], [123.93869852007083, 24.344324589360138], [123.9447168423633, 24.356133039143586], [123.94471684236333, 24.363912723706793], [123.92804608972787, 24.36915067528814], [123.91971071341015, 24.376422008578054], [123.91137533709242, 24.384411357135548], [123.9027237477199, 24.386001470948763], [123.89500227646832, 24.40267222358421], [123.88636920813926, 24.406839911743074], [123.8696984555038, 24.407198012939354], [123.86136307918608, 24.401397701204036], [123.85302770286835, 24.409174977834198], [123.84469232655064, 24.413201119985548], [123.83109250203222, 24.41934297621966], [123.82885511154696, 24.436013728855112], [123.82100230964761, 24.44434910517284], [123.81135082127975, 24.444727985914554], [123.80996159189344, 24.436013728855112], [123.81968619759746, 24.433790961837055], [123.82458936013728, 24.419342976219664], [123.81968619759745, 24.409084051520924], [123.81135082127975, 24.416044014583136], [123.80274242248804, 24.419342976219664], [123.79468006864428, 24.433662725278317], [123.78634469232657, 24.438207248938724], [123.77800931600882, 24.445518982550766], [123.7696739396911, 24.43805118967204], [123.76599656778622, 24.427678352537388], [123.76095968263166, 24.419342976219664], [123.74504669147964, 24.419342976219664], [123.74445408314003, 24.419342976219664], [123.74411211898341, 24.40267222358421], [123.74115817860414, 24.386001470948763], [123.74642262680482, 24.37766609463104], [123.73804177708497, 24.369330718313314], [123.7363324344202, 24.360420400357565], [123.72799705810246, 24.36505849711731], [123.72799705810246, 24.375225432311655], [123.72799705810249, 24.38115740799109], [123.71433300895795, 24.37766609463104], [123.71966168178476, 24.363269143230713], [123.72329505094889, 24.352659965677866], [123.7363324344202, 24.346427927752345], [123.74466781073792, 24.340156901201276], [123.74565362358157, 24.32765383672469], [123.7433058211888, 24.32765383672469], [123.73524727559655, 24.335989213042414], [123.71966168178474, 24.342209011621968], [123.71132630546703, 24.334975670207236], [123.70922935548353, 24.344324589360134], [123.69792154350986, 24.344324589360138], [123.69465555283158, 24.33415412526356], [123.68026182397304, 24.32765383672469], [123.67798480019613, 24.317196059369962], [123.66568822244565, 24.310983084089237], [123.66964942387838, 24.296979755912893], [123.67541524809818, 24.285976955136064], [123.68632017651385, 24.279537898013373], [123.69465555283158, 24.277244656136542], [123.71132630546703, 24.274120600891024], [123.72479114413412, 24.27764157881834], [123.72799705810247, 24.287713491868924], [123.73788320210721, 24.285976955136064], [123.74976165182099, 24.27764157881834], [123.76133856337336, 24.27173103924759], [123.77800931600882, 24.2705401590615], [123.78773392171283, 24.269306202500616], [123.803015444962, 24.26560159080385], [123.81968619759743, 24.266980050970083], [123.83635695023288, 24.26668679595029], [123.84513103056734, 24.26097082618289], [123.85446034567295, 24.252635449865167], [123.86136307918608, 24.244142802296164]]]}, "properties": {}}, {"type": "Feature", "geometry": {"type": "Polygon", "coordinates": [[[123.69806762002312, 24.32765383672469], [123.70547491016185, 24.32765383672469], [123.69806762002312, 24.32765383672469]]]}, "properties": {}}, {"type": "Feature", "geometry": {"type": "Polygon", "coordinates": [[[123.81913236371088, 24.394336847266487], [123.81979022546612, 24.394336847266487], [123.81913236371088, 24.394336847266487]]]}, "properties": {}}, {"type": "Feature", "geometry": {"type": "Polygon", "coordinates": [[[124.12809512135328, 24.24936460599365], [124.13701203555362, 24.252635449865164], [124.14497425839666, 24.260970826182888], [124.13776415788183, 24.269306202500612], [124.15272236956473, 24.269306202500616], [124.15349817298824, 24.269306202500612], [124.15310125030645, 24.277793131115025], [124.15310125030643, 24.293605943630254], [124.15496952430871, 24.302647707771513], [124.1622120104677, 24.310983084089237], [124.1697720029419, 24.326517194499544], [124.17810737925963, 24.317984800196125], [124.18644275557735, 24.32642804608973], [124.19477813189509, 24.333210754269842], [124.2031135082128, 24.342339975951155], [124.21144888453053, 24.347450355479285], [124.22669652413612, 24.344324589360138], [124.23645501348368, 24.342747626273], [124.2457710223094, 24.344324589360138], [124.25312576611915, 24.358722057545304], [124.25655797989702, 24.369330718313314], [124.25729345427801, 24.386001470948763], [124.25804407098991, 24.40267222358421], [124.26020807925883, 24.419342976219664], [124.25072968237052, 24.427678352537388], [124.25918785798657, 24.436013728855116], [124.25312576611915, 24.452160463713668], [124.25312576611915, 24.454768325569994], [124.26146114243687, 24.46518754596715], [124.26979651875459, 24.474713690330262], [124.27813189507232, 24.483681662172103], [124.28551411231356, 24.494361363079186], [124.29035711367166, 24.50269673939691], [124.29740745280705, 24.511032115714634], [124.30567487768741, 24.519367492032362], [124.31098765579824, 24.536038244667814], [124.31147340034323, 24.55107816280632], [124.3233810807971, 24.552708997303263], [124.32965967594552, 24.561044373620984], [124.33814660455994, 24.56937974993871], [124.34481490561413, 24.584613368726277], [124.35495252546, 24.58605050257416], [124.3625079213829, 24.594385878891885], [124.3626397872782, 24.61105663152734], [124.35315028193186, 24.61294388654267], [124.34481490561413, 24.6041104845959], [124.33269072187926, 24.611056631527337], [124.31980877666095, 24.61858535852399], [124.31147340034322, 24.605847021328756], [124.30313802402549, 24.594524801830513], [124.29890813156575, 24.58605050257416], [124.28646727139005, 24.57802007904855], [124.28466944512545, 24.56937974993871], [124.28430007354743, 24.552708997303263], [124.28057151740921, 24.536038244667814], [124.27906887533351, 24.519367492032362], [124.2697965187546, 24.51812201184182], [124.26146114243687, 24.522309389556263], [124.25312576611915, 24.51449190641839], [124.24479038980142, 24.50676166989208], [124.23485205649952, 24.50269673939691], [124.22541063986272, 24.494361363079186], [124.21978426084824, 24.47954291629212], [124.21439078205444, 24.469355234126013], [124.21144888453054, 24.45763149350403], [124.19477813189508, 24.459960949097912], [124.17858642388609, 24.452684481490564], [124.1697720029419, 24.452611370569052], [124.16143662662418, 24.457606517803505], [124.14913202348848, 24.46101985780829], [124.14393648332607, 24.469355234126013], [124.12978385975927, 24.477690610443737], [124.11975974503554, 24.48026420593044], [124.1114243687178, 24.46954908008689], [124.10814975659301, 24.46101985780829], [124.09475361608237, 24.456733937332245], [124.07808286344692, 24.454038198128814], [124.07555248135046, 24.44434910517284], [124.07185351977259, 24.427678352537388], [124.08141701397402, 24.419342976219664], [124.08999054390083, 24.41934297621966], [124.1030889924001, 24.42111108634767], [124.11975974503557, 24.422976345383802], [124.13397990546305, 24.419342976219664], [124.13578931487734, 24.40267222358421], [124.14167287273455, 24.394336847266487], [124.13272588597422, 24.386001470948763], [124.11975974503555, 24.381098308408923], [124.11142436871782, 24.373498406472176], [124.10881956361854, 24.36099534199559], [124.11975974503557, 24.3566553528689], [124.12670589196698, 24.344324589360138], [124.13365160569893, 24.335989213042417], [124.14476587398872, 24.33043222877965], [124.1567132467108, 24.32765383672469], [124.15310125030645, 24.31328249824585], [124.14476587398872, 24.30569332604145], [124.12866997489242, 24.310983084089237], [124.11975974503555, 24.31306692816867], [124.11864836152652, 24.302647707771513], [124.12809512135325, 24.30197186644845], [124.12809512135327, 24.28704559312552], [124.11975974503555, 24.27779593763904], [124.11889746472683, 24.269306202500616], [124.11975974503555, 24.256803138024026], [124.12809512135328, 24.24936460599365]]]}, "properties": {}}, {"type": "Feature", "geometry": {"type": "Polygon", "coordinates": [[[124.09475361608237, 24.27672811292051], [124.10335787550713, 24.27764157881834], [124.11157872753851, 24.285976955136064], [124.1030889924001, 24.28712666221437], [124.09308654081883, 24.285976955136064], [124.09475361608237, 24.27672811292051]]]}, "properties": {}}, {"type": "Feature", "geometry": {"type": "Polygon", "coordinates": [[[120.51054179946064, 24.29022969820187], [120.51054179946067, 24.29899184091962], [120.51054179946064, 24.29022969820187]]]}, "properties": {}}, {"type": "Feature", "geometry": {"type": "Polygon", "coordinates": [[[124.08641823976467, 24.30806570237803], [124.1030889924001, 24.309593854702953], [124.10679360409686, 24.31931846040696], [124.10586745117268, 24.335989213042417], [124.09981438027528, 24.344324589360138], [124.08641823976465, 24.346956813460473], [124.07977018662291, 24.335989213042417], [124.0801693156513, 24.31931846040696], [124.08641823976467, 24.30806570237803]]]}, "properties": {}}, {"type": "Feature", "geometry": {"type": "Polygon", "coordinates": [[[118.14329492522677, 24.321399702873766], [118.14698607547574, 24.335989213042417], [118.1364560257602, 24.335989213042414], [118.14329492522677, 24.321399702873766]]]}, "properties": {}}, {"type": "Feature", "geometry": {"type": "Polygon", "coordinates": [[[123.97805834763423, 24.323486148565827], [123.99472910026968, 24.321132470475693], [124.00775312576611, 24.32765383672469], [124.0030644765874, 24.338489825937728], [123.99445776639911, 24.344324589360138], [123.98430814184765, 24.352659965677866], [123.97805834763423, 24.36362756609592], [123.96972297131651, 24.371604002763604], [123.96138759499877, 24.378053786552794], [123.95263544986516, 24.37766609463104], [123.95675683037783, 24.369330718313314], [123.95499713982186, 24.352659965677866], [123.95808700971322, 24.335989213042414], [123.9697229713165, 24.328691866147473], [123.97805834763423, 24.323486148565827]]]}, "properties": {}}, {"type": "Feature", "geometry": {"type": "Polygon", "coordinates": [[[124.06141211081147, 24.34099043883305], [124.06141211081146, 24.34525074228433], [124.06141211081147, 24.34099043883305]]]}, "properties": {}}, {"type": "Feature", "geometry": {"type": "Polygon", "coordinates": [[[124.00306447658741, 24.35778942802724], [124.00306447658738, 24.362277707582933], [124.00306447658741, 24.35778942802724]]]}, "properties": {}}, {"type": "Feature", "geometry": {"type": "Polygon", "coordinates": [[[118.16830105417995, 24.379135027219792], [118.16830105417995, 24.393613133233675], [118.15996567786222, 24.401255445709218], [118.15996567786222, 24.387418248823757], [118.16830105417995, 24.379135027219792]]]}, "properties": {}}, {"type": "Feature", "geometry": {"type": "Polygon", "coordinates": [[[118.31000245158127, 24.38631577623435], [118.32667320421672, 24.38745425980116], [118.33500858053446, 24.397115306039062], [118.34214000266815, 24.411007599901936], [118.3516793331699, 24.41767590095612], [118.36001470948761, 24.421426820299093], [118.36835008580535, 24.428297792850152], [118.3850208384408, 24.429288073093502], [118.40169159107624, 24.428233924125472], [118.41002696739397, 24.422121434992235], [118.42669772002942, 24.42013305926867], [118.42723583342135, 24.411007599901936], [118.44235751130242, 24.411007599901936], [118.45170384898259, 24.41315352241308], [118.46003922530032, 24.420629299721696], [118.46189153114871, 24.436013728855112], [118.47277819661845, 24.44434910517284], [118.46732744379419, 24.452684481490564], [118.46642434986549, 24.469355234126013], [118.4600392253003, 24.48349243769934], [118.45734293910354, 24.494361363079186], [118.45170384898259, 24.50640135109368], [118.44336847266487, 24.513532728609952], [118.43121609522964, 24.519367492032362], [118.42537296215271, 24.527702868350087], [118.41002696739397, 24.53103701887718], [118.40169159107626, 24.524924409577515], [118.39335621475853, 24.51619211057799], [118.3850208384408, 24.506030889924], [118.38001961265016, 24.494361363079186], [118.38365234382145, 24.477690610443737], [118.37668546212305, 24.465101153515562], [118.36001470948761, 24.467163156204432], [118.3516793331699, 24.474118306307567], [118.34126011277274, 24.477690610443737], [118.33084089237559, 24.48602598676146], [118.318337827899, 24.491880596240506], [118.30166707526355, 24.490471520797584], [118.2849963226281, 24.48936013728855], [118.27911252758028, 24.477690610443737], [118.28670789891426, 24.469355234126013], [118.29690400308199, 24.46101985780829], [118.29974352688254, 24.444349105172837], [118.29690400308199, 24.427678352537388], [118.29194246955954, 24.419342976219664], [118.27771605722393, 24.411007599901936], [118.28640511862545, 24.40267222358421], [118.30166707526355, 24.394971923557364], [118.31000245158127, 24.38631577623435]]]}, "properties": {}}, {"type": "Feature", "geometry": {"type": "Polygon", "coordinates": [[[123.92804608972789, 24.390516466454198], [123.92804608972787, 24.395592862876008], [123.92804608972789, 24.390516466454198]]]}, "properties": {}}, {"type": "Feature", "geometry": {"type": "Polygon", "coordinates": [[[117.90156901201274, 24.40880869687515], [117.90156901201274, 24.41181667709385], [117.90156901201274, 24.40880869687515]]]}, "properties": {}}, {"type": "Feature", "geometry": {"type": "Polygon", "coordinates": [[[118.20997793576856, 24.407435295765765], [118.22664868840403, 24.403981787860324], [118.23498406472174, 24.41193426765333], [118.25088775819583, 24.419342976219664], [118.25999019367492, 24.4203737317315], [118.26794127418295, 24.436013728855112], [118.25999019367492, 24.451062812904137], [118.25165481735719, 24.459352782544745], [118.23617483276713, 24.452684481490564], [118.22664868840403, 24.450302945399788], [118.22248100024515, 24.436013728855112], [118.21570850698701, 24.427678352537388], [118.20997793576858, 24.414341750429024], [118.20997793576856, 24.407435295765765]]]}, "properties": {}}, {"type": "Feature", "geometry": {"type": "Polygon", "coordinates": [[[117.99325815150772, 24.41725913214023], [117.99325815150772, 24.421724512310444], [117.99325815150772, 24.41725913214023]]]}, "properties": {}}, {"type": "Feature", "geometry": {"type": "Polygon", "coordinates": [[[124.2781318950723, 24.417766013132525], [124.2781318950723, 24.421503999709444], [124.2781318950723, 24.417766013132525]]]}, "properties": {}}, {"type": "Feature", "geometry": {"type": "Polygon", "coordinates": [[[117.94324589360137, 24.43184604069625], [117.94324589360137, 24.436504045109096], [117.94324589360137, 24.43184604069625]]]}, "properties": {}}, {"type": "Feature", "geometry": {"type": "Polygon", "coordinates": [[[118.00159352782543, 24.43089354112358], [118.00159352782543, 24.441133916586644], [118.00159352782543, 24.43089354112358]]]}, "properties": {}}, {"type": "Feature", "geometry": {"type": "Polygon", "coordinates": [[[122.96947781318953, 24.43543706760043], [122.9780910353845, 24.436013728855112], [122.99448394214268, 24.439548877897423], [123.008907767249, 24.436013728855112], [123.01291249522609, 24.436013728855112], [123.02765365482828, 24.44434910517284], [123.03616082373131, 24.451265694032227], [123.04042439624226, 24.46101985780829], [123.02782544741359, 24.46582502095749], [123.01949007109587, 24.471168850479636], [123.00281931846041, 24.469610767380985], [122.98614856582496, 24.46989303083419], [122.96947781318951, 24.470253110648354], [122.95755312509579, 24.469355234126013], [122.95089689798789, 24.46101985780829], [122.94369972264032, 24.452684481490564], [122.93564235969238, 24.44434910517284], [122.94447168423635, 24.44328591941803], [122.96114243687178, 24.443458215583586], [122.96947781318953, 24.43543706760043]]]}, "properties": {}}, {"type": "Feature", "geometry": {"type": "Polygon", "coordinates": [[[123.81968619759743, 24.467059985574757], [123.82086455042727, 24.477690610443737], [123.8184100074358, 24.477690610443737], [123.81968619759743, 24.467059985574757]]]}, "properties": {}}, {"type": "Feature", "geometry": {"type": "Polygon", "coordinates": [[[118.3516793331699, 24.5151998038735], [118.3516793331699, 24.521451336111795], [118.3516793331699, 24.5151998038735]]]}, "properties": {}}, {"type": "Feature", "geometry": {"type": "Polygon", "coordinates": [[[118.37668546212305, 24.539164010786962], [118.3847121207994, 24.552708997303263], [118.38888319439974, 24.561044373620987], [118.37668546212306, 24.562430472720134], [118.36835008580535, 24.55358640533671], [118.36835008580536, 24.547152079758114], [118.37668546212305, 24.539164010786962]]]}, "properties": {}}, {"type": "Feature", "geometry": {"type": "Polygon", "coordinates": [[[118.40169159107626, 24.543778236962847], [118.40493312631092, 24.552708997303263], [118.39915473741434, 24.552708997303263], [118.40169159107626, 24.543778236962847]]]}, "properties": {}}, {"type": "Feature", "geometry": {"type": "Polygon", "coordinates": [[[118.45170384898259, 24.56243360300728], [118.45170384898259, 24.57533359016566], [118.45170384898259, 24.56243360300728]]]}, "properties": {}}, {"type": "Feature", "geometry": {"type": "Polygon", "coordinates": [[[118.16830105417995, 24.58443720393202], [118.16830105417996, 24.58691278288289], [118.16830105417995, 24.58443720393202]]]}, "properties": {}}, {"type": "Feature", "geometry": {"type": "Polygon", "coordinates": [[[118.46837460161804, 24.590218190733022], [118.46837460161804, 24.59521941652366], [118.46837460161804, 24.590218190733022]]]}, "properties": {}}, {"type": "Feature", "geometry": {"type": "Polygon", "coordinates": [[[121.87754351556754, 24.597251164501102], [121.87754351556754, 24.607869575876443], [121.87754351556754, 24.597251164501102]]]}, "properties": {}}, {"type": "Feature", "geometry": {"type": "Polygon", "coordinates": [[[118.16830105417995, 24.634973787170367], [118.16874016364802, 24.644398136798237], [118.16782331014326, 24.644398136798237], [118.16830105417995, 24.634973787170367]]]}, "properties": {}}, {"type": "Feature", "geometry": {"type": "Polygon", "coordinates": [[[124.68656533464086, 24.63519449211408], [124.70323608727631, 24.633366021083603], [124.7150036773719, 24.636062760480513], [124.72824221622948, 24.642545830949853], [124.73240990438833, 24.65273351311596], [124.72824221622949, 24.666333014275665], [124.71990683991174, 24.67292908921098], [124.71157146359403, 24.67811761855634], [124.7032360872763, 24.687075263544983], [124.69420609626542, 24.68607501838686], [124.68452080837423, 24.677739642069135], [124.67710208198274, 24.66940426575141], [124.67326468021241, 24.65273351311596], [124.67822995832312, 24.642511392070666], [124.68656533464086, 24.63519449211408]]]}, "properties": {}}, {"type": "Feature", "geometry": {"type": "Polygon", "coordinates": [[[124.66155920568767, 24.65214513361118], [124.66155920568767, 24.653896588881224], [124.66155920568767, 24.65214513361118]]]}, "properties": {}}, {"type": "Feature", "geometry": {"type": "Polygon", "coordinates": [[[125.25337092424614, 24.68486260001337], [125.25467843425677, 24.694410394704583], [125.25188907956743, 24.694410394704583], [125.25337092424614, 24.68486260001337]]]}, "properties": {}}, {"type": "Feature", "geometry": {"type": "Polygon", "coordinates": [[[125.24503554792841, 24.709344610607175], [125.25575246033692, 24.711081147340035], [125.25956475373575, 24.727751899975488], [125.24503554792841, 24.73395164314664], [125.23670017161069, 24.720805753044047], [125.23670017161069, 24.718775340864088], [125.24503554792841, 24.709344610607175]]]}, "properties": {}}, {"type": "Feature", "geometry": {"type": "Polygon", "coordinates": [[[125.31171855847022, 24.70948501144941], [125.32177004167688, 24.71108114734004], [125.33672468742338, 24.71709037212723], [125.34506006374112, 24.71050629380088], [125.35339544005886, 24.718568858269517], [125.3655605838739, 24.719416523657763], [125.37624054552222, 24.71941652365776], [125.37997853209914, 24.719416523657756], [125.39507232164746, 24.72449907019296], [125.41174307428291, 24.726134588152643], [125.42841382691836, 24.724937357322744], [125.44508457955382, 24.724268611536772], [125.45897687341669, 24.727751899975488], [125.45425349350332, 24.744422652610936], [125.44508457955382, 24.752608246788693], [125.43674920323609, 24.76096980833037], [125.42841382691836, 24.766650322791534], [125.42007845060063, 24.77135232994512], [125.4053312463462, 24.777764157881833], [125.39507232164746, 24.782667320421673], [125.38673694532974, 24.793215396763983], [125.37244772878506, 24.794434910517285], [125.36673204216719, 24.794434910517285], [125.35339544005885, 24.794289288992594], [125.34506006374112, 24.8023026640602], [125.34320775789274, 24.81110566315273], [125.34089237558226, 24.827776415788186], [125.33351877345503, 24.83611179210591], [125.3242216229468, 24.844447168423635], [125.31338563373376, 24.85278254474136], [125.3111873043886, 24.861117921059083], [125.30338318215249, 24.877432156302877], [125.29504780583477, 24.884479991622612], [125.28671242951704, 24.888902508784838], [125.2783770531993, 24.901952420037087], [125.27587644030399, 24.911130178965436], [125.26170630056387, 24.912320947010826], [125.25876440303998, 24.902794802647705], [125.26473734649758, 24.894459426329984], [125.27139482242123, 24.88612405001226], [125.2783770531993, 24.874495872217658], [125.28357223232413, 24.861117921059083], [125.28595466803361, 24.844447168423635], [125.27313687785568, 24.83611179210591], [125.28126726688642, 24.827776415788186], [125.27794667022026, 24.819441039470462], [125.27004167688159, 24.806842043516475], [125.2589688936165, 24.80277028683501], [125.25684606625666, 24.786099534199558], [125.25813399642769, 24.76942878156411], [125.25641303246894, 24.75275802892866], [125.26170630056387, 24.74043616828507], [125.27004167688159, 24.730992714995388], [125.2783770531993, 24.723829369943616], [125.2905012369342, 24.71941652365776], [125.30338318215249, 24.716405376300088], [125.31171855847022, 24.70948501144941]]]}, "properties": {}}, {"type": "Feature", "geometry": {"type": "Polygon", "coordinates": [[[125.27429608564, 24.75275802892866], [125.28170454874166, 24.75275802892866], [125.27429608564, 24.75275802892866]]]}, "properties": {}}, {"type": "Feature", "geometry": {"type": "Polygon", "coordinates": [[[125.47009070850697, 24.717914190309234], [125.470090708507, 24.723345533541394], [125.47009070850697, 24.717914190309234]]]}, "properties": {}}, {"type": "Feature", "geometry": {"type": "Polygon", "coordinates": [[[124.70323608727631, 24.74188579894902], [124.70456476492092, 24.75275802892866], [124.69595138864568, 24.761093405246385], [124.68676863650225, 24.76942878156411], [124.68643509438587, 24.76942878156411], [124.68593386673798, 24.75275802892866], [124.69490071095856, 24.75056898791593], [124.70323608727631, 24.74188579894902]]]}, "properties": {}}, {"type": "Feature", "geometry": {"type": "Polygon", "coordinates": [[[124.67822995832313, 24.777266523474808], [124.67822995832312, 24.778197164443792], [124.67822995832313, 24.777266523474808]]]}, "properties": {}}, {"type": "Feature", "geometry": {"type": "Polygon", "coordinates": [[[125.15334640843345, 24.801612595679774], [125.1700171610689, 24.79943613630792], [125.17835253738662, 24.806243360300726], [125.1922448312495, 24.802770286835013], [125.2033586663398, 24.798602598676148], [125.21690365285609, 24.80277028683501], [125.22568706999115, 24.811105663152734], [125.22617063367588, 24.827776415788186], [125.21869831446232, 24.83611179210591], [125.21169404265751, 24.850477124189766], [125.2033586663398, 24.856116695268447], [125.19502329002206, 24.861496801800797], [125.17835253738662, 24.86563876151252], [125.16168178475118, 24.862551881856195], [125.15892884566733, 24.85278254474136], [125.16023198778092, 24.83611179210591], [125.14671934241737, 24.83611179210591], [125.14419919027881, 24.83611179210591], [125.14329998255923, 24.819441039470462], [125.14501103211572, 24.809474828655787], [125.15334640843345, 24.801612595679774]]]}, "properties": {}}, {"type": "Feature", "geometry": {"type": "Polygon", "coordinates": [[[118.76011277273841, 24.813884121925312], [118.77469968129445, 24.819441039470462], [118.78273736560081, 24.827776415788186], [118.77678352537387, 24.8373025601513], [118.76844814905614, 24.83156522320533], [118.75594508457955, 24.827776415788186], [118.76011277273841, 24.813884121925312]]]}, "properties": {}}, {"type": "Feature", "geometry": {"type": "Polygon", "coordinates": [[[118.69342976219663, 24.826585647742796], [118.69342976219662, 24.82885194821628], [118.69342976219663, 24.826585647742796]]]}, "properties": {}}, {"type": "Feature", "geometry": {"type": "Polygon", "coordinates": [[[125.39507232164746, 24.826109340524646], [125.39507232164745, 24.82823949225028], [125.39507232164746, 24.826109340524646]]]}, "properties": {}}, {"type": "Feature", "geometry": {"type": "Polygon", "coordinates": [[[121.93589114979162, 24.843613630791864], [121.95256190242706, 24.83666580129896], [121.95256190242706, 24.85140625253541], [121.94422652610936, 24.85314893490917], [121.93589114979162, 24.84456293753916], [121.93589114979162, 24.843613630791864]]]}, "properties": {}}, {"type": "Feature", "geometry": {"type": "Polygon", "coordinates": [[[125.37840156901201, 24.84352101549944], [125.37885212989404, 24.85278254474136], [125.37780618498931, 24.852782544741363], [125.37840156901201, 24.84352101549944]]]}, "properties": {}}, {"type": "Feature", "geometry": {"type": "Polygon", "coordinates": [[[125.36173081637656, 24.852261583721504], [125.36173081637656, 24.853144952407348], [125.36173081637656, 24.852261583721504]]]}, "properties": {}}, {"type": "Feature", "geometry": {"type": "Polygon", "coordinates": [[[118.8851434175043, 24.87362098553567], [118.8851434175043, 24.881956361853398], [118.8851434175043, 24.87362098553567]]]}, "properties": {}}, {"type": "Feature", "geometry": {"type": "Polygon", "coordinates": [[[125.31171855847022, 24.908593325303517], [125.31171855847022, 24.913214023044866], [125.31171855847022, 24.908593325303517]]]}, "properties": {}}, {"type": "Feature", "geometry": {"type": "Polygon", "coordinates": [[[125.25337092424613, 24.915760943586392], [125.25798515035865, 24.927800931600885], [125.24700804157243, 24.93613630791861], [125.23670017161069, 24.93787543452898], [125.23556352938556, 24.927800931600885], [125.24503554792841, 24.925724450965006], [125.25337092424613, 24.915760943586392]]]}, "properties": {}}, {"type": "Feature", "geometry": {"type": "Polygon", "coordinates": [[[119.03518019122333, 24.96611713098578], [119.03518019122332, 24.972133949855046], [119.03518019122333, 24.96611713098578]]]}, "properties": {}}, {"type": "Feature", "geometry": {"type": "Polygon", "coordinates": [[[125.37006619269428, 24.9692745113281], [125.37840156901201, 24.977269578008254], [125.37840156901201, 24.97834523480411], [125.36173081637658, 24.977917381711205], [125.36173081637656, 24.97770632570829], [125.37006619269428, 24.9692745113281]]]}, "properties": {}}, {"type": "Feature", "geometry": {"type": "Polygon", "coordinates": [[[125.22836479529295, 24.977416266825436], [125.22836479529295, 24.978205442510422], [125.22836479529295, 24.977416266825436]]]}, "properties": {}}, {"type": "Feature", "geometry": {"type": "Polygon", "coordinates": [[[119.45194900710959, 24.981782416325196], [119.45702731671307, 24.994483942142683], [119.44361363079186, 24.995734248590338], [119.44361363079186, 24.99292105908311], [119.45194900710959, 24.981782416325196]]]}, "properties": {}}, {"type": "Feature", "geometry": {"type": "Polygon", "coordinates": [[[119.11853395440059, 25.021984759149873], [119.12435716186928, 25.036160823731308], [119.13259990193676, 25.044496200049032], [119.14090785925343, 25.052831576366756], [119.14200690565238, 25.069502329002205], [119.14122470104328, 25.086173081637654], [119.15187545967149, 25.088951540410235], [119.15187545967149, 25.10165306622772], [119.13520470703602, 25.10153581130056], [119.11853395440059, 25.0955503799951], [119.11019857808287, 25.09012141778816], [119.0949170548337, 25.086173081637657], [119.09561166952685, 25.069502329002205], [119.08995552131124, 25.06116695268448], [119.09352782544741, 25.04520438832376], [119.10277817175766, 25.044496200049032], [119.11086064132485, 25.036160823731308], [119.11853395440059, 25.021984759149873]]]}, "properties": {}}, {"type": "Feature", "geometry": {"type": "Polygon", "coordinates": [[[125.26170630056387, 25.027631601452704], [125.27014332781229, 25.027825447413584], [125.27837705319929, 25.044302354088153], [125.27855070687258, 25.052831576366756], [125.27820339952602, 25.052831576366756], [125.26170630056387, 25.044675455453714], [125.26143449481438, 25.036160823731304], [125.26170630056387, 25.027631601452704]]]}, "properties": {}}, {"type": "Feature", "geometry": {"type": "Polygon", "coordinates": [[[119.02684481490562, 25.029073631970352], [119.02684481490562, 25.041261951812494], [119.02684481490562, 25.029073631970352]]]}, "properties": {}}, {"type": "Feature", "geometry": {"type": "Polygon", "coordinates": [[[125.22836479529296, 25.035964697229716], [125.22886996961526, 25.044496200049032], [125.23687382528398, 25.052831576366756], [125.22836479529298, 25.053466652657633], [125.22782118379399, 25.044496200049032], [125.22836479529296, 25.035964697229716]]]}, "properties": {}}, {"type": "Feature", "geometry": {"type": "Polygon", "coordinates": [[[118.93515567541066, 25.043932998936846], [118.93515567541063, 25.044699501913396], [118.93515567541066, 25.043932998936846]]]}, "properties": {}}, {"type": "Feature", "geometry": {"type": "Polygon", "coordinates": [[[118.92682029909291, 25.062834027948025], [118.92682029909291, 25.073206940698974], [118.92682029909291, 25.062834027948025]]]}, "properties": {}}, {"type": "Feature", "geometry": {"type": "Polygon", "coordinates": [[[119.03518019122333, 25.0725302289938], [119.04351556754108, 25.080110989770223], [119.04351556754108, 25.09284138269184], [119.03518019122333, 25.084323124994334], [119.03518019122333, 25.0725302289938]]]}, "properties": {}}, {"type": "Feature", "geometry": {"type": "Polygon", "coordinates": [[[119.0518509438588, 25.097485378068857], [119.0518509438588, 25.10701152243197], [119.0518509438588, 25.097485378068857]]]}, "properties": {}}, {"type": "Feature", "geometry": {"type": "Polygon", "coordinates": [[[119.36859524393233, 25.12346292305906], [119.36859524393233, 25.13305957342486], [119.36859524393233, 25.12346292305906]]]}, "properties": {}}, {"type": "Feature", "geometry": {"type": "Polygon", "coordinates": [[[121.37742093650405, 25.158891360599135], [121.37742093650405, 25.163044374602336], [121.37742093650405, 25.158891360599135]]]}, "properties": {}}, {"type": "Feature", "geometry": {"type": "Polygon", "coordinates": [[[119.51029664133367, 25.163969927269754], [119.52696739396912, 25.16156818028613], [119.54363814660456, 25.163939627038687], [119.5519735229223, 25.17508376236006], [119.55197352292228, 25.181566832829397], [119.54919506414971, 25.194532973768084], [119.56030889924001, 25.195213968562857], [119.57609549631778, 25.202868350085808], [119.56864427555774, 25.21416144058079], [119.56030889924001, 25.22346163275313], [119.55697474871292, 25.211203726403532], [119.5486393723952, 25.211203726403532], [119.53786750146152, 25.211203726403532], [119.52696739396913, 25.20864686255724], [119.51669130143028, 25.211203726403532], [119.50821279725425, 25.219539102721257], [119.50120350353251, 25.22787447903898], [119.50091934297623, 25.24454523167443], [119.48529051238049, 25.25149829024295], [119.47695513606277, 25.256137861125687], [119.46861975974502, 25.265868155602135], [119.46061954128965, 25.252880607992154], [119.45194900710959, 25.248249843371198], [119.44361363079186, 25.242678406135155], [119.44058258485815, 25.22787447903898], [119.43763821381438, 25.211203726403532], [119.45194900710959, 25.20346458589344], [119.46028438342731, 25.198700661926946], [119.47695513606277, 25.196418805481624], [119.48529051238049, 25.190752447938742], [119.50077049697055, 25.18619759745036], [119.50196126501594, 25.175778377053202], [119.51029664133367, 25.163969927269754]]]}, "properties": {}}, {"type": "Feature", "geometry": {"type": "Polygon", "coordinates": [[[119.49144385297481, 25.202868350085808], [119.49734703882422, 25.202868350085808], [119.49144385297481, 25.202868350085808]]]}, "properties": {}}, {"type": "Feature", "geometry": {"type": "Polygon", "coordinates": [[[121.38575631282177, 25.167215227390038], [121.38575631282177, 25.171025942930843], [121.38575631282177, 25.167215227390038]]]}, "properties": {}}, {"type": "Feature", "geometry": {"type": "Polygon", "coordinates": [[[118.99350330963472, 25.181196371659723], [118.99350330963472, 25.186779135332987], [118.99350330963472, 25.181196371659723]]]}, "properties": {}}, {"type": "Feature", "geometry": {"type": "Polygon", "coordinates": [[[118.97683255699928, 25.18903413780474], [118.97787132822339, 25.202868350085808], [118.97546801599914, 25.202868350085808], [118.97683255699928, 25.18903413780474]]]}, "properties": {}}, {"type": "Feature", "geometry": {"type": "Polygon", "coordinates": [[[119.59365040451091, 25.187935944934214], [119.59365040451091, 25.199899004871106], [119.59365040451091, 25.187935944934214]]]}, "properties": {}}, {"type": "Feature", "geometry": {"type": "Polygon", "coordinates": [[[121.78585437607256, 25.188231718615395], [121.78585437607255, 25.19699525695106], [121.78585437607256, 25.188231718615395]]]}, "properties": {}}, {"type": "Feature", "geometry": {"type": "Polygon", "coordinates": [[[119.59365040451091, 25.24004515121964], [119.59365040451092, 25.25038995768855], [119.58531502819318, 25.25288985924202], [119.5697927944858, 25.252880607992154], [119.58531502819318, 25.25279807951559], [119.59365040451091, 25.24004515121964]]]}, "properties": {}}, {"type": "Feature", "geometry": {"type": "Polygon", "coordinates": [[[119.62699190978181, 25.25399051159584], [119.6269919097818, 25.264892359709258], [119.62699190978181, 25.25399051159584]]]}, "properties": {}}, {"type": "Feature", "geometry": {"type": "Polygon", "coordinates": [[[119.56864427555773, 25.261600812397436], [119.56864427555773, 25.274519879791207], [119.56864427555773, 25.261600812397436]]]}, "properties": {}}, {"type": "Feature", "geometry": {"type": "Polygon", "coordinates": [[[119.51863201765138, 25.270218057416045], [119.51863201765138, 25.28473391891071], [119.51863201765138, 25.270218057416045]]]}, "properties": {}}, {"type": "Feature", "geometry": {"type": "Polygon", "coordinates": [[[119.71868104927678, 25.273024434093323], [119.71868104927677, 25.280957665062388], [119.71868104927678, 25.273024434093323]]]}, "properties": {}}, {"type": "Feature", "geometry": {"type": "Polygon", "coordinates": [[[119.76035793086541, 25.29073015892066], [119.7733207758107, 25.294557489580782], [119.76869330718313, 25.30567132467108], [119.75530618764255, 25.302892865898507], [119.76035793086541, 25.29073015892066]]]}, "properties": {}}, {"type": "Feature", "geometry": {"type": "Polygon", "coordinates": [[[119.47695513606276, 25.306246528626495], [119.48753889545254, 25.311228242216227], [119.47695513606276, 25.316209955805967], [119.47695513606276, 25.306246528626495]]]}, "properties": {}}, {"type": "Feature", "geometry": {"type": "Polygon", "coordinates": [[[119.69367492032362, 25.30706055405737], [119.70201029664133, 25.313151790597246], [119.7075672141865, 25.32789899485168], [119.70034155259555, 25.336234371169404], [119.70787715087904, 25.344569747487128], [119.69512371108965, 25.344569747487128], [119.68533954400588, 25.338734984064722], [119.6781397775171, 25.32789899485168], [119.68533954400588, 25.31331208629566], [119.69367492032362, 25.30706055405737]]]}, "properties": {}}, {"type": "Feature", "geometry": {"type": "Polygon", "coordinates": [[[119.33525373866144, 25.315467467293214], [119.35088387006348, 25.319563618533955], [119.34358911497918, 25.328540177645355], [119.33525373866144, 25.32505658178973], [119.33525373866144, 25.315467467293214]]]}, "properties": {}}, {"type": "Feature", "geometry": {"type": "Polygon", "coordinates": [[[119.46861975974504, 25.33184733100218], [119.48529051238049, 25.328940916891394], [119.48529051238049, 25.34384493215515], [119.48311018896496, 25.352905123804856], [119.46965424642653, 25.352905123804856], [119.46565079222819, 25.352905123804856], [119.45730540315647, 25.35290512380486], [119.46114127125567, 25.344569747487128], [119.46861975974504, 25.33184733100218]]]}, "properties": {}}, {"type": "Feature", "geometry": {"type": "Polygon", "coordinates": [[[119.26023535180191, 25.344536538817277], [119.26023535180191, 25.345187182757144], [119.26023535180191, 25.344536538817277]]]}, "properties": {}}, {"type": "Feature", "geometry": {"type": "Polygon", "coordinates": [[[119.69367492032362, 25.355683582577434], [119.71034567295906, 25.35302979290808], [119.72665401792852, 25.36124050012258], [119.73137415679236, 25.369575876440305], [119.72302737737482, 25.377911252758032], [119.71034567295908, 25.380818942171196], [119.70114801633261, 25.377911252758032], [119.68736105803514, 25.369575876440305], [119.69367492032362, 25.355683582577434]]]}, "properties": {}}, {"type": "Feature", "geometry": {"type": "Polygon", "coordinates": [[[119.19355234126013, 25.384579553812216], [119.21022309389556, 25.380689711530607], [119.22133692898586, 25.386246629075757], [119.21855847021328, 25.398749693552343], [119.21439078205442, 25.41125275802893], [119.20855601863202, 25.41125275802893], [119.20188771757783, 25.398749693552343], [119.19355234126012, 25.387288551115475], [119.19355234126013, 25.384579553812216]]]}, "properties": {}}, {"type": "Feature", "geometry": {"type": "Polygon", "coordinates": [[[119.75202255454768, 25.39685528984377], [119.76869330718313, 25.395669228391444], [119.77702868350086, 25.404263969183695], [119.77702868350086, 25.416758986641725], [119.76869330718313, 25.424852582547324], [119.75688485739968, 25.427923510664378], [119.76035793086541, 25.437266792222363], [119.7745419960892, 25.44459426329983], [119.78536405981859, 25.448761951458692], [119.79369943613631, 25.45386409887797], [119.81037018877174, 25.457930865408187], [119.81870556508949, 25.463265506251535], [119.8270409414072, 25.47004411737334], [119.83537631772494, 25.467933316989463], [119.84627141320169, 25.46126501593528], [119.8603824466781, 25.456907284804466], [119.8613085996023, 25.469600392253003], [119.85829636746264, 25.47793576857073], [119.84741630573942, 25.486271144888455], [119.84371169404264, 25.496500924914752], [119.83858223169328, 25.486271144888455], [119.8284301707935, 25.486271144888455], [119.82032870576161, 25.49460652120618], [119.81037018877176, 25.502489379810374], [119.80853823788149, 25.51127727384163], [119.81276233778362, 25.519612650159353], [119.80957935610118, 25.527948026477077], [119.81037018877176, 25.538230920639066], [119.8255560168985, 25.544618779112525], [119.83537631772494, 25.546471084960913], [119.84371169404265, 25.55380470401755], [119.85204707036038, 25.547000315203306], [119.8603824466781, 25.537974911012178], [119.86871782299583, 25.545626007676955], [119.87705319931356, 25.55366502805157], [119.87705319931356, 25.56906132615793], [119.8603824466781, 25.568074140378688], [119.8494823391857, 25.569624908065705], [119.83537631772494, 25.576977918303694], [119.8270409414072, 25.579980981638357], [119.8270409414072, 25.58648437196815], [119.83850208384408, 25.59463103701888], [119.83537631772494, 25.6092245549293], [119.82466900601162, 25.611301789654327], [119.81503799950968, 25.61963716597205], [119.80203481245404, 25.625941999956282], [119.78536405981859, 25.62412544552775], [119.77702868350086, 25.63464084334396], [119.7749768985611, 25.644643294925228], [119.78478461065731, 25.652978671242955], [119.78991062871916, 25.66131404756068], [119.77702868350086, 25.66873665818134], [119.76035793086542, 25.66242543106971], [119.75202255454766, 25.654764823311037], [119.74622024598338, 25.644643294925228], [119.74102624399362, 25.644643294925224], [119.72890567684553, 25.64464329492523], [119.72414215789874, 25.644643294925224], [119.72523027352642, 25.66131404756068], [119.71034567295905, 25.667672774977756], [119.70201029664133, 25.67571151574584], [119.69367492032362, 25.663100199628765], [119.68533954400588, 25.66041097315861], [119.67387840156901, 25.66131404756068], [119.66866879137044, 25.675206341423554], [119.6603334150527, 25.684396628132838], [119.64366266241726, 25.683023699968494], [119.64366266241726, 25.670674265244966], [119.64388143870733, 25.66131404756068], [119.65680690968752, 25.652978671242955], [119.66095345293562, 25.644643294925224], [119.66866879137045, 25.634085151589446], [119.68149244724384, 25.636307918607503], [119.69367492032362, 25.636914937156803], [119.70201029664133, 25.63214023044864], [119.70201029664133, 25.623285357889706], [119.69367492032362, 25.615256712851867], [119.68533954400587, 25.607050595874398], [119.67978262646074, 25.59463103701888], [119.68117185584703, 25.57796028438343], [119.68533954400588, 25.565457219906843], [119.69465555283158, 25.569624908065705], [119.70201029664133, 25.5804600639998], [119.71003022255387, 25.569624908065705], [119.71841063581955, 25.56128953174798], [119.70201029664133, 25.55728855111547], [119.69010261618745, 25.55295415543025], [119.68891184814206, 25.536283402794805], [119.69700875481911, 25.527948026477077], [119.69367492032362, 25.516581604225635], [119.68533954400588, 25.51039522341983], [119.67296440537442, 25.51127727384163], [119.66437317736644, 25.51127727384163], [119.66610406019575, 25.49460652120618], [119.66866879137044, 25.479602843834275], [119.6695023290022, 25.469600392253007], [119.67748183966255, 25.461265015935282], [119.68533954400588, 25.44687013402605], [119.69182261447523, 25.436258886982102], [119.69714799378934, 25.427923510664378], [119.70721990676228, 25.419588134346654], [119.71868104927678, 25.413336602108362], [119.73535180191223, 25.41201051951236], [119.74368717822998, 25.40435056196217], [119.75202255454768, 25.39685528984377]]]}, "properties": {}}, {"type": "Feature", "geometry": {"type": "Polygon", "coordinates": [[[119.74319627142685, 25.502941897523904], [119.74368717822996, 25.518587924340416], [119.75202255454768, 25.527833200404885], [119.75202255454768, 25.51234568369825], [119.7520225545477, 25.50925377026609], [119.75202255454768, 25.502672800042706], [119.74319627142685, 25.502941897523904]]]}, "properties": {}}, {"type": "Feature", "geometry": {"type": "Polygon", "coordinates": [[[119.36025986761462, 25.406621993407974], [119.36025986761462, 25.41819890496037], [119.36025986761462, 25.406621993407974]]]}, "properties": {}}, {"type": "Feature", "geometry": {"type": "Polygon", "coordinates": [[[119.48529051238049, 25.425815902773937], [119.48529051238049, 25.43003111855482], [119.48529051238049, 25.425815902773937]]]}, "properties": {}}, {"type": "Feature", "geometry": {"type": "Polygon", "coordinates": [[[119.81870556508949, 25.4244138785306], [119.81870556508949, 25.430393251795554], [119.81870556508949, 25.4244138785306]]]}, "properties": {}}, {"type": "Feature", "geometry": {"type": "Polygon", "coordinates": [[[119.93540083353763, 25.43003470428286], [119.93540083353761, 25.440328076433943], [119.93540083353763, 25.43003470428286]]]}, "properties": {}}, {"type": "Feature", "geometry": {"type": "Polygon", "coordinates": [[[119.37693062025006, 25.440426575140968], [119.37970907902263, 25.452929639617558], [119.3727629320912, 25.452929639617555], [119.37693062025006, 25.440426575140968]]]}, "properties": {}}, {"type": "Feature", "geometry": {"type": "Polygon", "coordinates": [[[119.41027212552098, 25.450708231209145], [119.41027212552096, 25.455869950415746], [119.41027212552098, 25.450708231209145]]]}, "properties": {}}, {"type": "Feature", "geometry": {"type": "Polygon", "coordinates": [[[119.86871782299583, 25.473110024386784], [119.8696984555038, 25.486271144888455], [119.86752705495044, 25.486271144888455], [119.86871782299583, 25.473110024386784]]]}, "properties": {}}, {"type": "Feature", "geometry": {"type": "Polygon", "coordinates": [[[119.37693062025006, 25.482103456729593], [119.37693062025005, 25.487028906371886], [119.37693062025006, 25.482103456729593]]]}, "properties": {}}, {"type": "Feature", "geometry": {"type": "Polygon", "coordinates": [[[122.10259867614612, 25.48592741802999], [122.11104445479918, 25.486271144888455], [122.10259867614612, 25.486639559311335], [122.10259867614612, 25.48592741802999]]]}, "properties": {}}, {"type": "Feature", "geometry": {"type": "Polygon", "coordinates": [[[119.83537631772492, 25.516058560430913], [119.83537631772495, 25.52428297409363], [119.83537631772492, 25.516058560430913]]]}, "properties": {}}, {"type": "Feature", "geometry": {"type": "Polygon", "coordinates": [[[119.61032115714636, 25.57462613385634], [119.61032115714636, 25.582628095121358], [119.61032115714636, 25.57462613385634]]]}, "properties": {}}, {"type": "Feature", "geometry": {"type": "Polygon", "coordinates": [[[119.89372395194901, 25.581572280787775], [119.90205932826673, 25.588376903167955], [119.90205932826673, 25.601652145914507], [119.89697678173154, 25.611301789654327], [119.88980142191714, 25.611301789654327], [119.87705319931356, 25.608456411785532], [119.86965175869776, 25.59463103701888], [119.88538857563128, 25.588506635862927], [119.89372395194901, 25.581572280787775]]]}, "properties": {}}, {"type": "Feature", "geometry": {"type": "Polygon", "coordinates": [[[119.56030889924001, 25.59429762196617], [119.56614366266241, 25.602966413336603], [119.55706736400535, 25.602966413336603], [119.56030889924001, 25.59429762196617]]]}, "properties": {}}, {"type": "Feature", "geometry": {"type": "Polygon", "coordinates": [[[119.5936504045109, 25.593198171076526], [119.6061534689875, 25.59463103701888], [119.59365040451092, 25.60088776587088], [119.5936504045109, 25.593198171076526]]]}, "properties": {}}, {"type": "Feature", "geometry": {"type": "Polygon", "coordinates": [[[119.8603824466781, 25.587916428318486], [119.8603824466781, 25.599774141555347], [119.8603824466781, 25.587916428318486]]]}, "properties": {}}, {"type": "Feature", "geometry": {"type": "Polygon", "coordinates": [[[119.57697965187546, 25.6251940835172], [119.58352118818559, 25.6363079186075], [119.59365040451092, 25.641036251954553], [119.60198578082864, 25.64611424368718], [119.60898962735068, 25.66131404756068], [119.60198578082864, 25.67485903407698], [119.59102002633225, 25.67798480019613], [119.58015301844779, 25.67798480019613], [119.57266455343995, 25.669649423878404], [119.58237313066927, 25.66131404756068], [119.57204433483847, 25.652978671242955], [119.56030889924, 25.650028965661626], [119.54620287777925, 25.644643294925228], [119.55197352292228, 25.63411439852389], [119.56864427555774, 25.630048601094245], [119.57697965187546, 25.6251940835172]]]}, "properties": {}}, {"type": "Feature", "geometry": {"type": "Polygon", "coordinates": [[[122.07759254719292, 25.6253710427836], [122.07838349531067, 25.636307918607503], [122.0767898813253, 25.636307918607503], [122.07759254719292, 25.6253710427836]]]}, "properties": {}}, {"type": "Feature", "geometry": {"type": "Polygon", "coordinates": [[[119.80203481245405, 25.64791790705005], [119.80203481245404, 25.659139601564753], [119.80203481245405, 25.64791790705005]]]}, "properties": {}}, {"type": "Feature", "geometry": {"type": "Polygon", "coordinates": [[[119.8270409414072, 25.665671896403893], [119.8270409414072, 25.671688585135463], [119.8270409414072, 25.665671896403893]]]}, "properties": {}}, {"type": "Feature", "geometry": {"type": "Polygon", "coordinates": [[[119.62699190978181, 25.670840191923794], [119.62699190978181, 25.68215248835499], [119.62699190978181, 25.670840191923794]]]}, "properties": {}}, {"type": "Feature", "geometry": {"type": "Polygon", "coordinates": [[[119.66866879137044, 25.68892498161314], [119.66866879137044, 25.698323118411377], [119.66866879137044, 25.68892498161314]]]}, "properties": {}}, {"type": "Feature", "geometry": {"type": "Polygon", "coordinates": [[[123.54461877911253, 25.726611185945366], [123.54473785591706, 25.736332434420202], [123.54451052747203, 25.736332434420202], [123.54461877911253, 25.726611185945366]]]}, "properties": {}}, {"type": "Feature", "geometry": {"type": "Polygon", "coordinates": [[[123.46126501593527, 25.74313393148009], [123.47793576857075, 25.739176086577203], [123.49210079239052, 25.744667810737926], [123.47793576857075, 25.750811620383125], [123.46126501593528, 25.746163549607964], [123.46126501593527, 25.74313393148009]]]}, "properties": {}}, {"type": "Feature", "geometry": {"type": "Polygon", "coordinates": [[[123.56128953174797, 25.74210942790773], [123.57095099066171, 25.744667810737926], [123.5696249080657, 25.75435486970177], [123.55893388191906, 25.753003187055658], [123.56128953174797, 25.74210942790773]]]}, "properties": {}}, {"type": "Feature", "geometry": {"type": "Polygon", "coordinates": [[[119.67700416768815, 25.75517763305158], [119.67908801176759, 25.769673939691103], [119.67581339964278, 25.769673939691103], [119.67700416768815, 25.75517763305158]]]}, "properties": {}}, {"type": "Feature", "geometry": {"type": "Polygon", "coordinates": [[[123.62797254228978, 25.76952099700637], [123.6286945040181, 25.778009316008827], [123.63669863937238, 25.78634469232655], [123.62845877257497, 25.794680068644276], [123.62746954544302, 25.794680068644276], [123.62720204531924, 25.778009316008827], [123.62797254228978, 25.76952099700637]]]}, "properties": {}}, {"type": "Feature", "geometry": {"type": "Polygon", "coordinates": [[[119.68533954400588, 25.771757783770532], [119.68533954400587, 25.781419242684258], [119.68533954400588, 25.771757783770532]]]}, "properties": {}}, {"type": "Feature", "geometry": {"type": "Polygon", "coordinates": [[[124.56987006619269, 25.91063675944402], [124.57820544251041, 25.918698004137905], [124.57820544251041, 25.92063686633434], [124.56987006619269, 25.928740704421017], [124.56201099709313, 25.944716842363327], [124.56109210352183, 25.944716842363327], [124.55290684421276, 25.936381466045603], [124.54473369698455, 25.928046089727875], [124.55319931355726, 25.92750583385543], [124.56153468987497, 25.918285862757546], [124.56987006619269, 25.91063675944402]]]}, "properties": {}}, {"type": "Feature", "geometry": {"type": "Polygon", "coordinates": [[[123.67798480019613, 25.914947641228594], [123.68135442040966, 25.928046089727875], [123.67402549644521, 25.928046089727875], [123.67798480019613, 25.914947641228594]]]}, "properties": {}}, {"type": "Feature", "geometry": {"type": "Polygon", "coordinates": [[[119.96874233880854, 25.94489804619632], [119.98167654343948, 25.95305221868105], [119.98916401078696, 25.961387594998776], [119.99446292858894, 25.9697229713165], [119.98541309144399, 25.97583962883811], [119.97707771512626, 25.969588138311668], [119.96874233880854, 25.960866633978917], [119.96874233880854, 25.94489804619632]]]}, "properties": {}}, {"type": "Feature", "geometry": {"type": "Polygon", "coordinates": [[[119.92706545721991, 25.970206041540962], [119.94373620985536, 25.97073562146209], [119.95303336036358, 25.978058347634224], [119.94373620985536, 25.98409718941852], [119.92706545721992, 25.98474763623769], [119.92706545721991, 25.970206041540962]]]}, "properties": {}}, {"type": "Feature", "geometry": {"type": "Polygon", "coordinates": [[[127.67896543270409, 26.075258701897226], [127.68730080902182, 26.078278483634634], [127.70397156165728, 26.082469903614147], [127.71587924211116, 26.086418239764647], [127.72897769061044, 26.08980071131387], [127.73731306692817, 26.097834081243274], [127.74564844324591, 26.109230848634212], [127.75356551696302, 26.11975974503555], [127.76231919588133, 26.124644315745076], [127.77308572362506, 26.128095121353272], [127.78732532483451, 26.128733903516036], [127.79566070115224, 26.12779742934193], [127.80399607746998, 26.13423697758739], [127.8111406857423, 26.144765873988725], [127.81881452425705, 26.15310125030645], [127.82900220642314, 26.15726893846531], [127.83608930470217, 26.169772002941897], [127.82900220642314, 26.184903087869486], [127.82066683010542, 26.19149390168225], [127.80399607746998, 26.190025921897437], [127.79566070115224, 26.181624619030625], [127.78191274286215, 26.186442755577342], [127.77533728575202, 26.194778131895074], [127.77343303097166, 26.211448884530526], [127.78291040096417, 26.21978426084825], [127.79183713394201, 26.228119637165975], [127.79260744977515, 26.244790389801423], [127.79860101195044, 26.253125766119147], [127.80399607746998, 26.264239601209447], [127.81233145378769, 26.27301895795764], [127.82066683010544, 26.283688812617473], [127.82483451826428, 26.294802647707773], [127.83181746593931, 26.303138024025493], [127.83733758274087, 26.31642388375677], [127.8505710667241, 26.31980877666095], [127.86234371169405, 26.323381080797116], [127.87901446432949, 26.320460487086486], [127.88401569012012, 26.311473400343225], [127.89568521696495, 26.30398748912794], [127.90402059328267, 26.298212574383207], [127.9123559696004, 26.293969110076], [127.92069134591812, 26.2950572407553], [127.92805974121168, 26.311473400343225], [127.93510216815127, 26.31980877666095], [127.92152488354989, 26.328144152978677], [127.9123559696004, 26.330775251262573], [127.90402059328267, 26.33723729077983], [127.89024234065259, 26.344814905614122], [127.88316721448078, 26.353150281931846], [127.87846668496218, 26.36148565824957], [127.88248753779521, 26.369821034567295], [127.87901446432949, 26.38146441907483], [127.87067908801177, 26.391802716321905], [127.86234371169405, 26.40059938602504], [127.8537658164186, 26.4031625398382], [127.84387499180062, 26.411497916155923], [127.83971911883165, 26.428168668791372], [127.85010874420357, 26.436504045109096], [127.85931266576033, 26.44483942142682], [127.87067908801177, 26.448486148565827], [127.87901446432949, 26.45347121936862], [127.88846122415626, 26.453174797744545], [127.90402059328267, 26.44712219276654], [127.91679361449755, 26.44483942142682], [127.92902672223585, 26.438895145559982], [127.9456974748713, 26.43904089877101], [127.95175956673873, 26.453174797744545], [127.95403285118903, 26.46595570809839], [127.96236822750674, 26.47047368723231], [127.97070360382446, 26.462105558084964], [127.98737435645992, 26.468178475116453], [127.99570973277764, 26.472624009152575], [128.00404510909536, 26.478785377483856], [128.01133856337339, 26.494851679333173], [128.0123804854131, 26.50411320857509], [128.02905123804854, 26.505965514423472], [128.03738661436626, 26.513085315028196], [128.05093160088256, 26.519857808286346], [128.05288994735355, 26.536528560921795], [128.04542797389323, 26.54486393723952], [128.05405736700172, 26.5467945396939], [128.07072811963718, 26.545513615801813], [128.0790634959549, 26.540451090953667], [128.08739887227262, 26.533402794802647], [128.101509816367, 26.536528560921795], [128.1094876195146, 26.54486393723952], [128.1199910179893, 26.553199313557243], [128.12386614366267, 26.553199313557243], [128.1316805589605, 26.553199313557243], [128.14472519312136, 26.56153468987497], [128.15221070525587, 26.569870066192696], [128.1457465064967, 26.58283620713138], [128.14505189180355, 26.594876195145872], [128.15095220450786, 26.603211571463596], [128.1614019879261, 26.61154694778132], [128.15378999382773, 26.619882324099045], [128.15803021896494, 26.62821770041677], [128.16999487396643, 26.62821770041677], [128.1790880117676, 26.621661106900827], [128.19575876440305, 26.621168868175406], [128.2124295170385, 26.62194706924258], [128.22873786200796, 26.62821770041677], [128.23743564599167, 26.62933072416417], [128.24577102230938, 26.640395212564606], [128.2539269502751, 26.653223829369946], [128.26244177494485, 26.65467396444025], [128.27077715126256, 26.663643049767103], [128.27911252758028, 26.67068905789579], [128.28685188126502, 26.686565334640846], [128.29161559205687, 26.69490071095857], [128.30194493746734, 26.703236087276295], [128.30411865653346, 26.71649691323631], [128.31245403285118, 26.72521117029575], [128.32078940916892, 26.730826027891855], [128.32695033949074, 26.744912968864917], [128.3282043850263, 26.76158372150037], [128.32899696189463, 26.77825447413582], [128.32078940916892, 26.791910283417735], [128.32078940916892, 26.799604736282973], [128.32693126540303, 26.811595979406718], [128.32038346550704, 26.819931355724442], [128.31245403285118, 26.832168397552593], [128.31245403285118, 26.843114121108115], [128.31245403285118, 26.845551670301028], [128.29578328021574, 26.848008412794673], [128.28610967587323, 26.853272860995343], [128.27720442938707, 26.86160823731307], [128.26510536196236, 26.869943613630795], [128.25410639862713, 26.870748546220135], [128.24986936977257, 26.86160823731307], [128.25214513361118, 26.84493748467762], [128.24577102230938, 26.831825656762096], [128.23743564599167, 26.82308869523873], [128.22734545360706, 26.819931355724442], [128.2198555795761, 26.811595979406718], [128.21540643715196, 26.79492522677127], [128.2124295170385, 26.785387704986185], [128.19863303209883, 26.77825447413582], [128.19575876440305, 26.76892652855318], [128.1874233880853, 26.759499877420936], [128.1790880117676, 26.749213239092036], [128.16572494808275, 26.744912968864917], [128.15930538530688, 26.744912968864917], [128.14957886342438, 26.744912968864917], [128.15980083736426, 26.736577592547192], [128.15480356042562, 26.719906839911744], [128.1457465064967, 26.715958503761243], [128.13741113017898, 26.710741577481404], [128.1207403775435, 26.708578509763633], [128.1124050012258, 26.70209944505115], [128.10406962490805, 26.689065947536164], [128.0987385892414, 26.678229958323122], [128.09573424859033, 26.665726893846532], [128.08739887227262, 26.65692844106671], [128.0790634959549, 26.651228288018167], [128.06760235351803, 26.644888453052218], [128.05405736700172, 26.643076414722277], [128.03822015199802, 26.644888453052218], [128.04133495051678, 26.661559205687674], [128.03238538857562, 26.669894582005394], [128.02355940878812, 26.678229958323126], [128.0123804854131, 26.684895755030176], [128.00404510909536, 26.69371502441402], [127.99570973277764, 26.696753016806955], [127.98370679088012, 26.703236087276295], [127.97070360382446, 26.706857619795713], [127.95403285118903, 26.705159635675756], [127.93736209855355, 26.703907058821237], [127.92314292718802, 26.71157146359402], [127.9123559696004, 26.712908269229878], [127.90307339142839, 26.71157146359402], [127.88734984064722, 26.70597418466553], [127.87901446432949, 26.711758076496658], [127.87802552137654, 26.703236087276295], [127.87051238048541, 26.69490071095857], [127.86189315081201, 26.686565334640846], [127.8691162049522, 26.678229958323122], [127.87536773719049, 26.669894582005394], [127.87067908801177, 26.659980535993256], [127.85977494788861, 26.653223829369946], [127.86007349040665, 26.636553076734497], [127.8691612653487, 26.636553076734494], [127.87901446432949, 26.63847662511551], [127.88164668842981, 26.62821770041677], [127.88734984064722, 26.61795877571803], [127.89568521696495, 26.609755315720214], [127.90402059328267, 26.601498822905164], [127.92069134591812, 26.601359265615212], [127.92902672223585, 26.60810035527551], [127.93736209855356, 26.60182234207731], [127.94890338883965, 26.594876195145872], [127.96236822750674, 26.590557867717507], [127.97903898014219, 26.589912052975876], [127.98093715868289, 26.57820544251042], [127.97903898014219, 26.567630577618946], [127.97070360382446, 26.56000694498716], [127.96236822750674, 26.550073547438096], [127.95021812113427, 26.54486393723952], [127.93736209855356, 26.53965432699811], [127.92902672223586, 26.53003445476751], [127.92104434041623, 26.519857808286346], [127.91950057787272, 26.519857808286346], [127.9105698175323, 26.519857808286346], [127.89568521696496, 26.51302374481951], [127.88734984064722, 26.50476004551527], [127.87138091847858, 26.511522431968622], [127.87022129631316, 26.511522431968622], [127.8540083353763, 26.50415457196025], [127.84534960394281, 26.503187055650898], [127.83733758274087, 26.48667974176677], [127.82900220642314, 26.480033232546106], [127.82036913809408, 26.478180926697725], [127.81233145378769, 26.462285863625233], [127.80399607746998, 26.454654688481668], [127.79566070115224, 26.445024652011657], [127.78732532483451, 26.438571196641192], [127.77184501097715, 26.44483942142682], [127.76231919588136, 26.445672959058594], [127.75307323223478, 26.44483942142682], [127.7456484432459, 26.431097314524628], [127.73254064462938, 26.436504045109096], [127.72064231429272, 26.43706858842132], [127.71684407905894, 26.428168668791372], [127.71609058591815, 26.411497916155923], [127.71786385552015, 26.39482716352047], [127.72601268225696, 26.38649178720275], [127.73317497100388, 26.378156410885026], [127.73731306692818, 26.36623238045565], [127.74379310578522, 26.353150281931846], [127.7456484432459, 26.34405714413069], [127.7508128647481, 26.328144152978673], [127.75700388337033, 26.31980877666095], [127.75915037513926, 26.3031380240255], [127.7513881820274, 26.294802647707773], [127.74196970171772, 26.28646727139005], [127.72897769061045, 26.27950298833942], [127.72064231429272, 26.273172329638896], [127.70397156165727, 26.2707582929451], [127.69563618533952, 26.262777254487034], [127.68730080902182, 26.25525140643029], [127.6789654327041, 26.24707833467759], [127.67063005638639, 26.238219141040492], [127.67063005638637, 26.23496242941935], [127.67063005638637, 26.22217376012165], [127.65972108457137, 26.21978426084825], [127.64562392743319, 26.21320370061806], [127.64365585242712, 26.2031135082128], [127.64145623927433, 26.186442755577346], [127.64562392743319, 26.170633095509558], [127.65572527329905, 26.169772002941897], [127.65061944413539, 26.161436626624173], [127.65724958391763, 26.15310125030645], [127.6515884185439, 26.144765873988725], [127.65247492166694, 26.128095121353276], [127.65979406717332, 26.11975974503555], [127.65395930375092, 26.104069624908064], [127.65213594018142, 26.094753616082375], [127.65395930375092, 26.086011636041828], [127.67063005638639, 26.08022363252603], [127.67896543270409, 26.075258701897226]]]}, "properties": {}}, {"type": "Feature", "geometry": {"type": "Polygon", "coordinates": [[[128.01174224834955, 26.636553076734494], [128.003899511848, 26.644888453052218], [128.0123804854131, 26.647666911824793], [128.02071586173082, 26.6548689694533], [128.02547893391238, 26.644888453052218], [128.02071586173082, 26.635795774232783], [128.01174224834955, 26.636553076734494]]]}, "properties": {}}, {"type": "Feature", "geometry": {"type": "Polygon", "coordinates": [[[127.52892865898505, 26.086149356657625], [127.52963805271422, 26.09475361608237], [127.52826182887964, 26.09475361608238], [127.52892865898505, 26.086149356657625]]]}, "properties": {}}, {"type": "Feature", "geometry": {"type": "Polygon", "coordinates": [[[127.52892865898505, 26.111158346069384], [127.5303044007074, 26.11975974503555], [127.52762864616487, 26.11975974503555], [127.52892865898505, 26.111158346069384]]]}, "properties": {}}, {"type": "Feature", "geometry": {"type": "Polygon", "coordinates": [[[127.81233145378768, 26.118739086710928], [127.81233145378769, 26.121612050883932], [127.81233145378768, 26.118739086710928]]]}, "properties": {}}, {"type": "Feature", "geometry": {"type": "Polygon", "coordinates": [[[119.66866879137044, 26.120015981621528], [119.6839503146196, 26.128095121353276], [119.67700416768815, 26.14427555773474], [119.66866879137044, 26.1528065578418], [119.6603334150527, 26.144304080299925], [119.6603334150527, 26.12897022645513], [119.66866879137044, 26.120015981621528]]]}, "properties": {}}, {"type": "Feature", "geometry": {"type": "Polygon", "coordinates": [[[119.91873008090218, 26.13711589219827], [119.93540083353761, 26.13830595734249], [119.95080008809072, 26.144765873988725], [119.95884407943123, 26.15310125030645], [119.96795449605071, 26.161436626624173], [119.95207158617308, 26.16866242763969], [119.93878613982716, 26.161436626624173], [119.93385565561717, 26.161436626624173], [119.92619555778927, 26.169772002941897], [119.91265859902393, 26.169772002941897], [119.91059058526938, 26.15310125030645], [119.91873008090218, 26.13711589219827]]]}, "properties": {}}, {"type": "Feature", "geometry": {"type": "Polygon", "coordinates": [[[127.3455503799951, 26.141062581953953], [127.3519622079318, 26.15310125030645], [127.36222113263055, 26.15330249068999], [127.37055650894827, 26.16477077715126], [127.37838671094372, 26.17810737925962], [127.38410149546456, 26.186442755577346], [127.378891885266, 26.197556590667652], [127.37824193390242, 26.211448884530526], [127.37454092953249, 26.228119637165975], [127.37055650894828, 26.239642865922363], [127.36429357829441, 26.228119637165975], [127.35415628294898, 26.21978426084825], [127.34664894687654, 26.211448884530526], [127.34662107699059, 26.194778131895074], [127.34388330473156, 26.186442755577346], [127.33999346244995, 26.169772002941897], [127.34286154892487, 26.15310125030645], [127.3455503799951, 26.141062581953953]]]}, "properties": {}}, {"type": "Feature", "geometry": {"type": "Polygon", "coordinates": [[[127.88734984064723, 26.15759298512186], [127.90075181819498, 26.161436626624173], [127.8873498406472, 26.165005526056067], [127.88734984064723, 26.15759298512186]]]}, "properties": {}}, {"type": "Feature", "geometry": {"type": "Polygon", "coordinates": [[[127.2371904878647, 26.16507736570548], [127.2455258641824, 26.176398885977108], [127.24552586418241, 26.181589245316392], [127.23363600066125, 26.17810737925962], [127.2371904878647, 26.16507736570548]]]}, "properties": {}}, {"type": "Feature", "geometry": {"type": "Polygon", "coordinates": [[[127.29553812208874, 26.1636359343493], [127.30094292911109, 26.17810737925962], [127.30387349840647, 26.187125983144373], [127.31992472982913, 26.194778131895074], [127.32054425104192, 26.20464449569973], [127.32054425104192, 26.21885810792406], [127.3191929857846, 26.228119637165975], [127.32054425104192, 26.2368629105493], [127.32887962735965, 26.22896672824204], [127.33721500367737, 26.222259765090065], [127.33721500367737, 26.23312932830017], [127.33494130586533, 26.244790389801423], [127.32054425104192, 26.24835587975823], [127.30823421229786, 26.244790389801423], [127.29553812208874, 26.241003394316188], [127.28430851788292, 26.2364550134837], [127.28291598080762, 26.21978426084825], [127.27231814520366, 26.211448884530526], [127.26219661681785, 26.210291193375284], [127.252524678002, 26.211448884530526], [127.24552586418238, 26.224535828024536], [127.24072603361748, 26.211448884530526], [127.24914994084227, 26.203113508212798], [127.25003677371906, 26.186442755577346], [127.25927923510665, 26.186442755577346], [127.27053199313558, 26.189317023273112], [127.28208347020498, 26.186442755577346], [127.28720274577103, 26.171821685642975], [127.29553812208874, 26.1636359343493]]]}, "properties": {}}, {"type": "Feature", "geometry": {"type": "Polygon", "coordinates": [[[127.29162847085186, 26.194778131895074], [127.28720274577103, 26.210701700038783], [127.28720274577103, 26.213782789899486], [127.29553812208874, 26.226658798017507], [127.29764301509827, 26.211448884530526], [127.29773164217235, 26.19477813189507], [127.29162847085186, 26.194778131895074]]]}, "properties": {}}, {"type": "Feature", "geometry": {"type": "Polygon", "coordinates": [[[127.91235596960038, 26.166362076266463], [127.91235596960038, 26.173344307078064], [127.91235596960038, 26.166362076266463]]]}, "properties": {}}, {"type": "Feature", "geometry": {"type": "Polygon", "coordinates": [[[119.6603334150527, 26.184358911497917], [119.66589033259785, 26.194778131895077], [119.65795187896194, 26.194778131895077], [119.6603334150527, 26.184358911497917]]]}, "properties": {}}, {"type": "Feature", "geometry": {"type": "Polygon", "coordinates": [[[119.96874233880854, 26.190542120979508], [119.97599481514423, 26.203113508212798], [119.96165722087802, 26.203113508212798], [119.96874233880854, 26.190542120979508]]]}, "properties": {}}, {"type": "Feature", "geometry": {"type": "Polygon", "coordinates": [[[127.4455748958078, 26.193851978970883], [127.45391027212553, 26.198945820053936], [127.46045949637517, 26.211448884530526], [127.45703603824467, 26.228119637165975], [127.45391027212551, 26.238694368315326], [127.44557489580781, 26.231859870129057], [127.43276311368982, 26.228119637165975], [127.43501675247202, 26.21144888453053], [127.43769318656986, 26.203113508212798], [127.4455748958078, 26.193851978970883]]]}, "properties": {}}, {"type": "Feature", "geometry": {"type": "Polygon", "coordinates": [[[119.67700416768815, 26.197556590667652], [119.67700416768815, 26.204629031179657], [119.67700416768815, 26.197556590667652]]]}, "properties": {}}, {"type": "Feature", "geometry": {"type": "Polygon", "coordinates": [[[120.01041922039715, 26.20757888838301], [120.01505624676867, 26.21978426084825], [120.01041922039715, 26.23593222270409], [120.00165997548397, 26.2364550134837], [120.00758164548049, 26.244790389801423], [119.99578148637579, 26.244790389801423], [119.98791386055152, 26.2364550134837], [119.97878828777885, 26.228119637165975], [119.96874233880854, 26.225094591269887], [119.96874233880854, 26.21287923656977], [119.98541309144399, 26.212594998774215], [120.00119710191798, 26.21978426084825], [120.00341409884132, 26.21978426084825], [120.01041922039715, 26.20757888838301]]]}, "properties": {}}, {"type": "Feature", "geometry": {"type": "Polygon", "coordinates": [[[127.39556263790145, 26.218803628340282], [127.39556263790146, 26.220163141589968], [127.39556263790145, 26.218803628340282]]]}, "properties": {}}, {"type": "Feature", "geometry": {"type": "Polygon", "coordinates": [[[127.94569747487128, 26.243758480555876], [127.95070701528343, 26.253125766119147], [127.94569747487131, 26.264999946663806], [127.93736209855356, 26.260324500211727], [127.93736209855356, 26.246790880117675], [127.94569747487128, 26.243758480555876]]]}, "properties": {}}, {"type": "Feature", "geometry": {"type": "Polygon", "coordinates": [[[119.71034567295908, 26.24979161559206], [119.71034567295906, 26.253850581451125], [119.71034567295908, 26.24979161559206]]]}, "properties": {}}, {"type": "Feature", "geometry": {"type": "Polygon", "coordinates": [[[119.8270409414072, 26.249255769971633], [119.8270409414072, 26.256737762523493], [119.8270409414072, 26.249255769971633]]]}, "properties": {}}, {"type": "Feature", "geometry": {"type": "Polygon", "coordinates": [[[127.40389801421918, 26.249526399072856], [127.40389801421918, 26.25588006438066], [127.40389801421918, 26.249526399072856]]]}, "properties": {}}, {"type": "Feature", "geometry": {"type": "Polygon", "coordinates": [[[127.52892865898504, 26.252199613194954], [127.53856643785242, 26.253125766119147], [127.55393478793822, 26.259168913949495], [127.56227016425596, 26.25276853570553], [127.57894091689141, 26.25262813171212], [127.58727629320911, 26.2578888383007], [127.58727629320911, 26.262175603264104], [127.5789409168914, 26.269990364715476], [127.57060554057367, 26.278956272949898], [127.56227016425595, 26.286878894911908], [127.55393478793822, 26.278789951097405], [127.5455994116205, 26.270654572199067], [127.52892865898505, 26.27095420990984], [127.5205932826673, 26.27829219077074], [127.52037393065896, 26.269796518754596], [127.52059328266732, 26.261180174695827], [127.52892865898504, 26.252199613194954]]]}, "properties": {}}, {"type": "Feature", "geometry": {"type": "Polygon", "coordinates": [[[127.97903898014218, 26.252912038521256], [127.97903898014219, 26.253413192888726], [127.97903898014218, 26.252912038521256]]]}, "properties": {}}, {"type": "Feature", "geometry": {"type": "Polygon", "coordinates": [[[127.97070360382445, 26.261297703685543], [127.97070360382446, 26.261669526844813], [127.97070360382445, 26.261297703685543]]]}, "properties": {}}, {"type": "Feature", "geometry": {"type": "Polygon", "coordinates": [[[119.81037018877176, 26.263384690817887], [119.81037018877176, 26.276208346691305], [119.81037018877176, 26.263384690817887]]]}, "properties": {}}, {"type": "Feature", "geometry": {"type": "Polygon", "coordinates": [[[119.98541309144399, 26.262535288898814], [119.99358258962603, 26.27813189507232], [119.97912163882103, 26.27813189507232], [119.98541309144399, 26.262535288898814]]]}, "properties": {}}, {"type": "Feature", "geometry": {"type": "Polygon", "coordinates": [[[119.8270409414072, 26.28271635204707], [119.8270409414072, 26.29115592056877], [119.8270409414072, 26.28271635204707]]]}, "properties": {}}, {"type": "Feature", "geometry": {"type": "Polygon", "coordinates": [[[126.80375091934297, 26.28990555269673], [126.81572757422863, 26.294802647707773], [126.8120862956607, 26.308139249816133], [126.81187691670993, 26.31980877666095], [126.82042167197842, 26.32189262074038], [126.82875704829615, 26.315097477003107], [126.84542780093162, 26.317680595473448], [126.85376317724933, 26.322777540828902], [126.87043392988477, 26.323240990438833], [126.8787693062025, 26.330132407880146], [126.89544005883795, 26.334842223233988], [126.89585387184664, 26.344814905614122], [126.88713555428437, 26.35315028193185], [126.8870789560501, 26.353150281931846], [126.87043392988478, 26.345859201052562], [126.85376317724933, 26.346553223410297], [126.83709242461387, 26.345012026000013], [126.82077826561769, 26.353150281931846], [126.8120862956607, 26.35378879624429], [126.80518406076413, 26.369821034567295], [126.79703439710349, 26.378156410885023], [126.78724676155576, 26.386491787202747], [126.77874479038982, 26.389892242886834], [126.76207403775436, 26.38941658091116], [126.75329025612389, 26.386491787202747], [126.7370679088012, 26.37837088596309], [126.72873253248346, 26.371180077874545], [126.72039715616573, 26.37911292947886], [126.71206177984799, 26.36989490727404], [126.71170958084866, 26.36148565824957], [126.71889678842854, 26.353150281931846], [126.72533663842808, 26.344814905614122], [126.73706790880118, 26.336942605758495], [126.75003404973987, 26.336479529296398], [126.75373866143661, 26.327689496088617], [126.76207403775436, 26.316282271295755], [126.77040941407208, 26.308654081882814], [126.78317295905859, 26.303138024025497], [126.79541554302526, 26.29724136035759], [126.80375091934297, 26.28990555269673]]]}, "properties": {}}, {"type": "Feature", "geometry": {"type": "Polygon", "coordinates": [[[127.99570973277766, 26.294305013300743], [127.99660157804328, 26.303138024025497], [127.99423098631927, 26.303138024025497], [127.99570973277766, 26.294305013300743]]]}, "properties": {}}, {"type": "Feature", "geometry": {"type": "Polygon", "coordinates": [[[127.84567295905859, 26.30167876018156], [127.84567295905859, 26.30393765077162], [127.84567295905859, 26.30167876018156]]]}, "properties": {}}, {"type": "Feature", "geometry": {"type": "Polygon", "coordinates": [[[127.85400833537632, 26.310907349497956], [127.8540083353763, 26.313167042518003], [127.85400833537632, 26.310907349497956]]]}, "properties": {}}, {"type": "Feature", "geometry": {"type": "Polygon", "coordinates": [[[127.96236822750674, 26.306037285353405], [127.9689493153752, 26.31980877666095], [127.96045644390163, 26.328144152978673], [127.95104066487843, 26.328144152978673], [127.95403285118903, 26.311994361363084], [127.96236822750674, 26.306037285353405]]]}, "properties": {}}, {"type": "Feature", "geometry": {"type": "Polygon", "coordinates": [[[126.87876930620249, 26.319475361608237], [126.8787693062025, 26.320404160683648], [126.87876930620249, 26.319475361608237]]]}, "properties": {}}, {"type": "Feature", "geometry": {"type": "Polygon", "coordinates": [[[126.92044618779113, 26.336122298882785], [126.93711694042656, 26.336188082572], [126.94545231674431, 26.34405714413069], [126.94687810479866, 26.353150281931846], [126.93711694042659, 26.35436890420052], [126.92790415607541, 26.353150281931846], [126.91936749203236, 26.344814905614122], [126.92044618779113, 26.336122298882785]]]}, "properties": {}}, {"type": "Feature", "geometry": {"type": "Polygon", "coordinates": [[[120.21880362834028, 26.341210418557807], [120.23276984612815, 26.344814905614122], [120.21880362834028, 26.348625363359368], [120.21880362834028, 26.341210418557807]]]}, "properties": {}}, {"type": "Feature", "geometry": {"type": "Polygon", "coordinates": [[[127.95403285118903, 26.33746131687501], [127.9700801650519, 26.344814905614122], [127.97903898014219, 26.351959513886456], [127.98737435645992, 26.353294243522488], [128.0000211343213, 26.36148565824957], [127.99570973277764, 26.377824588590464], [127.99570973277764, 26.37879562686218], [128.00404510909536, 26.39130065815528], [128.00404510909536, 26.39849472910027], [127.98957250421861, 26.39482716352047], [127.98737435645992, 26.385146286623772], [127.97070360382446, 26.382324099043885], [127.9675778377053, 26.369821034567295], [127.96236822750674, 26.35834023319571], [127.94697156429892, 26.353150281931846], [127.95403285118903, 26.33746131687501]]]}, "properties": {}}, {"type": "Feature", "geometry": {"type": "Polygon", "coordinates": [[[126.96212306937976, 26.35173149447351], [126.97171844444317, 26.353150281931846], [126.96212306937976, 26.35420874241664], [126.96212306937976, 26.35173149447351]]]}, "properties": {}}, {"type": "Feature", "geometry": {"type": "Polygon", "coordinates": [[[119.72701642559451, 26.35348772028117], [119.73999551968811, 26.36148565824957], [119.72701642559451, 26.368657282186327], [119.72701642559451, 26.35348772028117]]]}, "properties": {}}, {"type": "Feature", "geometry": {"type": "Polygon", "coordinates": [[[120.48553567050747, 26.356759173989893], [120.49938905794636, 26.36148565824957], [120.50220642314292, 26.372030411422596], [120.50220642314292, 26.385745335592205], [120.48553567050749, 26.38145583067746], [120.47720029418974, 26.39155255139565], [120.47720029418976, 26.379406717332678], [120.48120447824282, 26.369821034567295], [120.48553567050747, 26.356759173989893]]]}, "properties": {}}, {"type": "Feature", "geometry": {"type": "Polygon", "coordinates": [[[127.13716597205197, 26.358223989255677], [127.15383672468742, 26.35443133358998], [127.16715804494027, 26.36148565824957], [127.15412749362875, 26.369821034567295], [127.14943733536897, 26.37815641088502], [127.1455013483697, 26.386731309510726], [127.12883059573426, 26.387079538096945], [127.12883059573426, 26.381098308408923], [127.1331794877261, 26.369821034567295], [127.13716597205197, 26.358223989255677]]]}, "properties": {}}, {"type": "Feature", "geometry": {"type": "Polygon", "coordinates": [[[119.96874233880854, 26.364572120270154], [119.96874233880854, 26.373466840471682], [119.96874233880854, 26.364572120270154]]]}, "properties": {}}, {"type": "Feature", "geometry": {"type": "Polygon", "coordinates": [[[127.09548909046335, 26.38207894091689], [127.1121598430988, 26.384407943123318], [127.1121598430988, 26.387032043075195], [127.09548909046335, 26.38773518587998], [127.09548909046335, 26.38207894091689]]]}, "properties": {}}, {"type": "Feature", "geometry": {"type": "Polygon", "coordinates": [[[119.71034567295906, 26.39065947536161], [119.71034567295908, 26.400384081065624], [119.71034567295906, 26.39065947536161]]]}, "properties": {}}, {"type": "Feature", "geometry": {"type": "Polygon", "coordinates": [[[119.90205932826673, 26.406899087842696], [119.91609785680184, 26.411497916155923], [119.91039470458446, 26.425305508179477], [119.90205932826672, 26.417560008023358], [119.90205932826673, 26.406899087842696]]]}, "properties": {}}, {"type": "Feature", "geometry": {"type": "Polygon", "coordinates": [[[119.88538857563128, 26.41164086549774], [119.88768080411866, 26.428168668791372], [119.88222688116595, 26.428168668791372], [119.88538857563128, 26.41164086549774]]]}, "properties": {}}, {"type": "Feature", "geometry": {"type": "Polygon", "coordinates": [[[119.69367492032363, 26.43372558633652], [119.6936749203236, 26.437430198033283], [119.69367492032363, 26.43372558633652]]]}, "properties": {}}, {"type": "Feature", "geometry": {"type": "Polygon", "coordinates": [[[119.6603334150527, 26.4606766364305], [119.66033341505272, 26.464844324589357], [119.6603334150527, 26.4606766364305]]]}, "properties": {}}, {"type": "Feature", "geometry": {"type": "Polygon", "coordinates": [[[120.13544986516303, 26.484555037999506], [120.14378524148076, 26.48777923882116], [120.14378524148077, 26.499519490071098], [120.1279415752135, 26.494851679333173], [120.13544986516303, 26.484555037999506]]]}, "properties": {}}, {"type": "Feature", "geometry": {"type": "Polygon", "coordinates": [[[120.02708997303262, 26.491063790621418], [120.04303512164809, 26.494851679333173], [120.05209610198577, 26.497585279075828], [120.06744866123161, 26.503187055650898], [120.06819176312287, 26.519857808286346], [120.05209610198577, 26.525448609475063], [120.03542534935033, 26.525547033392094], [120.02859578910115, 26.511522431968622], [120.02000264107501, 26.503187055650898], [120.02708997303262, 26.491063790621418]]]}, "properties": {}}, {"type": "Feature", "geometry": {"type": "Polygon", "coordinates": [[[120.13544986516303, 26.529819599495333], [120.15140906128356, 26.536528560921795], [120.14239269656193, 26.54486393723952], [120.12962011291229, 26.54486393723952], [120.13544986516303, 26.529819599495333]]]}, "properties": {}}, {"type": "Feature", "geometry": {"type": "Polygon", "coordinates": [[[120.00208384407944, 26.538361182989533], [120.00208384407944, 26.553008047472627], [120.00208384407944, 26.538361182989533]]]}, "properties": {}}, {"type": "Feature", "geometry": {"type": "Polygon", "coordinates": [[[119.79369943613631, 26.548549547507804], [119.79369943613631, 26.55613540663301], [119.79369943613631, 26.548549547507804]]]}, "properties": {}}, {"type": "Feature", "geometry": {"type": "Polygon", "coordinates": [[[120.12711448884531, 26.555580849648024], [120.14310830239351, 26.561534689874968], [120.14443814303301, 26.561534689874968], [120.1604559941162, 26.55683268272138], [120.1604559941162, 26.56785807880566], [120.14670262319197, 26.569870066192692], [120.1604559941162, 26.572406919854615], [120.16632162930276, 26.586540818828148], [120.16724889301132, 26.603211571463596], [120.15212061779849, 26.609374508908385], [120.14378524148076, 26.600896189115375], [120.13544986516303, 26.591700813691503], [120.12711448884531, 26.583091697593225], [120.11877911252758, 26.577350751233688], [120.11877911252758, 26.56165205648595], [120.12711448884531, 26.555580849648024]]]}, "properties": {}}, {"type": "Feature", "geometry": {"type": "Polygon", "coordinates": [[[119.80203481245402, 26.564122279142644], [119.81338511212073, 26.5698700661927], [119.80203481245404, 26.575094661269496], [119.80203481245402, 26.564122279142644]]]}, "properties": {}}, {"type": "Feature", "geometry": {"type": "Polygon", "coordinates": [[[127.2121843589115, 26.576114931607485], [127.22051973522923, 26.581300643484525], [127.22885511154696, 26.577371904878646], [127.23775274360612, 26.57820544251042], [127.25386124050013, 26.585098157542387], [127.25386124050014, 26.587731586873538], [127.24571388018957, 26.603211571463596], [127.23719048786468, 26.60350404080808], [127.2286527072655, 26.603211571463596], [127.22023965362888, 26.59487619514587], [127.21155210900504, 26.586540818828148], [127.2121843589115, 26.576114931607485]]]}, "properties": {}}, {"type": "Feature", "geometry": {"type": "Polygon", "coordinates": [[[119.60198578082863, 26.60318370112199], [119.60198578082866, 26.603260536618674], [119.60198578082863, 26.60318370112199]]]}, "properties": {}}, {"type": "Feature", "geometry": {"type": "Polygon", "coordinates": [[[119.79369943613631, 26.597801401698682], [119.80778334784557, 26.603211571463596], [119.79369943613631, 26.609773086104372], [119.79369943613631, 26.61233389797598], [119.81037018877176, 26.614370220405064], [119.81037018877177, 26.624563836825438], [119.80203481245405, 26.633460839909905], [119.78536405981859, 26.635632662166216], [119.77702868350086, 26.637479229658684], [119.76869330718313, 26.634469232655064], [119.76035793086541, 26.62719137071179], [119.76035793086541, 26.611808572896138], [119.76869330718313, 26.60572294737115], [119.78536405981859, 26.60341995587154], [119.79369943613631, 26.597801401698682]]]}, "properties": {}}, {"type": "Feature", "geometry": {"type": "Polygon", "coordinates": [[[128.24577102230938, 26.611381890824536], [128.2552015575594, 26.61154694778132], [128.24577102230938, 26.611803420898788], [128.24577102230938, 26.611381890824536]]]}, "properties": {}}, {"type": "Feature", "geometry": {"type": "Polygon", "coordinates": [[[120.35216964942389, 26.638207413659256], [120.36564813027806, 26.644888453052218], [120.35216964942389, 26.651569492445187], [120.35216964942389, 26.638207413659256]]]}, "properties": {}}, {"type": "Feature", "geometry": {"type": "Polygon", "coordinates": [[[127.82066683010542, 26.64423286165644], [127.82066683010541, 26.650723216474628], [127.82066683010542, 26.64423286165644]]]}, "properties": {}}, {"type": "Feature", "geometry": {"type": "Polygon", "coordinates": [[[120.31882814415297, 26.646846882268637], [120.31882814415297, 26.65838754201939], [120.31882814415297, 26.646846882268637]]]}, "properties": {}}, {"type": "Feature", "geometry": {"type": "Polygon", "coordinates": [[[119.92706545721991, 26.66348275406868], [119.94199604784028, 26.669894582005394], [119.94286803194345, 26.686565334640846], [119.94925191687122, 26.69490071095857], [119.93540083353763, 26.703025544808863], [119.91984146441122, 26.703236087276295], [119.91456239274332, 26.703236087276295], [119.90230093337739, 26.69490071095857], [119.91039470458446, 26.678449773095306], [119.91873008090218, 26.671978426084827], [119.92706545721991, 26.66348275406868]]]}, "properties": {}}, {"type": "Feature", "geometry": {"type": "Polygon", "coordinates": [[[120.31049276783526, 26.66563215356425], [120.31049276783526, 26.674663598094753], [120.31049276783526, 26.66563215356425]]]}, "properties": {}}, {"type": "Feature", "geometry": {"type": "Polygon", "coordinates": [[[120.38551115469478, 26.682353465968028], [120.38551115469477, 26.690255609678182], [120.38551115469478, 26.682353465968028]]]}, "properties": {}}, {"type": "Feature", "geometry": {"type": "Polygon", "coordinates": [[[128.02071586173082, 26.688946870731623], [128.03738661436626, 26.691774944839423], [128.0423878401569, 26.703236087276295], [128.03738661436626, 26.71415830452021], [128.02905123804854, 26.720084188344032], [128.02071586173082, 26.71664291999908], [128.00745525721405, 26.71157146359402], [128.00219280324697, 26.703236087276295], [128.0123804854131, 26.695761270143496], [128.02071586173082, 26.688946870731623]]]}, "properties": {}}, {"type": "Feature", "geometry": {"type": "Polygon", "coordinates": [[[120.34383427310615, 26.696562468602725], [120.3605050257416, 26.69704308778679], [120.3605050257416, 26.708388564494314], [120.35216964942389, 26.716572689384652], [120.34383427310615, 26.708800394332428], [120.34383427310615, 26.696562468602725]]]}, "properties": {}}, {"type": "Feature", "geometry": {"type": "Polygon", "coordinates": [[[127.7456484432459, 26.703089852604055], [127.7456484432459, 26.703583394622868], [127.7456484432459, 26.703089852604055]]]}, "properties": {}}, {"type": "Feature", "geometry": {"type": "Polygon", "coordinates": [[[127.75398381956362, 26.710645310669825], [127.77065457219908, 26.7072090980006], [127.78732532483451, 26.705706560416267], [127.80399607746998, 26.70382432836824], [127.82066683010542, 26.703794010740275], [127.83213812765054, 26.71157146359402], [127.82977959903307, 26.728242216229468], [127.82066683010542, 26.73009146311073], [127.8123314537877, 26.73739089733534], [127.79566070115226, 26.73720431257108], [127.7789899485168, 26.7374938927807], [127.76231919588135, 26.737038704140772], [127.75398381956362, 26.729591782587296], [127.75139037868647, 26.719906839911744], [127.75398381956362, 26.710645310669825]]]}, "properties": {}}, {"type": "Feature", "geometry": {"type": "Polygon", "coordinates": [[[119.94373620985536, 26.739356051319767], [119.94373620985536, 26.745554151658588], [119.94373620985536, 26.739356051319767]]]}, "properties": {}}, {"type": "Feature", "geometry": {"type": "Polygon", "coordinates": [[[120.13544986516303, 26.75491542044619], [120.14378524148077, 26.76356833490935], [120.14378524148076, 26.77598118968553], [120.13544986516303, 26.76883187482013], [120.13544986516303, 26.75491542044619]]]}, "properties": {}}, {"type": "Feature", "geometry": {"type": "Polygon", "coordinates": [[[119.71034567295908, 26.764362180272947], [119.71034567295908, 26.775476015363246], [119.71034567295908, 26.764362180272947]]]}, "properties": {}}, {"type": "Feature", "geometry": {"type": "Polygon", "coordinates": [[[120.15212061779849, 26.79557869702271], [120.15212061779849, 26.811148642586137], [120.15212061779849, 26.79557869702271]]]}, "properties": {}}, {"type": "Feature", "geometry": {"type": "Polygon", "coordinates": [[[120.09377298357441, 26.820479015142677], [120.10471495528711, 26.828266732042167], [120.09377298357441, 26.835019241602982], [120.09377298357441, 26.820479015142677]]]}, "properties": {}}, {"type": "Feature", "geometry": {"type": "Polygon", "coordinates": [[[120.12711448884531, 26.834518264280458], [120.12711448884531, 26.83779287640528], [120.12711448884531, 26.834518264280458]]]}, "properties": {}}, {"type": "Feature", "geometry": {"type": "Polygon", "coordinates": [[[120.21880362834028, 26.872576629633766], [120.22613307601686, 26.886614366266244], [120.21100351458124, 26.886614366266244], [120.21880362834028, 26.872576629633766]]]}, "properties": {}}, {"type": "Feature", "geometry": {"type": "Polygon", "coordinates": [[[127.92902672223585, 26.884530522186814], [127.9456974748713, 26.885964856423303], [127.95436187920157, 26.886614366266244], [127.95403285118903, 26.895505434338485], [127.93825517458761, 26.903285118901696], [127.95403285118903, 26.910578573179702], [127.95786261868636, 26.91995587153714], [127.95948128988601, 26.936626624172597], [127.95403285118903, 26.951609484154552], [127.95403285118903, 26.96044198508038], [127.9626208146679, 26.96163275312577], [127.97070360382446, 26.97708369459277], [127.9790389801422, 26.98599769928527], [127.97903898014219, 26.987374356459917], [127.96236822750674, 26.987129198332926], [127.95403285118903, 26.982304486393726], [127.94370736770182, 26.978303505761218], [127.95333823649587, 26.969968129443494], [127.93736209855356, 26.962915118713113], [127.92902672223585, 26.95672959058593], [127.92069134591812, 26.951028218195116], [127.91841806146783, 26.936626624172593], [127.92069134591812, 26.92245648443246], [127.9277243196862, 26.911620495219417], [127.92798133744041, 26.894949742583965], [127.92902672223585, 26.884530522186814]]]}, "properties": {}}, {"type": "Feature", "geometry": {"type": "Polygon", "coordinates": [[[120.20213287570483, 26.891615592056876], [120.20213287570482, 26.897980788517685], [120.20213287570483, 26.891615592056876]]]}, "properties": {}}, {"type": "Feature", "geometry": {"type": "Polygon", "coordinates": [[[120.15212061779849, 26.903572545671267], [120.15212061779849, 26.919400179782627], [120.15212061779849, 26.903572545671267]]]}, "properties": {}}, {"type": "Feature", "geometry": {"type": "Polygon", "coordinates": [[[120.30215739151753, 26.92109219590204], [120.31612477886074, 26.928291247854865], [120.31049276783526, 26.9435322618756], [120.29382201519981, 26.944406573241114], [120.2784092743003, 26.936626624172593], [120.29382201519981, 26.92853871077617], [120.30215739151753, 26.92109219590204]]]}, "properties": {}}, {"type": "Feature", "geometry": {"type": "Polygon", "coordinates": [[[120.33549889678844, 26.92485903407698], [120.35216964942389, 26.920534430140087], [120.36843266461295, 26.928291247854865], [120.37717577837705, 26.929264627708243], [120.39218278326292, 26.936626624172597], [120.37995423714963, 26.944962000490317], [120.37657423569877, 26.95329737680804], [120.3855111546948, 26.954877243484102], [120.38551115469478, 26.968654437309006], [120.36884040205933, 26.967723989665643], [120.35815279176956, 26.969968129443494], [120.34383427310615, 26.97745147916797], [120.32882519524686, 26.969968129443494], [120.31940299769212, 26.96163275312577], [120.3160496853804, 26.95329737680804], [120.31895408472298, 26.94496200049032], [120.3271635204707, 26.93119050918277], [120.33549889678844, 26.92485903407698]]]}, "properties": {}}, {"type": "Feature", "geometry": {"type": "Polygon", "coordinates": [[[120.48553567050746, 26.966289388039378], [120.49095385963469, 26.978303505761218], [120.48011748138026, 26.978303505761218], [120.48553567050746, 26.966289388039378]]]}, "properties": {}}, {"type": "Feature", "geometry": {"type": "Polygon", "coordinates": [[[127.86234371169405, 26.96985236032797], [127.86234371169405, 26.970088931998827], [127.86234371169405, 26.96985236032797]]]}, "properties": {}}, {"type": "Feature", "geometry": {"type": "Polygon", "coordinates": [[[120.46886491787203, 26.980688759096836], [120.46886491787203, 26.99117343259814], [120.46886491787203, 26.980688759096836]]]}, "properties": {}}, {"type": "Feature", "geometry": {"type": "Polygon", "coordinates": [[[120.71059083108605, 26.980380673219642], [120.72448312494893, 26.986638882078942], [120.71892620740377, 26.998005304330384], [120.70701741716861, 27.00330963471439], [120.70225545476832, 27.01521731516828], [120.68812799813435, 27.011645011032115], [120.6939200784506, 26.99519115603527], [120.70509061675665, 26.994974258396667], [120.71059083108605, 26.980380673219642]]]}, "properties": {}}, {"type": "Feature", "geometry": {"type": "Polygon", "coordinates": [[[127.92902672223585, 26.98614856582496], [127.93736209855356, 26.99427964370352], [127.9430215916314, 27.00330963471439], [127.9456974748713, 27.012667756580605], [127.95403285118903, 27.020126853287746], [127.96236822750674, 27.018591157963552], [127.97070360382446, 27.022922284873744], [127.9785486638882, 27.036651139985292], [127.98181743891476, 27.036651139985295], [127.9882078940917, 27.036651139985292], [127.9997230621158, 27.04498651630302], [128.0021550010214, 27.06165726893847], [128.00404510909536, 27.070680950504258], [128.0123804854131, 27.07847785756453], [128.02071586173082, 27.088763870761362], [128.02071586173082, 27.099665641554836], [128.00404510909536, 27.09732492573989], [127.99495197129421, 27.094998774209362], [127.98560624633191, 27.08666339789164], [127.97070360382448, 27.080140059903858], [127.9665359156656, 27.069992645256193], [127.96028438342731, 27.06165726893847], [127.95403285118903, 27.050917688323256], [127.9423633243442, 27.044986516303016], [127.92902672223585, 27.037345754678434], [127.92604980212236, 27.028315763667564], [127.92757709157189, 27.011645011032115], [127.91798142716874, 27.00330963471439], [127.91111453057435, 26.994974258396667], [127.92069134591812, 26.99018791011686], [127.92902672223585, 26.98614856582496]]]}, "properties": {}}, {"type": "Feature", "geometry": {"type": "Polygon", "coordinates": [[[128.46249080657026, 27.0183133120863], [128.4791615592057, 27.01759885125906], [128.4791615592057, 27.02183269319822], [128.46434311241862, 27.028315763667564], [128.46063712759488, 27.03665113998529], [128.45597386663744, 27.053321892620744], [128.44819493769012, 27.06165726893847], [128.44634719235805, 27.078328021573917], [128.44542194640917, 27.078328021573917], [128.43730606241027, 27.069992645256193], [128.42081392498162, 27.06215225869091], [128.4085003008759, 27.06165726893847], [128.4033754403169, 27.053321892620744], [128.40414317234615, 27.04406608286906], [128.4124785486639, 27.035498367666083], [128.4267189956417, 27.028315763667564], [128.43748467761708, 27.023421203113088], [128.4541554302525, 27.02086399617059], [128.46249080657026, 27.0183133120863]]]}, "properties": {}}, {"type": "Feature", "geometry": {"type": "Polygon", "coordinates": [[[120.8272860995342, 27.04208725497511], [120.83946857261395, 27.044986516303016], [120.8272860995342, 27.048496148436797], [120.8272860995342, 27.04208725497511]]]}, "properties": {}}, {"type": "Feature", "geometry": {"type": "Polygon", "coordinates": [[[120.55221868104928, 27.237703742901314], [120.56655552831577, 27.245035547928417], [120.55221868104928, 27.252628550144934], [120.55221868104928, 27.237703742901314]]]}, "properties": {}}, {"type": "Feature", "geometry": {"type": "Polygon", "coordinates": [[[120.56888943368475, 27.34228160496854], [120.56888943368475, 27.345285344182138], [120.56888943368475, 27.34228160496854]]]}, "properties": {}}, {"type": "Feature", "geometry": {"type": "Polygon", "coordinates": [[[120.58556018632018, 27.337167038909207], [120.60161793094598, 27.345060063741116], [120.59722971316498, 27.361730816376564], [120.59278417912887, 27.361730816376564], [120.58556018632018, 27.35324258151301], [120.58556018632018, 27.337167038909207]]]}, "properties": {}}, {"type": "Feature", "geometry": {"type": "Polygon", "coordinates": [[[121.0273351311596, 27.419353635268667], [121.02889801421918, 27.428413826918366], [121.02733513115959, 27.438031568823433], [121.0264089782354, 27.428413826918362], [121.0273351311596, 27.419353635268667]]]}, "properties": {}}, {"type": "Feature", "geometry": {"type": "Polygon", "coordinates": [[[121.05234126011277, 27.42462089008504], [121.05234126011277, 27.431695758445265], [121.05234126011277, 27.42462089008504]]]}, "properties": {}}, {"type": "Feature", "geometry": {"type": "Polygon", "coordinates": [[[121.07734738906595, 27.432581515077228], [121.07734738906595, 27.440508294516633], [121.07734738906595, 27.432581515077228]]]}, "properties": {}}, {"type": "Feature", "geometry": {"type": "Polygon", "coordinates": [[[121.06067663643049, 27.43926791936757], [121.06749960622184, 27.45341995587154], [121.07734738906595, 27.454434300412593], [121.0940181417014, 27.454769730333147], [121.10235351801913, 27.44959018837421], [121.10235351801913, 27.456372068317396], [121.09401814170141, 27.466934535318224], [121.0839038402281, 27.470090708506987], [121.07317435093984, 27.47842608482471], [121.06580891475463, 27.486761461142436], [121.05511707519143, 27.486761461142436], [121.04701413990972, 27.47842608482471], [121.0525503414612, 27.470090708506987], [121.04482367888792, 27.461755332189263], [121.05258054177021, 27.45341995587154], [121.06067663643049, 27.43926791936757]]]}, "properties": {}}, {"type": "Feature", "geometry": {"type": "Polygon", "coordinates": [[[121.11068889433685, 27.46428759841237], [121.11068889433685, 27.476096547338535], [121.11068889433685, 27.46428759841237]]]}, "properties": {}}, {"type": "Feature", "geometry": {"type": "Polygon", "coordinates": [[[121.08568276538367, 27.489607321801813], [121.08568276538367, 27.500305559486], [121.08568276538367, 27.489607321801813]]]}, "properties": {}}, {"type": "Feature", "geometry": {"type": "Polygon", "coordinates": [[[120.65224319686197, 27.52822309488659], [120.65224319686197, 27.528660459822216], [120.65224319686197, 27.52822309488659]]]}, "properties": {}}, {"type": "Feature", "geometry": {"type": "Polygon", "coordinates": [[[120.67724932581515, 27.52565988395849], [120.68975239029174, 27.528438342731064], [120.68558470213287, 27.537815641088503], [120.67724932581514, 27.529364495655255], [120.67724932581515, 27.52565988395849]]]}, "properties": {}}, {"type": "Feature", "geometry": {"type": "Polygon", "coordinates": [[[120.70225545476833, 27.52121434992237], [120.70225545476833, 27.536178335026097], [120.70225545476833, 27.52121434992237]]]}, "properties": {}}, {"type": "Feature", "geometry": {"type": "Polygon", "coordinates": [[[121.21904878646725, 27.608003733621125], [121.22484804419065, 27.62012748222604], [121.22000140090358, 27.636798234861487], [121.21071341014954, 27.641234806127372], [121.20237803383182, 27.635058072777124], [121.18752555325875, 27.636798234861487], [121.18364743179983, 27.636798234861487], [121.18570728119637, 27.62131825027143], [121.1940426575141, 27.615287022617352], [121.20237803383182, 27.62047859327903], [121.21071341014955, 27.61528758629962], [121.21904878646725, 27.608003733621125]]]}, "properties": {}}, {"type": "Feature", "geometry": {"type": "Polygon", "coordinates": [[[121.03567050747732, 27.627972542289776], [121.04400588379507, 27.634604714777876], [121.05946720860996, 27.636798234861487], [121.04400588379505, 27.63977515497496], [121.02733513115959, 27.637724387785678], [121.02733513115962, 27.636242543106974], [121.03567050747732, 27.627972542289776]]]}, "properties": {}}, {"type": "Feature", "geometry": {"type": "Polygon", "coordinates": [[[121.16903652856092, 27.63119079988411], [121.16903652856092, 27.6429664133366], [121.16903652856092, 27.63119079988411]]]}, "properties": {}}, {"type": "Feature", "geometry": {"type": "Polygon", "coordinates": [[[120.81895072321647, 27.63865054070987], [120.8272860995342, 27.645623927433196], [120.8272860995342, 27.66074349773786], [120.81478303505762, 27.653468987496936], [120.81895072321647, 27.63865054070987]]]}, "properties": {}}, {"type": "Feature", "geometry": {"type": "Polygon", "coordinates": [[[120.96898749693551, 27.64270245975321], [120.98035391918697, 27.64513361117921], [120.98565824957097, 27.658678597695513], [120.98739478630382, 27.670139740132385], [120.98052878722162, 27.678475116450116], [120.96898749693551, 27.681809266977204], [120.95231674430006, 27.67999063941697], [120.94398136798233, 27.672640353027703], [120.94398136798235, 27.66388820789409], [120.95231674430008, 27.658862466290756], [120.96065212061778, 27.651507722481], [120.96898749693551, 27.64270245975321]]]}, "properties": {}}, {"type": "Feature", "geometry": {"type": "Polygon", "coordinates": [[[120.80227997058103, 27.65439514042113], [120.80227997058103, 27.66921358720819], [120.80227997058103, 27.65439514042113]]]}, "properties": {}}, {"type": "Feature", "geometry": {"type": "Polygon", "coordinates": [[[120.83562147585192, 27.670502147798373], [120.8435536900596, 27.686810492767837], [120.82749267640244, 27.686810492767837], [120.83562147585192, 27.670502147798373]]]}, "properties": {}}, {"type": "Feature", "geometry": {"type": "Polygon", "coordinates": [[[120.91897523902918, 27.67973582379104], [120.91897523902918, 27.694068111558742], [120.91897523902918, 27.67973582379104]]]}, "properties": {}}, {"type": "Feature", "geometry": {"type": "Polygon", "coordinates": [[[120.77727384162785, 27.68958895154041], [120.78977690610444, 27.69514586908556], [120.77727384162785, 27.69633663713095], [120.77727384162785, 27.68958895154041]]]}, "properties": {}}, {"type": "Feature", "geometry": {"type": "Polygon", "coordinates": [[[120.81061534689874, 27.68712473881638], [120.81061534689874, 27.703321103684946], [120.81061534689874, 27.68712473881638]]]}, "properties": {}}, {"type": "Feature", "geometry": {"type": "Polygon", "coordinates": [[[120.90230448639372, 27.69573300524108], [120.90230448639372, 27.710415423773377], [120.893969110076, 27.71885902343916], [120.87845886930279, 27.711816621721013], [120.893969110076, 27.70418208981863], [120.90230448639372, 27.69573300524108]]]}, "properties": {}}, {"type": "Feature", "geometry": {"type": "Polygon", "coordinates": [[[120.86062760480512, 27.759050420854788], [120.87729835744057, 27.759050420854788], [120.87729835744055, 27.765996567786225], [120.8606276048051, 27.765996567786225], [120.86062760480512, 27.759050420854788]]]}, "properties": {}}, {"type": "Feature", "geometry": {"type": "Polygon", "coordinates": [[[121.1273596469723, 27.754025096176694], [121.14403039960774, 27.754212457601188], [121.14991419465557, 27.770164255945087], [121.14010786957587, 27.77849963226281], [121.12944349105172, 27.77849963226281], [121.12357083955514, 27.770164255945083], [121.1273596469723, 27.754025096176694]]]}, "properties": {}}, {"type": "Feature", "geometry": {"type": "Polygon", "coordinates": [[[121.07734738906595, 27.776647326414427], [121.08568276538367, 27.778585973429568], [121.09278899418246, 27.795170384898263], [121.07734738906595, 27.801554928460774], [121.06901201274822, 27.790539620277304], [121.0690120127482, 27.783803962646818], [121.07734738906595, 27.776647326414427]]]}, "properties": {}}, {"type": "Feature", "geometry": {"type": "Polygon", "coordinates": [[[121.12735964697228, 27.78901808333042], [121.14403039960774, 27.793747271868405], [121.15189396217164, 27.803505761215987], [121.15236577592547, 27.812198572200387], [121.16903652856092, 27.812475971957596], [121.17679482261772, 27.82851189016916], [121.18431805181008, 27.836847266486885], [121.19265342812781, 27.84518264280461], [121.18779112527581, 27.86185339544006], [121.17737190487864, 27.86922699756728], [121.16903652856092, 27.8766005996945], [121.16070115224319, 27.880191223339054], [121.15877760386218, 27.895194900710962], [121.1534771594345, 27.91186565334641], [121.14403039960774, 27.915878982684575], [121.1273596469723, 27.91623180284617], [121.11902427065458, 27.92676292165894], [121.10235351801913, 27.920895644357277], [121.10235351801913, 27.916033341505273], [121.11068889433685, 27.90372959258054], [121.11068889433685, 27.902604124104492], [121.10235351801913, 27.892123972593904], [121.0940181417014, 27.880376453923894], [121.07734738906593, 27.882096452211677], [121.0665113998529, 27.878524148075506], [121.05650894827164, 27.87852414807551], [121.04734003432213, 27.886859524393238], [121.04233880853151, 27.886859524393238], [121.03165397902106, 27.878524148075506], [121.01899975484187, 27.873165691871257], [121.0124666220523, 27.86185339544006], [121.00788591975157, 27.853518019122333], [121.01089318380133, 27.84518264280461], [121.01899975484187, 27.83221650186593], [121.03483696984554, 27.836847266486885], [121.04400588379505, 27.837809040677392], [121.05234126011277, 27.82943804309335], [121.06817847511644, 27.836847266486885], [121.07067908801177, 27.84518264280461], [121.07734738906595, 27.855873668951258], [121.08568276538367, 27.862548010133203], [121.09401814170138, 27.872967230530364], [121.11068889433685, 27.8724503080349], [121.12653314341193, 27.87852414807551], [121.13569502329003, 27.878633141159643], [121.14403039960774, 27.8712306937975], [121.15236577592547, 27.862391161654106], [121.15236577592546, 27.858221423120412], [121.13569502329003, 27.8549930034292], [121.11902427065456, 27.86040376477611], [121.11068889433685, 27.85302770286835], [121.0940181417014, 27.846698165771468], [121.08568276538367, 27.842265261093406], [121.07848403129108, 27.82851189016916], [121.08568276538367, 27.81335666050057], [121.0940181417014, 27.80492848389705], [121.10235351801913, 27.812301083819452], [121.11902427065459, 27.812396829288225], [121.13569502329003, 27.819310112751143], [121.13569502329003, 27.81112761447777], [121.12007494837538, 27.803505761215987], [121.12735964697228, 27.78901808333042]]]}, "properties": {}}, {"type": "Feature", "geometry": {"type": "Polygon", "coordinates": [[[121.21904878646727, 27.8214926259016], [121.21904878646728, 27.833641352518526], [121.21904878646727, 27.8214926259016]]]}, "properties": {}}, {"type": "Feature", "geometry": {"type": "Polygon", "coordinates": [[[120.98565824957097, 27.85073956034976], [120.99399362588869, 27.856296477894908], [120.99510500939772, 27.870188771757785], [120.99399362588869, 27.882691836234372], [120.9828797907984, 27.878524148075513], [120.98010133202582, 27.861853395440065], [120.98565824957097, 27.85073956034976]]]}, "properties": {}}, {"type": "Feature", "geometry": {"type": "Polygon", "coordinates": [[[120.9606521206178, 27.8576857072812], [120.9606521206178, 27.866021083598923], [120.9606521206178, 27.8576857072812]]]}, "properties": {}}, {"type": "Feature", "geometry": {"type": "Polygon", "coordinates": [[[128.23743564599167, 27.858102476097088], [128.2385933371469, 27.870188771757785], [128.23407282875857, 27.87852414807551], [128.22910026967395, 27.88825889414001], [128.2207648933562, 27.88215177065154], [128.2207648933562, 27.873904267263626], [128.22910026967395, 27.86340698473195], [128.23743564599167, 27.858102476097088]]]}, "properties": {}}, {"type": "Feature", "geometry": {"type": "Polygon", "coordinates": [[[120.9606521206178, 27.899362588869824], [120.96898749693553, 27.90630873580126], [120.98565824957097, 27.90769796518755], [120.99399362588869, 27.916033341505273], [121.01066437852415, 27.916033341505273], [121.01066437852415, 27.922284873743568], [120.99399362588869, 27.924368717822997], [120.98565824957097, 27.931314864754434], [120.97315518509438, 27.936871782299583], [120.96273596469723, 27.945207158617308], [120.95476832557, 27.953542534935032], [120.94616971159144, 27.96187791125276], [120.93564599166463, 27.96396956003069], [120.9273106153469, 27.972000107834038], [120.91257044924916, 27.978548663888212], [120.90230448639372, 27.980386530840665], [120.88563373375828, 27.980997474946367], [120.86896298112282, 27.98266359655171], [120.86062760480512, 27.989662498978515], [120.851101460442, 27.986884040205936], [120.84256762278338, 27.978548663888212], [120.85229222848736, 27.97333905368963], [120.8606276048051, 27.96842646730693], [120.86896298112282, 27.957540317268474], [120.87729835744057, 27.950764076162457], [120.88876733391706, 27.945207158617308], [120.89809998743806, 27.936871782299583], [120.91063986271146, 27.93303743712206], [120.91897523902918, 27.92421807839964], [120.9273106153469, 27.91658824619926], [120.93564599166461, 27.908279779216933], [120.94902212911748, 27.91186565334641], [120.95509520307266, 27.91186565334641], [120.9606521206178, 27.899362588869824]]]}, "properties": {}}, {"type": "Feature", "geometry": {"type": "Polygon", "coordinates": [[[121.0356705074773, 27.931662172101003], [121.05234126011277, 27.93409332352701], [121.0596347143908, 27.945207158617308], [121.06901201274822, 27.952153305548748], [121.07734738906595, 27.954237149628177], [121.0829043066111, 27.945207158617308], [121.0940181417014, 27.937665627663176], [121.11068889433685, 27.94051850943859], [121.12319195881344, 27.945207158617308], [121.13569502329003, 27.9465963880036], [121.14403039960774, 27.95432281824016], [121.14403039960774, 27.967374746319777], [121.13777886736945, 27.978548663888212], [121.13226280951213, 27.986884040205936], [121.12477964954061, 27.99521941652366], [121.11902427065458, 28.005025741603337], [121.10235351801913, 28.007305712184362], [121.09502413539492, 27.99521941652366], [121.08672468742338, 27.99521941652366], [121.08539287286878, 28.003554792841385], [121.07734738906595, 28.016201570702762], [121.0690120127482, 28.02383754188118], [121.06276048050992, 28.01189016915911], [121.05969276294165, 28.01189016915911], [121.04869306819512, 28.01189016915911], [121.04400588379505, 27.996405863801247], [121.0399398465669, 27.986884040205936], [121.04580371005966, 27.978548663888212], [121.04145609339736, 27.97021328757048], [121.03112393857674, 27.96187791125276], [121.02954155430254, 27.945207158617308], [121.0356705074773, 27.931662172101003]]]}, "properties": {}}, {"type": "Feature", "geometry": {"type": "Polygon", "coordinates": [[[121.00232900220642, 27.966045599411622], [121.005107460979, 27.978548663888215], [120.99816131404756, 27.978548663888212], [121.00232900220642, 27.966045599411622]]]}, "properties": {}}, {"type": "Feature", "geometry": {"type": "Polygon", "coordinates": [[[121.16903652856092, 27.965582522949525], [121.18570728119637, 27.962919833292474], [121.19551360627605, 27.97021328757048], [121.2065457219907, 27.978548663888212], [121.21904878646727, 27.980632507967645], [121.22969954509549, 27.986884040205936], [121.23838275389679, 27.99521941652366], [121.227384162785, 28.000658889159816], [121.21071341014957, 28.000126853956623], [121.20237803383182, 28.004312554324812], [121.18570728119637, 28.009482492558533], [121.1729590585928, 28.003554792841385], [121.16377208036025, 27.99521941652366], [121.16221667521006, 27.978548663888212], [121.16903652856092, 27.965582522949525]]]}, "properties": {}}, {"type": "Feature", "geometry": {"type": "Polygon", "coordinates": [[[121.14403039960774, 28.012116121353625], [121.16000653755006, 28.020225545476833], [121.14630368405804, 28.028560921794558], [121.14278009316008, 28.028560921794558], [121.14403039960774, 28.012116121353625]]]}, "properties": {}}, {"type": "Feature", "geometry": {"type": "Polygon", "coordinates": [[[121.41076244177495, 28.03272860995342], [121.41076244177495, 28.04245321565743], [121.41076244177495, 28.03272860995342]]]}, "properties": {}}, {"type": "Feature", "geometry": {"type": "Polygon", "coordinates": [[[121.41076244177495, 28.04742519451362], [121.41076244177495, 28.060431478303506], [121.41076244177495, 28.04742519451362]]]}, "properties": {}}, {"type": "Feature", "geometry": {"type": "Polygon", "coordinates": [[[121.07734738906595, 28.06607011522432], [121.07734738906595, 28.074405491542045], [121.07734738906595, 28.06607011522432]]]}, "properties": {}}, {"type": "Feature", "geometry": {"type": "Polygon", "coordinates": [[[121.0606766364305, 28.076489335621478], [121.07317970090708, 28.07857317970091], [121.07234616327531, 28.09524393233636], [121.06901201274822, 28.1046212306938], [121.06067663643049, 28.098220852449828], [121.05697202473374, 28.086908556018635], [121.0606766364305, 28.076489335621478]]]}, "properties": {}}, {"type": "Feature", "geometry": {"type": "Polygon", "coordinates": [[[121.31073792596224, 28.084824711939202], [121.31282177004167, 28.09524393233636], [121.3086540818828, 28.09524393233636], [121.31073792596224, 28.084824711939202]]]}, "properties": {}}, {"type": "Feature", "geometry": {"type": "Polygon", "coordinates": [[[121.34407943123314, 28.084824711939202], [121.35797172509601, 28.086908556018635], [121.36825202255456, 28.09524393233636], [121.36908556018632, 28.103865060326896], [121.36908556018632, 28.119447811405287], [121.35241480755087, 28.114693143744383], [121.34407943123314, 28.10715161279025], [121.33574405491542, 28.098578082863447], [121.33574405491541, 28.08968701479121], [121.34407943123314, 28.084824711939202]]]}, "properties": {}}, {"type": "Feature", "geometry": {"type": "Polygon", "coordinates": [[[121.3940916891395, 28.083574405491547], [121.41047390064448, 28.086908556018635], [121.40004552936645, 28.09524393233636], [121.40993036027945, 28.103579308654083], [121.39510646590838, 28.103579308654083], [121.38946092451853, 28.09524393233636], [121.3940916891395, 28.083574405491547]]]}, "properties": {}}, {"type": "Feature", "geometry": {"type": "Polygon", "coordinates": [[[121.50245158126992, 28.078754679460435], [121.51912233390537, 28.079406717332684], [121.53103001435926, 28.086908556018635], [121.52983924631387, 28.103579308654083], [121.51912233390536, 28.110299301916726], [121.50245158126992, 28.1046212306938], [121.49661681784752, 28.09524393233636], [121.50245158126992, 28.078754679460435]]]}, "properties": {}}, {"type": "Feature", "geometry": {"type": "Polygon", "coordinates": [[[121.48578082863446, 28.09672249137844], [121.48578082863447, 28.109877525726976], [121.48578082863446, 28.09672249137844]]]}, "properties": {}}, {"type": "Feature", "geometry": {"type": "Polygon", "coordinates": [[[121.07734738906595, 28.107746996812946], [121.0790144643295, 28.120250061289536], [121.07670620627229, 28.120250061289536], [121.07734738906595, 28.107746996812946]]]}, "properties": {}}, {"type": "Feature", "geometry": {"type": "Polygon", "coordinates": [[[121.3940916891395, 28.121708825098903], [121.39729760310786, 28.136920813924984], [121.39164010786958, 28.13692081392498], [121.3940916891395, 28.121708825098903]]]}, "properties": {}}, {"type": "Feature", "geometry": {"type": "Polygon", "coordinates": [[[121.48578082863446, 28.134567765183085], [121.48578082863447, 28.14001381511364], [121.48578082863446, 28.134567765183085]]]}, "properties": {}}, {"type": "Feature", "geometry": {"type": "Polygon", "coordinates": [[[121.63581760235351, 28.222066834690246], [121.63581760235351, 28.23549468990988], [121.63581760235351, 28.222066834690246]]]}, "properties": {}}, {"type": "Feature", "geometry": {"type": "Polygon", "coordinates": [[[121.7025006128953, 28.249726240091526], [121.70250061289532, 28.25810436192883], [121.7025006128953, 28.249726240091526]]]}, "properties": {}}, {"type": "Feature", "geometry": {"type": "Polygon", "coordinates": [[[121.13569502329003, 28.261373013294012], [121.13569502329004, 28.26293541759715], [121.13569502329003, 28.261373013294012]]]}, "properties": {}}, {"type": "Feature", "geometry": {"type": "Polygon", "coordinates": [[[121.1940426575141, 28.256593002486607], [121.20569209909702, 28.26195145869086], [121.19404265751409, 28.26536138536629], [121.1940426575141, 28.256593002486607]]]}, "properties": {}}, {"type": "Feature", "geometry": {"type": "Polygon", "coordinates": [[[121.4607746996813, 28.26611914684972], [121.46077469968131, 28.27167606439487], [121.4607746996813, 28.26611914684972]]]}, "properties": {}}, {"type": "Feature", "geometry": {"type": "Polygon", "coordinates": [[[121.69416523657759, 28.2630420007153], [121.69833292473646, 28.278622211326308], [121.68687178229959, 28.278622211326308], [121.69416523657759, 28.2630420007153]]]}, "properties": {}}, {"type": "Feature", "geometry": {"type": "Polygon", "coordinates": [[[121.67749448394214, 28.27612159843099], [121.68568159672132, 28.286957587644032], [121.66945045247377, 28.286957587644032], [121.67749448394214, 28.27612159843099]]]}, "properties": {}}, {"type": "Feature", "geometry": {"type": "Polygon", "coordinates": [[[121.68582986025987, 28.369301988838487], [121.68582986025989, 28.371429951113793], [121.68582986025987, 28.369301988838487]]]}, "properties": {}}, {"type": "Feature", "geometry": {"type": "Polygon", "coordinates": [[[121.67749448394214, 28.37364550134837], [121.67749448394214, 28.384082842128826], [121.67749448394214, 28.37364550134837]]]}, "properties": {}}, {"type": "Feature", "geometry": {"type": "Polygon", "coordinates": [[[121.70250061289532, 28.37837041632782], [121.70250061289532, 28.37881016588675], [121.70250061289532, 28.37837041632782]]]}, "properties": {}}, {"type": "Feature", "geometry": {"type": "Polygon", "coordinates": [[[121.72750674184849, 28.379710817732757], [121.72750674184849, 28.39474915866188], [121.72750674184849, 28.379710817732757]]]}, "properties": {}}, {"type": "Feature", "geometry": {"type": "Polygon", "coordinates": [[[121.91088502083844, 28.38910238990901], [121.91088502083844, 28.401074904711642], [121.90254964452072, 28.404290655338716], [121.90254964452073, 28.402731410421055], [121.91088502083844, 28.38910238990901]]]}, "properties": {}}, {"type": "Feature", "geometry": {"type": "Polygon", "coordinates": [[[121.89421426820299, 28.407686102697532], [121.894214268203, 28.41579869015515], [121.89421426820299, 28.407686102697532]]]}, "properties": {}}, {"type": "Feature", "geometry": {"type": "Polygon", "coordinates": [[[121.84420201029664, 28.424870177628208], [121.84420201029664, 28.432826673204218], [121.84420201029664, 28.424870177628208]]]}, "properties": {}}, {"type": "Feature", "geometry": {"type": "Polygon", "coordinates": [[[121.87754351556754, 28.4303260603089], [121.89421426820299, 28.430820008535136], [121.908801176759, 28.43699436136308], [121.91088502083844, 28.445531905432695], [121.91088502083844, 28.460617885896298], [121.89421426820299, 28.457945442377905], [121.88026527109986, 28.453665113998532], [121.87067369992107, 28.445329737680808], [121.87754351556754, 28.4303260603089]]]}, "properties": {}}, {"type": "Feature", "geometry": {"type": "Polygon", "coordinates": [[[121.8608727629321, 28.46526215931015], [121.86087276293208, 28.476477722868093], [121.8608727629321, 28.46526215931015]]]}, "properties": {}}, {"type": "Feature", "geometry": {"type": "Polygon", "coordinates": [[[121.88587889188527, 28.467461598938215], [121.88587889188527, 28.477282013565418], [121.88587889188527, 28.478841127320422], [121.89480965222569, 28.478671242951705], [121.90604512491201, 28.478671242951705], [121.91056304660734, 28.495341995587154], [121.9053281032933, 28.512012748222602], [121.89421426820299, 28.518264280460897], [121.87754351556754, 28.516501027778304], [121.86920813924982, 28.511193949001793], [121.86642968047724, 28.495341995587154], [121.87337582740868, 28.48700661926943], [121.87754351556754, 28.474629848373414], [121.88587889188527, 28.467461598938215]]]}, "properties": {}}, {"type": "Feature", "geometry": {"type": "Polygon", "coordinates": [[[121.802525128708, 28.59696946838403], [121.81919588134348, 28.602034812454033], [121.82641987415217, 28.612037264035305], [121.81294434910518, 28.62037264035303], [121.80252512870803, 28.621761869739316], [121.79669036528561, 28.612037264035305], [121.802525128708, 28.59696946838403]]]}, "properties": {}}, {"type": "Feature", "geometry": {"type": "Polygon", "coordinates": [[[121.5691345918117, 28.61070188074063], [121.56913459181172, 28.613570775414956], [121.5691345918117, 28.61070188074063]]]}, "properties": {}}, {"type": "Feature", "geometry": {"type": "Polygon", "coordinates": [[[121.56079921549399, 28.6277490795515], [121.560799215494, 28.63006818270859], [121.56079921549399, 28.6277490795515]]]}, "properties": {}}, {"type": "Feature", "geometry": {"type": "Polygon", "coordinates": [[[121.76084824711941, 28.685388575631286], [121.77751899975485, 28.681498733349677], [121.7941897523903, 28.680572580425487], [121.80252512870801, 28.68913949497426], [121.80969742926048, 28.70372640353028], [121.7941897523903, 28.708415052709], [121.77751899975485, 28.709283321075432], [121.76293209119883, 28.712061779848003], [121.75806978834683, 28.712061779848007], [121.74626133856339, 28.70372640353028], [121.75251287080167, 28.692056876685463], [121.76084824711941, 28.685388575631286]]]}, "properties": {}}, {"type": "Feature", "geometry": {"type": "Polygon", "coordinates": [[[121.91088502083844, 28.700600637411128], [121.9275557734739, 28.696032210006223], [121.93946345392777, 28.70372640353028], [121.94373620985536, 28.720397156165728], [121.93589114979162, 28.733826373566508], [121.92755577347388, 28.7405409822669], [121.91088502083844, 28.741235596960042], [121.90254964452072, 28.73479462435089], [121.89421426820299, 28.72248100024516], [121.89421426820299, 28.716229468006865], [121.90254964452072, 28.70465255645447], [121.91088502083844, 28.700600637411128]]]}, "properties": {}}, {"type": "Feature", "geometry": {"type": "Polygon", "coordinates": [[[121.84420201029664, 28.722249462014112], [121.86087276293209, 28.720952847920245], [121.87059736863611, 28.728732532483455], [121.87716463482582, 28.745403285118904], [121.88587889188526, 28.74818174389148], [121.89897734038456, 28.75373866143663], [121.90921794557488, 28.762074037754353], [121.89421426820297, 28.76909330202191], [121.88587889188526, 28.759295578981778], [121.87383890387078, 28.762074037754353], [121.86087276293209, 28.766999487396646], [121.84936200516, 28.762074037754353], [121.84003432213778, 28.75373866143663], [121.83137835442321, 28.745403285118904], [121.83586663397892, 28.729658685407646], [121.84420201029664, 28.722249462014112]]]}, "properties": {}}, {"type": "Feature", "geometry": {"type": "Polygon", "coordinates": [[[121.80252512870801, 28.748070605540576], [121.81086050502574, 28.755781645866428], [121.82453907129073, 28.762074037754353], [121.83229432984275, 28.770409414072077], [121.84420201029664, 28.77235433521288], [121.85253738661437, 28.77920212477853], [121.86087276293208, 28.791762962466912], [121.87087521451338, 28.795415543025253], [121.87476505679496, 28.812086295660702], [121.86920813924982, 28.82269495642872], [121.85253738661437, 28.82742338808532], [121.83586663397892, 28.82597858952358], [121.82892048704747, 28.8120862956607], [121.83086540818829, 28.795415543025253], [121.83010788091295, 28.7787447903898], [121.81919588134346, 28.776696786401473], [121.81086050502574, 28.767768293521133], [121.80252512870803, 28.75964288632835], [121.80252512870801, 28.748070605540576]]]}, "properties": {}}, {"type": "Feature", "geometry": {"type": "Polygon", "coordinates": [[[121.74417749448395, 28.834313965841307], [121.75668055896054, 28.83709242461388], [121.74695595325653, 28.845427800931606], [121.73584211816622, 28.849595489090465], [121.7251252057577, 28.845427800931603], [121.73584211816622, 28.84126011277274], [121.74417749448395, 28.834313965841307]]]}, "properties": {}}, {"type": "Feature", "geometry": {"type": "Polygon", "coordinates": [[[121.84420201029664, 28.838282172851724], [121.84420201029664, 28.852009745502343], [121.84420201029664, 28.838282172851724]]]}, "properties": {}}, {"type": "Feature", "geometry": {"type": "Polygon", "coordinates": [[[122.227629320912, 28.85504554283667], [122.24335807103665, 28.86209855356705], [122.227629320912, 28.869151564297432], [122.227629320912, 28.85504554283667]]]}, "properties": {}}, {"type": "Feature", "geometry": {"type": "Polygon", "coordinates": [[[121.7608482471194, 28.87078445032536], [121.7608482471194, 28.886754162079647], [121.7608482471194, 28.887700066542923], [121.76918362343712, 28.897096203486168], [121.76918362343712, 28.909083594518332], [121.7608482471194, 28.899453388176116], [121.74482971486673, 28.895440058837952], [121.75251287080167, 28.882936994361366], [121.7608482471194, 28.87078445032536]]]}, "properties": {}}, {"type": "Feature", "geometry": {"type": "Polygon", "coordinates": [[[122.24430007354744, 28.882738533020465], [122.26097082618288, 28.8815318593215], [122.26097082618287, 28.892360778062564], [122.24430007354744, 28.89016098717006], [122.24430007354744, 28.882738533020465]]]}, "properties": {}}, {"type": "Feature", "geometry": {"type": "Polygon", "coordinates": [[[121.80252512870801, 28.955871537141455], [121.80252512870803, 28.96780628050547], [121.80252512870801, 28.955871537141455]]]}, "properties": {}}, {"type": "Feature", "geometry": {"type": "Polygon", "coordinates": [[[121.75251287080167, 28.972839981788255], [121.76918362343712, 28.97462613385634], [121.77674491206038, 28.987129198332926], [121.76918362343712, 28.999632262809513], [121.75251287080167, 29.001799460652123], [121.74518784312852, 28.987129198332926], [121.75251287080167, 28.972839981788255]]]}, "properties": {}}, {"type": "Feature", "geometry": {"type": "Polygon", "coordinates": [[[121.802525128708, 29.039872010550255], [121.80252512870801, 29.052700825365694], [121.802525128708, 29.039872010550255]]]}, "properties": {}}, {"type": "Feature", "geometry": {"type": "Polygon", "coordinates": [[[121.71083598921304, 29.051728364795295], [121.71083598921305, 29.055479284138272], [121.71083598921304, 29.051728364795295]]]}, "properties": {}}, {"type": "Feature", "geometry": {"type": "Polygon", "coordinates": [[[122.01090953665114, 29.049446059374965], [122.01090953665114, 29.058178358374484], [122.01090953665114, 29.049446059374965]]]}, "properties": {}}, {"type": "Feature", "geometry": {"type": "Polygon", "coordinates": [[[121.70250061289534, 29.080280318144794], [121.70250061289532, 29.094585771433042], [121.70107185453126, 29.103824466781077], [121.69068529482325, 29.1121598430988], [121.68582986025987, 29.127809416387834], [121.67564217809377, 29.120495219416526], [121.67332679578328, 29.103824466781077], [121.68212524856311, 29.095489090463353], [121.69416523657759, 29.087669517140455], [121.70250061289534, 29.080280318144794]]]}, "properties": {}}, {"type": "Feature", "geometry": {"type": "Polygon", "coordinates": [[[121.74417749448395, 29.08781446535204], [121.75529132957425, 29.095489090463357], [121.74417749448395, 29.10316371557466], [121.74417749448395, 29.08781446535204]]]}, "properties": {}}, {"type": "Feature", "geometry": {"type": "Polygon", "coordinates": [[[122.05258641823977, 29.131509823836375], [122.05258641823977, 29.14405171770575], [122.05258641823977, 29.131509823836375]]]}, "properties": {}}, {"type": "Feature", "geometry": {"type": "Polygon", "coordinates": [[[121.64415297867124, 29.14341750429027], [121.66082373130669, 29.13994443082455], [121.66082373130669, 29.14669211641509], [121.64534374671665, 29.153836724687427], [121.63998529051239, 29.153836724687423], [121.64415297867124, 29.14341750429027]]]}, "properties": {}}, {"type": "Feature", "geometry": {"type": "Polygon", "coordinates": [[[122.01924491296887, 29.153979625014117], [122.03591566560432, 29.154411578226576], [122.04425104192204, 29.162534508671133], [122.05258641823977, 29.154585635400093], [122.06092179455749, 29.163561330391435], [122.0670827248793, 29.178842853640603], [122.05258641823977, 29.186420468474896], [122.05258641823977, 29.18861536380621], [122.05258641823977, 29.202658214548386], [122.04425104192204, 29.211240731403834], [122.03591566560432, 29.217432558815254], [122.0286999667024, 29.203848982593776], [122.02227595890258, 29.19551360627605], [122.01732136458786, 29.187178229958324], [122.01271222989736, 29.17050747732288], [122.01924491296887, 29.153979625014117]]]}, "properties": {}}, {"type": "Feature", "geometry": {"type": "Polygon", "coordinates": [[[122.06092179455749, 29.21559428558693], [122.06092179455749, 29.226893846531013], [122.06092179455749, 29.21559428558693]]]}, "properties": {}}, {"type": "Feature", "geometry": {"type": "Polygon", "coordinates": [[[122.03591566560432, 29.279583344066666], [122.03591566560432, 29.29469346310075], [122.03591566560432, 29.279583344066666]]]}, "properties": {}}, {"type": "Feature", "geometry": {"type": "Polygon", "coordinates": [[[121.96923265506251, 29.33737853862181], [121.98534771594345, 29.345550379995096], [121.96923265506251, 29.353722221368383], [121.96923265506251, 29.33737853862181]]]}, "properties": {}}, {"type": "Feature", "geometry": {"type": "Polygon", "coordinates": [[[122.00257416033341, 29.338687685045294], [122.01760960933308, 29.345550379995096], [122.00257416033341, 29.352413074944902], [122.00257416033341, 29.338687685045294]]]}, "properties": {}}, {"type": "Feature", "geometry": {"type": "Polygon", "coordinates": [[[122.02758028928658, 29.353745272445387], [122.02758028928659, 29.354008939211358], [122.02758028928658, 29.353745272445387]]]}, "properties": {}}, {"type": "Feature", "geometry": {"type": "Polygon", "coordinates": [[[122.00257416033341, 29.404826023164404], [122.01872936517722, 29.412233390536898], [122.00257416033341, 29.42026683339597], [122.00257416033341, 29.404826023164404]]]}, "properties": {}}, {"type": "Feature", "geometry": {"type": "Polygon", "coordinates": [[[122.17761706300564, 29.405565089482717], [122.17761706300564, 29.42023535180191], [122.17761706300564, 29.405565089482717]]]}, "properties": {}}, {"type": "Feature", "geometry": {"type": "Polygon", "coordinates": [[[122.17761706300564, 29.42100747087134], [122.19428781564108, 29.420919287295202], [122.21046767448722, 29.428904143172346], [122.21929394459427, 29.429199462081296], [122.21929394459427, 29.444173992241318], [122.20262319195882, 29.44473378823065], [122.1942878156411, 29.437060495089902], [122.17761706300564, 29.436405981858297], [122.17761706300564, 29.42100747087134]]]}, "properties": {}}, {"type": "Feature", "geometry": {"type": "Polygon", "coordinates": [[[122.20262319195882, 29.44816173673399], [122.20262319195882, 29.45986411235247], [122.20262319195882, 29.44816173673399]]]}, "properties": {}}, {"type": "Feature", "geometry": {"type": "Polygon", "coordinates": [[[122.25263544986517, 29.446724602886107], [122.25263544986517, 29.46003922530032], [122.25263544986517, 29.446724602886107]]]}, "properties": {}}, {"type": "Feature", "geometry": {"type": "Polygon", "coordinates": [[[122.18595243932336, 29.454399724638314], [122.18595243932336, 29.47041122691433], [122.18595243932336, 29.454399724638314]]]}, "properties": {}}, {"type": "Feature", "geometry": {"type": "Polygon", "coordinates": [[[121.56913459181172, 29.483499751747317], [121.56913459181172, 29.489972176523416], [121.56913459181172, 29.483499751747317]]]}, "properties": {}}, {"type": "Feature", "geometry": {"type": "Polygon", "coordinates": [[[121.57746996812944, 29.493607382666468], [121.57746996812945, 29.49622644208798], [121.57746996812944, 29.493607382666468]]]}, "properties": {}}, {"type": "Feature", "geometry": {"type": "Polygon", "coordinates": [[[121.5941407207649, 29.50296751173495], [121.5941407207649, 29.50581680061228], [121.5941407207649, 29.50296751173495]]]}, "properties": {}}, {"type": "Feature", "geometry": {"type": "Polygon", "coordinates": [[[121.60247609708262, 29.510506776871082], [121.60247609708262, 29.514300890741193], [121.60247609708262, 29.510506776871082]]]}, "properties": {}}, {"type": "Feature", "geometry": {"type": "Polygon", "coordinates": [[[122.00257416033341, 29.55810456103135], [122.00257416033341, 29.56643576748054], [122.00257416033341, 29.55810456103135]]]}, "properties": {}}, {"type": "Feature", "geometry": {"type": "Polygon", "coordinates": [[[122.01924491296887, 29.60454513549135], [122.02758028928659, 29.612474791789932], [122.03498951268013, 29.628953174797747], [122.01973522922286, 29.628953174797747], [122.01924491296887, 29.61891007955292], [122.01924491296887, 29.60454513549135]]]}, "properties": {}}, {"type": "Feature", "geometry": {"type": "Polygon", "coordinates": [[[122.14427555773474, 29.604659065483343], [122.15261093405246, 29.612508926958235], [122.16094631037019, 29.605336275230858], [122.17523552691486, 29.612282422162295], [122.16094631037019, 29.61886298241313], [122.15261093405246, 29.628210838470054], [122.14427555773474, 29.61990577884125], [122.14427555773474, 29.604659065483343]]]}, "properties": {}}, {"type": "Feature", "geometry": {"type": "Polygon", "coordinates": [[[122.00257416033341, 29.621482239899123], [122.00257416033341, 29.636055811202173], [122.00257416033341, 29.621482239899123]]]}, "properties": {}}, {"type": "Feature", "geometry": {"type": "Polygon", "coordinates": [[[122.13594018141701, 29.621570412916334], [122.13594018141701, 29.635717485422077], [122.13594018141701, 29.621570412916334]]]}, "properties": {}}, {"type": "Feature", "geometry": {"type": "Polygon", "coordinates": [[[122.21929394459427, 29.629717187303182], [122.21929394459427, 29.644081608605056], [122.21929394459427, 29.629717187303182]]]}, "properties": {}}, {"type": "Feature", "geometry": {"type": "Polygon", "coordinates": [[[122.22762932091199, 29.645786347081817], [122.23596469722972, 29.654571149349323], [122.23596469722972, 29.66917631729558], [122.22762932091199, 29.66115128139082], [122.22762932091199, 29.645786347081817]]]}, "properties": {}}, {"type": "Feature", "geometry": {"type": "Polygon", "coordinates": [[[122.17761706300564, 29.65428196347935], [122.19414983556595, 29.662294680068644], [122.19749372960945, 29.670630056386372], [122.20246712799437, 29.68730080902182], [122.21095856827654, 29.688134346653595], [122.22762932091199, 29.68858912067302], [122.23972879084289, 29.68730080902182], [122.22793369835395, 29.678965432704096], [122.24414505446158, 29.678965432704096], [122.25193675949596, 29.68730080902182], [122.26041513442837, 29.695636185339545], [122.24800468524421, 29.70397156165727], [122.23596469722972, 29.711315024850787], [122.23385752377003, 29.72064231429272], [122.22218725913984, 29.720642314292718], [122.21681585974306, 29.72064231429272], [122.21095856827654, 29.735578136679614], [122.19886769270674, 29.728977690610442], [122.20554057367002, 29.72064231429272], [122.20262319195882, 29.70730571218436], [122.19428781564108, 29.719363602198523], [122.18595243932336, 29.721169375578334], [122.17912016364643, 29.712306937974997], [122.17647806747917, 29.712306937974997], [122.17761706300564, 29.7227261584276], [122.17761706300564, 29.729393469464316], [122.16094631037019, 29.732549994746613], [122.15261093405246, 29.73741190538035], [122.14427555773474, 29.746704014924372], [122.135940181417, 29.758636408091412], [122.1308986231991, 29.77065457219907], [122.13420364468416, 29.78732532483452], [122.12704911334478, 29.795660701152244], [122.11169181394727, 29.795660701152244], [122.10356678025093, 29.78732532483452], [122.09426329982838, 29.782953623990444], [122.07759254719295, 29.783063262454668], [122.06925717087523, 29.7767218188771], [122.06209101432692, 29.762319195881346], [122.06092179455749, 29.75243449314347], [122.0536341025753, 29.73731306692817], [122.04621153809836, 29.728977690610446], [122.05258641823977, 29.713316796979754], [122.06925717087522, 29.72017978455719], [122.07759254719294, 29.707676173354038], [122.07759254719294, 29.719857097709166], [122.07759254719294, 29.722362312530432], [122.09426329982838, 29.725285977936302], [122.10074637029773, 29.712306937974997], [122.10893736537261, 29.712306937974997], [122.11093405246385, 29.721616579010202], [122.11322719094764, 29.712306937974994], [122.11926942878156, 29.6973738080424], [122.12780326643286, 29.695636185339545], [122.13013346309478, 29.678965432704096], [122.13594018141703, 29.663800619824293], [122.15261093405246, 29.668777750537988], [122.1691406481679, 29.670630056386372], [122.17003944817134, 29.670630056386372], [122.17761706300564, 29.65428196347935]]]}, "properties": {}}, {"type": "Feature", "geometry": {"type": "Polygon", "coordinates": [[[122.11093405246385, 29.680086783816595], [122.11093405246385, 29.692791346931774], [122.11093405246385, 29.680086783816595]]]}, "properties": {}}, {"type": "Feature", "geometry": {"type": "Polygon", "coordinates": [[[122.26930620250062, 29.679971773419595], [122.27764157881833, 29.688262583212325], [122.27764157881833, 29.702026640516465], [122.26147600050517, 29.695636185339545], [122.26930620250062, 29.679971773419595]]]}, "properties": {}}, {"type": "Feature", "geometry": {"type": "Polygon", "coordinates": [[[122.01924491296887, 29.71329004893918], [122.01973522922286, 29.728977690610446], [122.02758028928659, 29.73767860014867], [122.03758274086788, 29.745648443245898], [122.03848039677901, 29.762319195881346], [122.02924736455014, 29.762319195881346], [122.01924491296887, 29.761392528129957], [122.01090953665114, 29.7475953542488], [122.01090953665114, 29.739079785084975], [122.01891149791615, 29.728977690610442], [122.01924491296887, 29.71329004893918]]]}, "properties": {}}, {"type": "Feature", "geometry": {"type": "Polygon", "coordinates": [[[122.23596469722972, 29.73151454427236], [122.24430007354744, 29.738735789609233], [122.26097082618288, 29.737628418626368], [122.26930620250062, 29.732651820561756], [122.28597695513606, 29.730183773985676], [122.30264770777151, 29.72917866412761], [122.31036319988353, 29.74564844324589], [122.2943123314538, 29.75295628307009], [122.27764157881833, 29.753231141070962], [122.26781774244387, 29.753983819563622], [122.25634006156193, 29.762319195881346], [122.2515099168009, 29.77065457219907], [122.2597197377871, 29.778989948516795], [122.24430007354744, 29.78535711317743], [122.227629320912, 29.78457739854713], [122.21095856827654, 29.78375302069835], [122.2050047280496, 29.77065457219907], [122.21929394459426, 29.767623526265353], [122.227629320912, 29.75911328191299], [122.22762932091197, 29.753057666639428], [122.22762932091197, 29.73823921985236], [122.23596469722972, 29.73151454427236]]]}, "properties": {}}, {"type": "Feature", "geometry": {"type": "Polygon", "coordinates": [[[122.23452756338183, 29.745648443245894], [122.23767031959515, 29.74564844324589], [122.23452756338183, 29.745648443245894]]]}, "properties": {}}, {"type": "Feature", "geometry": {"type": "Polygon", "coordinates": [[[122.19428781564109, 29.755618207022568], [122.19428781564109, 29.768877306517506], [122.19428781564109, 29.755618207022568]]]}, "properties": {}}, {"type": "Feature", "geometry": {"type": "Polygon", "coordinates": [[[122.30264770777151, 29.77133920268672], [122.31885495477954, 29.778989948516795], [122.32691836234372, 29.78732532483452], [122.31098308408924, 29.793244650023397], [122.31098308408924, 29.80066192694288], [122.31765138514342, 29.8123314537877], [122.30264770777151, 29.819868728216978], [122.30264770777151, 29.82191914022347], [122.31931846040696, 29.824834518264282], [122.32765383672469, 29.830284572010488], [122.32765383672469, 29.844672713900465], [122.31194448850036, 29.837337582740872], [122.30264770777151, 29.83678702949591], [122.2943123314538, 29.844047337171766], [122.28255060466107, 29.84567295905859], [122.26930620250062, 29.847727642753746], [122.25263544986517, 29.84672398652569], [122.23596469722972, 29.852924939578298], [122.2225372816167, 29.845672959058597], [122.21346838388013, 29.837337582740865], [122.22155668677598, 29.82900220642314], [122.23596469722972, 29.824497425799375], [122.24430007354744, 29.818729373171358], [122.25263544986517, 29.805191306957603], [122.26097082618288, 29.796068648098302], [122.26930620250062, 29.788203525247372], [122.27943827269172, 29.78732532483452], [122.2943123314538, 29.779434798505168], [122.30264770777151, 29.77133920268672]]]}, "properties": {}}, {"type": "Feature", "geometry": {"type": "Polygon", "coordinates": [[[122.17761706300564, 29.792911206280415], [122.19428781564108, 29.78907768139731], [122.19428781564109, 29.802401171745228], [122.17761706300564, 29.798891297496183], [122.16928168668791, 29.810219360468174], [122.1588360096704, 29.803996077469968], [122.1692816866879, 29.796190520079772], [122.17761706300564, 29.792911206280415]]]}, "properties": {}}, {"type": "Feature", "geometry": {"type": "Polygon", "coordinates": [[[122.21095856827654, 29.789593797394296], [122.21095856827654, 29.80191678182992], [122.21095856827654, 29.789593797394296]]]}, "properties": {}}, {"type": "Feature", "geometry": {"type": "Polygon", "coordinates": [[[122.19428781564109, 29.805378395219176], [122.20262319195882, 29.815978180926702], [122.20262319195882, 29.82301115469478], [122.18595243932336, 29.826657881833782], [122.18595243932336, 29.813819913844434], [122.19428781564109, 29.805378395219176]]]}, "properties": {}}, {"type": "Feature", "geometry": {"type": "Polygon", "coordinates": [[[122.22762932091199, 29.80464983247528], [122.22762932091197, 29.819454411731932], [122.22762932091199, 29.80464983247528]]]}, "properties": {}}, {"type": "Feature", "geometry": {"type": "Polygon", "coordinates": [[[122.36933071831331, 29.829498832763683], [122.37766609463104, 29.84132885666535], [122.38874864250141, 29.83733758274087], [122.40267222358422, 29.829406052186915], [122.41100759990192, 29.838726812127156], [122.41100759990192, 29.852619105990033], [122.4026722235842, 29.858649204622367], [122.39433684726647, 29.863101473177473], [122.39433684726649, 29.87144711311188], [122.40761170584656, 29.879014464329494], [122.41372351041358, 29.879014464329494], [122.42732753703918, 29.879014464329494], [122.43469761680495, 29.887349840647218], [122.43527825447414, 29.90402059328267], [122.43184604069626, 29.92069134591812], [122.42767835253738, 29.937000790515945], [122.42624892041819, 29.945697474871295], [122.41934297621967, 29.960515921658363], [122.40267222358423, 29.959763422407455], [122.38989131323038, 29.95403285118902], [122.37766609463104, 29.94732622660232], [122.36933071831331, 29.959281051092773], [122.35265996567786, 29.95495900411321], [122.34392766668479, 29.95403285118902], [122.33598921304241, 29.945555865368213], [122.32443218827765, 29.93736209855357], [122.32765383672469, 29.928226149348873], [122.33598921304241, 29.919776185896474], [122.35195556765356, 29.92069134591812], [122.36099534199559, 29.922953805214497], [122.37766609463104, 29.920835035825178], [122.37766609463102, 29.917388502078474], [122.3663705957951, 29.91235596960039], [122.37766609463102, 29.908472167386684], [122.37843306498127, 29.895685216964942], [122.37130944261693, 29.887349840647218], [122.37786055473664, 29.879014464329494], [122.36933071831331, 29.87611520300159], [122.36933071831331, 29.863324344202013], [122.36976919154937, 29.85400833537632], [122.36099534199559, 29.852492812409462], [122.36099534199559, 29.83817112037264], [122.36933071831331, 29.829498832763683]]]}, "properties": {}}, {"type": "Feature", "geometry": {"type": "Polygon", "coordinates": [[[122.31098308408926, 29.847988341369074], [122.31931846040698, 29.85575946487087], [122.32765383672469, 29.862471398220904], [122.33780833421785, 29.87067908801177], [122.35085772214971, 29.879014464329494], [122.33598921304241, 29.885543971405852], [122.31931846040698, 29.88058411307994], [122.30264770777151, 29.884911577651813], [122.28597695513608, 29.879257242275227], [122.28172088199719, 29.87067908801177], [122.28597695513606, 29.855488425833595], [122.30264770777151, 29.857559711643365], [122.31098308408926, 29.847988341369074]]]}, "properties": {}}, {"type": "Feature", "geometry": {"type": "Polygon", "coordinates": [[[122.25263544986517, 29.867674088138628], [122.26930620250062, 29.869615577654116], [122.26930620250063, 29.87141958838882], [122.26097082618288, 29.88676558528743], [122.24965613873326, 29.879014464329494], [122.25263544986517, 29.867674088138628]]]}, "properties": {}}, {"type": "Feature", "geometry": {"type": "Polygon", "coordinates": [[[122.30264770777151, 29.89414234751536], [122.30264770777151, 29.896828724176785], [122.30264770777151, 29.89414234751536]]]}, "properties": {}}, {"type": "Feature", "geometry": {"type": "Polygon", "coordinates": [[[122.33598921304241, 29.889176629415175], [122.33598921304241, 29.901469420824892], [122.33598921304241, 29.889176629415175]]]}, "properties": {}}, {"type": "Feature", "geometry": {"type": "Polygon", "coordinates": [[[122.2943123314538, 29.926979559366544], [122.3042947179558, 29.92902672223584], [122.31254959333134, 29.937362098553567], [122.31041040280152, 29.945697474871295], [122.31889111476859, 29.95403285118902], [122.32252437437532, 29.962368227506747], [122.3228743778426, 29.979038980142192], [122.33129763155816, 29.987374356459917], [122.3364795292964, 29.995709732777645], [122.3354362859165, 30.00404510909537], [122.34075228522397, 30.01238048541309], [122.33598921304241, 30.022899668798562], [122.32765383672469, 30.034501291794747], [122.31931846040695, 30.042884415767322], [122.30914507392444, 30.045721990683994], [122.30221926386574, 30.054057367001718], [122.29386998975866, 30.062392743319442], [122.27764157881833, 30.066373168661094], [122.26097082618287, 30.064909357829155], [122.25933857230225, 30.07906349595489], [122.26930620250062, 30.086641110789188], [122.27866257053563, 30.07906349595489], [122.29408594969425, 30.07906349595489], [122.30264770777151, 30.08114734003432], [122.31376154286183, 30.087398872272622], [122.31098308408924, 30.103300577430648], [122.2943123314538, 30.103529068715936], [122.28597695513606, 30.104333300471186], [122.26930620250063, 30.10431702191326], [122.26097082618287, 30.09606766364305], [122.24469699622922, 30.104069624908064], [122.23596469722972, 30.104459668528698], [122.22762932091199, 30.11313973046732], [122.21929394459427, 30.10538869119122], [122.2026231919588, 30.105288351224953], [122.18595243932336, 30.109918313814127], [122.17761706300564, 30.118987548480668], [122.17053199313557, 30.129075753861244], [122.16615592056877, 30.129075753861244], [122.15261093405246, 30.12178229958323], [122.14427555773474, 30.114089811315694], [122.13594018141701, 30.125850345694747], [122.12858543760726, 30.137411130178968], [122.11926942878156, 30.14206913456603], [122.11109452283125, 30.154081882814417], [122.10259867614612, 30.154663420697048], [122.09426329982838, 30.163466467376413], [122.08592792351067, 30.15746026490377], [122.06925717087523, 30.159433234124947], [122.06092179455749, 30.14662849115029], [122.04425104192202, 30.147266366620855], [122.02758028928659, 30.147277493950515], [122.01924491296887, 30.15540343492612], [122.00348932035506, 30.16241725913214], [121.99423878401569, 30.163581232876552], [121.97756803138024, 30.162566105139994], [121.9704234231079, 30.179088011767597], [121.9608972787448, 30.18575236309389], [121.95256190242705, 30.193552341260116], [121.94422652610935, 30.18238690696043], [121.93589114979162, 30.178649307750874], [121.93589114979162, 30.16450110321157], [121.94422652610935, 30.154269828171902], [121.94613480822004, 30.145746506496693], [121.95625012205224, 30.137411130178968], [121.96901944812593, 30.129075753861244], [121.97457156713328, 30.120740377543516], [121.97756803138024, 30.111560227700547], [121.97849418430444, 30.095734248590343], [121.97756803138024, 30.08595894550595], [121.97399572724406, 30.070728119637167], [121.9608972787448, 30.0630770857968], [121.96089727874478, 30.061771736564147], [121.96923265506251, 30.052070335120455], [121.97756803138023, 30.060513338395722], [121.98590340769796, 30.0464321398795], [121.99423878401569, 30.044510867648636], [122.00257416033341, 30.035027294999793], [122.01090953665113, 30.027803766768642], [122.01834814711972, 30.012380485413093], [122.020821876056, 30.00404510909537], [122.02758028928658, 29.99374846776171], [122.03854443085578, 29.987374356459917], [122.04981151697862, 29.987374356459917], [122.04320911988232, 29.995709732777645], [122.05116156760266, 30.00404510909537], [122.06092179455749, 30.01065571762107], [122.07092424613876, 30.00404510909537], [122.06390510742736, 29.995709732777648], [122.06731093912627, 29.97903898014219], [122.07063480403397, 29.979038980142192], [122.08354638741989, 29.979038980142192], [122.08895896944439, 29.979038980142192], [122.08592792351067, 29.988863427800588], [122.0823556193745, 30.004045109095365], [122.09426329982838, 30.010160572226503], [122.10259867614613, 29.99828591357083], [122.11093405246385, 30.007934087119253], [122.11447060253855, 29.99570973277764], [122.12760480509928, 29.988933463540302], [122.13495954890904, 29.979038980142192], [122.12449922526683, 29.979038980142192], [122.11093405246385, 29.985214343493524], [122.10281467450216, 29.970703603824468], [122.11926942878156, 29.96388623448924], [122.13409147924442, 29.962368227506747], [122.13594018141701, 29.95229648629296], [122.15261093405246, 29.947535485146528], [122.1658086132222, 29.95403285118902], [122.16094631037019, 29.964636716071514], [122.14427555773474, 29.969337628546093], [122.14427555773474, 29.973110684467002], [122.1609463103702, 29.97846214915072], [122.1692816866879, 29.967443038101827], [122.17761706300564, 29.95872003558909], [122.19428781564109, 29.96214796026321], [122.19428781564109, 29.962498147234456], [122.18595243932336, 29.97321908982032], [122.17761706300564, 29.97994253335048], [122.17761706300564, 29.994802693726932], [122.18595243932336, 29.985401862848065], [122.1942878156411, 29.976390045833845], [122.21095856827654, 29.97854866388821], [122.22762932091197, 29.97712531130172], [122.22762932091199, 29.96432123295598], [122.21817981009761, 29.962368227506744], [122.227629320912, 29.95955296799059], [122.23596469722972, 29.949435311753103], [122.25218755217337, 29.95403285118902], [122.25596960039225, 29.95403285118902], [122.26097082618288, 29.944547767753605], [122.26930620250062, 29.946820840940298], [122.27764157881833, 29.944297736926984], [122.28597695513606, 29.935201075091047], [122.2943123314538, 29.926979559366544]]]}, "properties": {}}, {"type": "Feature", "geometry": {"type": "Polygon", "coordinates": [[[122.29250029308629, 29.945697474871295], [122.29460885853088, 29.945697474871295], [122.29250029308629, 29.945697474871295]]]}, "properties": {}}, {"type": "Feature", "geometry": {"type": "Polygon", "coordinates": [[[122.14968624057968, 29.987374356459917], [122.15556524464608, 29.987374356459917], [122.14968624057968, 29.987374356459917]]]}, "properties": {}}, {"type": "Feature", "geometry": {"type": "Polygon", "coordinates": [[[122.03591566560432, 29.93075247305352], [122.04425104192204, 29.93759523419085], [122.05925076956606, 29.945697474871295], [122.06592302034812, 29.95403285118902], [122.07060539189779, 29.95403285118902], [122.07846493512467, 29.945697474871295], [122.09426329982838, 29.940158162179095], [122.09426329982838, 29.951682966597662], [122.08592792351067, 29.9615034337737], [122.076506740497, 29.962368227506744], [122.06184671422722, 29.962368227506744], [122.05961939200785, 29.962368227506744], [122.04425104192204, 29.970610916442176], [122.03152696370084, 29.962368227506744], [122.02499817185382, 29.95403285118902], [122.02841686903815, 29.945697474871295], [122.03591566560432, 29.93075247305352]]]}, "properties": {}}, {"type": "Feature", "geometry": {"type": "Polygon", "coordinates": [[[122.45268448149056, 29.929374319253228], [122.4597442518721, 29.945697474871295], [122.4673563429593, 29.95403285118902], [122.45268448149056, 29.96128100450878], [122.4523896326691, 29.970703603824468], [122.43630857767657, 29.970703603824468], [122.43931254999399, 29.95403285118902], [122.44682111335356, 29.945697474871295], [122.45268448149056, 29.929374319253228]]]}, "properties": {}}, {"type": "Feature", "geometry": {"type": "Polygon", "coordinates": [[[122.11093405246385, 29.949107401546726], [122.11093405246385, 29.959192846052375], [122.11093405246385, 29.949107401546726]]]}, "properties": {}}, {"type": "Feature", "geometry": {"type": "Polygon", "coordinates": [[[121.80252512870801, 29.97785061450832], [121.80252512870801, 29.98038585491306], [121.80252512870801, 29.97785061450832]]]}, "properties": {}}, {"type": "Feature", "geometry": {"type": "Polygon", "coordinates": [[[121.85253738661436, 29.975979158465737], [121.86920813924982, 29.971326111380105], [121.88080725983338, 29.979038980142192], [121.89421426820297, 29.984470233364597], [121.90254964452072, 29.990136869042217], [121.91586443284183, 29.995709732777648], [121.92755577347391, 30.003002807190278], [121.93023500157602, 30.012380485413097], [121.92258714196961, 30.020715861730814], [121.92278165911813, 30.03738661436627], [121.92344848659269, 30.054057367001718], [121.91088502083844, 30.059350317905142], [121.90050870648952, 30.062392743319442], [121.88867351112884, 30.070728119637167], [121.88804608972788, 30.08739887227262], [121.87865489907657, 30.08739887227262], [121.87339139795861, 30.08739887227262], [121.87923963760024, 30.095734248590343], [121.87084654242652, 30.095734248590343], [121.86087276293208, 30.090048452952903], [121.85068028202215, 30.087398872272615], [121.84420201029664, 30.077914845131403], [121.83586663397892, 30.0869941113557], [121.82103141805301, 30.07906349595489], [121.83005712930913, 30.070728119637167], [121.84420201029664, 30.064411809003012], [121.84420201029664, 30.058182957340943], [121.8427029121807, 30.045721990683994], [121.84420201029664, 30.032481434082015], [121.84477046058078, 30.020715861730817], [121.84420201029664, 30.012277566823915], [121.83586663397892, 30.001052922724902], [121.83586663397892, 29.992348693939853], [121.85057462219753, 29.987374356459917], [121.85253738661436, 29.975979158465737]]]}, "properties": {}}, {"type": "Feature", "geometry": {"type": "Polygon", "coordinates": [[[122.37766609463104, 29.97216552312423], [122.38600147094877, 29.981915452039395], [122.39433684726649, 29.973482062597043], [122.39433684726649, 29.984595897687342], [122.39433684726649, 29.9892266623083], [122.41100759990195, 29.989647640910206], [122.41922824289354, 30.00404510909537], [122.41100759990194, 30.014232791261477], [122.4106124647235, 30.02905123804854], [122.39433684726649, 30.036424840175762], [122.37766609463104, 30.03511332991598], [122.37176186973932, 30.020715861730814], [122.36933071831331, 30.01018696532948], [122.3656631527335, 29.995709732777648], [122.36933071831331, 29.98153959303751], [122.37766609463104, 29.97216552312423]]]}, "properties": {}}, {"type": "Feature", "geometry": {"type": "Polygon", "coordinates": [[[122.42767835253738, 30.021107193966323], [122.42919387550424, 30.03738661436627], [122.42429210590831, 30.045721990683994], [122.41423419718622, 30.045721990683994], [122.4252968164466, 30.03738661436627], [122.42767835253738, 30.021107193966323]]]}, "properties": {}}, {"type": "Feature", "geometry": {"type": "Polygon", "coordinates": [[[121.93589114979162, 30.06887393519916], [121.94422652610935, 30.071616373755138], [121.9457238284846, 30.08739887227262], [121.95687406068211, 30.095734248590343], [121.95423430810439, 30.112405001225792], [121.94422652610933, 30.118333206655418], [121.9275557734739, 30.116675865437344], [121.9157107650224, 30.112405001225792], [121.91088502083844, 30.102601267342287], [121.91088502083844, 30.091839965255286], [121.92147625005694, 30.087398872272622], [121.93167404245214, 30.07906349595489], [121.93589114979162, 30.06887393519916]]]}, "properties": {}}, {"type": "Feature", "geometry": {"type": "Polygon", "coordinates": [[[121.61081147340033, 30.084099977200705], [121.61081147340033, 30.08912935445935], [121.61081147340033, 30.084099977200705]]]}, "properties": {}}, {"type": "Feature", "geometry": {"type": "Polygon", "coordinates": [[[121.96923265506251, 30.094312099029548], [121.96923265506251, 30.097754945940316], [121.96923265506251, 30.094312099029548]]]}, "properties": {}}, {"type": "Feature", "geometry": {"type": "Polygon", "coordinates": [[[121.83586663397892, 30.09677617063006], [121.85253738661436, 30.0970299029061], [121.86769261628297, 30.104069624908067], [121.86476865615305, 30.120740377543516], [121.85394153502847, 30.120740377543516], [121.85253738661437, 30.1113612153111], [121.83586663397892, 30.110854233538774], [121.83586663397892, 30.09677617063006]]]}, "properties": {}}, {"type": "Feature", "geometry": {"type": "Polygon", "coordinates": [[[122.75275802892867, 30.119073302279972], [122.76622286759576, 30.120740377543516], [122.77776415788182, 30.125228657099214], [122.78280925407414, 30.137411130178968], [122.77181031765488, 30.145746506496693], [122.76109340524638, 30.150474033363462], [122.75275802892867, 30.14151841706017], [122.74442265261094, 30.129289481459132], [122.74442265261094, 30.12858543760726], [122.75275802892867, 30.119073302279972]]]}, "properties": {}}, {"type": "Feature", "geometry": {"type": "Polygon", "coordinates": [[[122.16094631037019, 30.14109120804668], [122.1755332189262, 30.145746506496693], [122.18456320993707, 30.154081882814417], [122.19353005415766, 30.16241725913214], [122.19284270879754, 30.179088011767593], [122.19588585558398, 30.179088011767597], [122.20793485255577, 30.179088011767597], [122.21095856827654, 30.19034076979652], [122.21095856827654, 30.19949531240754], [122.20262319195882, 30.208778018004296], [122.19428781564109, 30.196807972647314], [122.17761706300564, 30.199926452561904], [122.16928168668791, 30.205578522804743], [122.16094631037019, 30.20118154405963], [122.15261093405246, 30.188947425199608], [122.14310526132671, 30.18742338808532], [122.13956183555652, 30.170752635449865], [122.14427555773474, 30.161915883123562], [122.15261093405246, 30.146816516298816], [122.16094631037019, 30.14109120804668]]]}, "properties": {}}, {"type": "Feature", "geometry": {"type": "Polygon", "coordinates": [[[122.02758028928659, 30.166690125598915], [122.03880308344256, 30.170752635449865], [122.05258641823977, 30.177897243722207], [122.06092179455749, 30.182899921702244], [122.06092179455749, 30.188940460646716], [122.05258641823977, 30.201059573009196], [122.04425104192204, 30.20558704394185], [122.03591566560432, 30.19619133880768], [122.02164358236894, 30.195758764403042], [122.01090953665114, 30.193972612334957], [122.01090953665114, 30.180370377354933], [122.01924491296887, 30.17476002782763], [122.02758028928659, 30.166690125598915]]]}, "properties": {}}, {"type": "Feature", "geometry": {"type": "Polygon", "coordinates": [[[122.71941652365776, 30.17198507151812], [122.71941652365776, 30.187304582841836], [122.71941652365776, 30.19159107624418], [122.71941652365776, 30.19651652588647], [122.71055598502568, 30.204094140720766], [122.69503274733682, 30.204094140720766], [122.69327812710262, 30.204094140720766], [122.68607501838686, 30.212950478058346], [122.66940426575141, 30.215346898749694], [122.66940426575141, 30.20513606276048], [122.6725581919257, 30.195758764403045], [122.681907330228, 30.187423388085318], [122.69215759029439, 30.187423388085318], [122.70007702723804, 30.195758764403042], [122.70631807515846, 30.19575876440304], [122.71108114734004, 30.183255699926455], [122.71941652365776, 30.17198507151812]]]}, "properties": {}}, {"type": "Feature", "geometry": {"type": "Polygon", "coordinates": [[[122.21929394459427, 30.185072384508523], [122.21929394459426, 30.189004235317988], [122.21929394459427, 30.185072384508523]]]}, "properties": {}}, {"type": "Feature", "geometry": {"type": "Polygon", "coordinates": [[[122.64439813679823, 30.18287681918474], [122.65137540702308, 30.195758764403042], [122.65158617980957, 30.21242951703849], [122.63606276048051, 30.217924901523563], [122.62611795989237, 30.21242951703849], [122.63157448092481, 30.20409414072077], [122.63606276048051, 30.188465310125036], [122.64439813679823, 30.18287681918474]]]}, "properties": {}}, {"type": "Feature", "geometry": {"type": "Polygon", "coordinates": [[[122.58605050257417, 30.199488548294482], [122.58605050257417, 30.20798959133908], [122.58605050257417, 30.199488548294482]]]}, "properties": {}}, {"type": "Feature", "geometry": {"type": "Polygon", "coordinates": [[[122.07759254719294, 30.210302987134416], [122.07759254719294, 30.21441723950769], [122.07759254719294, 30.210302987134416]]]}, "properties": {}}, {"type": "Feature", "geometry": {"type": "Polygon", "coordinates": [[[122.47769061044374, 30.211238748993104], [122.4943613630792, 30.205376506308106], [122.50269673939691, 30.213124131731632], [122.51103211571464, 30.221691046280405], [122.5277028683501, 30.226321810901368], [122.53478793822015, 30.237435645991667], [122.51936749203236, 30.242066410612626], [122.50626904353308, 30.24577102230939], [122.4943613630792, 30.247854866388824], [122.47769061044374, 30.24752583837628], [122.46101985780828, 30.25232451947828], [122.46101985780828, 30.238173420471227], [122.46101985780828, 30.234458725878195], [122.45789409168914, 30.220764893356215], [122.46935523412601, 30.212985208793008], [122.47769061044374, 30.211238748993104]]]}, "properties": {}}, {"type": "Feature", "geometry": {"type": "Polygon", "coordinates": [[[122.11093405246385, 30.21532877836639], [122.11391097257732, 30.229100269673943], [122.10894943905485, 30.229100269673943], [122.11093405246385, 30.21532877836639]]]}, "properties": {}}, {"type": "Feature", "geometry": {"type": "Polygon", "coordinates": [[[122.12760480509928, 30.21983874043202], [122.14127953036214, 30.220764893356215], [122.12760480509931, 30.22120359737294], [122.12760480509928, 30.21983874043202]]]}, "properties": {}}, {"type": "Feature", "geometry": {"type": "Polygon", "coordinates": [[[122.17761706300564, 30.219507677270485], [122.19428781564109, 30.21297603935014], [122.20111915432022, 30.229100269673943], [122.20262319195882, 30.24059897667398], [122.21095856827654, 30.235579740354957], [122.21929394459427, 30.226480579974087], [122.23596469722972, 30.22865125581501], [122.23596469722973, 30.229884279217924], [122.227629320912, 30.24073805001611], [122.2210371955952, 30.25410639862712], [122.22762932091199, 30.267156354355844], [122.2315848607135, 30.279112527580292], [122.21929394459427, 30.28332147993939], [122.21929394459427, 30.287656967769124], [122.23179700907085, 30.29578328021574], [122.24384665327071, 30.304118656533465], [122.23596469722972, 30.313843262237476], [122.22314104135629, 30.320789409168917], [122.2200517060777, 30.337460161804366], [122.21512625643541, 30.34579553812209], [122.20262319195882, 30.351749378349034], [122.18595243932336, 30.35204707036038], [122.17761706300564, 30.360465800441286], [122.16556169028384, 30.354130914439814], [122.1590940045218, 30.34579553812209], [122.16002015744598, 30.329124785486638], [122.14427555773474, 30.32636244032393], [122.13355864532623, 30.320789409168917], [122.12515322382937, 30.320789409168917], [122.11718558470214, 30.32912478548664], [122.10259867614612, 30.335376317724936], [122.08670985375804, 30.32912478548664], [122.08453869412438, 30.320789409168917], [122.08731715289696, 30.31245403285119], [122.08592792351067, 30.301975886329622], [122.07661191468496, 30.304118656533465], [122.06925717087522, 30.318865860787906], [122.0595325651712, 30.31245403285119], [122.04666509380618, 30.30411865653346], [122.05719355642094, 30.295783280215737], [122.06925717087522, 30.288367778309862], [122.08233754321641, 30.287447903898016], [122.09426329982838, 30.28429783161213], [122.10517928799395, 30.279112527580295], [122.11713904728535, 30.270777151262568], [122.12421991219512, 30.26244177494484], [122.13594018141701, 30.261647100930137], [122.14427555773474, 30.253344812019257], [122.1609463103702, 30.251475495604396], [122.17761706300564, 30.246776981307256], [122.19428781564109, 30.246153028562112], [122.19428781564108, 30.242992563536816], [122.18595243932336, 30.2367978972149], [122.17473898688161, 30.229100269673943], [122.17761706300564, 30.219507677270485]]]}, "properties": {}}, {"type": "Feature", "geometry": {"type": "Polygon", "coordinates": [[[122.26930620250062, 30.225224387571807], [122.27764157881833, 30.23039337802581], [122.2942432270256, 30.237435645991667], [122.29444855514596, 30.237435645991667], [122.31098308408924, 30.231552011176788], [122.31931846040696, 30.2274331944104], [122.33598921304241, 30.22724796382556], [122.34432458936014, 30.232077189787418], [122.35265996567786, 30.237792978483146], [122.36933071831331, 30.24160333415053], [122.37627686524475, 30.229100269673943], [122.38600147094877, 30.22145950804936], [122.40203104079055, 30.229100269673943], [122.41100759990192, 30.23222603579309], [122.41934297621967, 30.238193407475098], [122.4247841246445, 30.254106398627115], [122.41503157467601, 30.26244177494484], [122.41100759990194, 30.27222678192652], [122.40267222358422, 30.28272452398464], [122.38802216823791, 30.279112527580295], [122.37766609463102, 30.27846081715476], [122.37409379049487, 30.287447903898016], [122.36099534199559, 30.28873026948536], [122.35265996567784, 30.28403797722258], [122.33598921304241, 30.281335294598353], [122.32765383672469, 30.277100540193256], [122.31098308408923, 30.273277764157882], [122.2943123314538, 30.27812224183628], [122.27764157881833, 30.276901552474442], [122.26930620250062, 30.279633488600147], [122.26097082618288, 30.276991981682716], [122.24925624324986, 30.270777151262564], [122.25071190155136, 30.254106398627115], [122.25263544986517, 30.24325440779968], [122.26652774372805, 30.23743564599167], [122.26930620250062, 30.225224387571807]]]}, "properties": {}}, {"type": "Feature", "geometry": {"type": "Polygon", "coordinates": [[[122.43601372885513, 30.238680103497593], [122.43601372885513, 30.252656347648916], [122.43601372885513, 30.238680103497593]]]}, "properties": {}}, {"type": "Feature", "geometry": {"type": "Polygon", "coordinates": [[[121.71917136553077, 30.249633757676143], [121.71917136553077, 30.260429787557804], [121.71917136553077, 30.249633757676143]]]}, "properties": {}}, {"type": "Feature", "geometry": {"type": "Polygon", "coordinates": [[[121.9608972787448, 30.299612975493844], [121.9720111138351, 30.304118656533465], [121.9772703393689, 30.320789409168917], [121.98381956361854, 30.32912478548664], [121.98590340769796, 30.342646618179835], [121.98590340769796, 30.34887600328299], [121.97204866058217, 30.34579553812209], [121.96666792388783, 30.337460161804366], [121.95322953370835, 30.32912478548664], [121.9483942142682, 30.320789409168917], [121.95256190242706, 30.304211271820407], [121.9608972787448, 30.299612975493844]]]}, "properties": {}}, {"type": "Feature", "geometry": {"type": "Polygon", "coordinates": [[[121.9275557734739, 30.313009724605706], [121.92922284873745, 30.32912478548664], [121.92338808531503, 30.32912478548664], [121.9275557734739, 30.313009724605706]]]}, "properties": {}}, {"type": "Feature", "geometry": {"type": "Polygon", "coordinates": [[[122.1276048050993, 30.330208427779432], [122.1276048050993, 30.344353431460092], [122.1276048050993, 30.330208427779432]]]}, "properties": {}}, {"type": "Feature", "geometry": {"type": "Polygon", "coordinates": [[[122.2943123314538, 30.41039470458446], [122.31098308408924, 30.406227016425596], [122.31931846040696, 30.41259858576102], [122.33598921304242, 30.41803546620904], [122.35236227366651, 30.420813924981616], [122.3547438097573, 30.420813924981616], [122.36933071831331, 30.413404701588085], [122.38600147094877, 30.413404701588085], [122.39572607665278, 30.41247854866389], [122.41100759990192, 30.40553240173245], [122.42767835253738, 30.405706055405737], [122.43601372885512, 30.41270382910491], [122.43601372885512, 30.42892402085832], [122.42767835253738, 30.435400833537635], [122.4275896405706, 30.44582005393479], [122.42831953533107, 30.454155430252516], [122.42212143499225, 30.462490806570244], [122.41100759990194, 30.464991419465555], [122.39433684726649, 30.4671215711912], [122.38600147094877, 30.461949811848626], [122.3773455032342, 30.46249080657024], [122.37338755341828, 30.47916155920569], [122.38317352315573, 30.487496935523414], [122.36933071831331, 30.491996280525917], [122.36285730241144, 30.47916155920569], [122.35366021083598, 30.470826182887965], [122.34432458936014, 30.469338055048237], [122.33024067765089, 30.47082618288797], [122.31931846040696, 30.475456947508924], [122.30264770777151, 30.474795409705926], [122.28854889057854, 30.479161559205686], [122.28063453264872, 30.479161559205686], [122.27764157881833, 30.46804772411539], [122.27287850663677, 30.454155430252513], [122.27486312004577, 30.437484677617064], [122.27782254660099, 30.42914930129934], [122.28597695513605, 30.41414562392744], [122.2943123314538, 30.41039470458446]]]}, "properties": {}}, {"type": "Feature", "geometry": {"type": "Polygon", "coordinates": [[[122.3440930511303, 30.437484677617064], [122.34433773664126, 30.437484677617064], [122.3440930511303, 30.437484677617064]]]}, "properties": {}}, {"type": "Feature", "geometry": {"type": "Polygon", "coordinates": [[[122.46935523412603, 30.405779699138716], [122.47769061044374, 30.41267701000479], [122.48608118793132, 30.420813924981616], [122.48602598676146, 30.433316989458202], [122.4758785721138, 30.437484677617064], [122.46101985780828, 30.444634214050453], [122.44713965625537, 30.437484677617064], [122.45268448149056, 30.421946448927763], [122.46578292998984, 30.420813924981612], [122.46935523412603, 30.405779699138716]]]}, "properties": {}}, {"type": "Feature", "geometry": {"type": "Polygon", "coordinates": [[[122.50269673939691, 30.40830647797774], [122.50269673939692, 30.416253657352392], [122.50269673939691, 30.40830647797774]]]}, "properties": {}}, {"type": "Feature", "geometry": {"type": "Polygon", "coordinates": [[[122.52770286835009, 30.433450926506943], [122.5277028683501, 30.442450280002472], [122.52770286835009, 30.433450926506943]]]}, "properties": {}}, {"type": "Feature", "geometry": {"type": "Polygon", "coordinates": [[[122.93613630791862, 30.43385475567225], [122.93613630791862, 30.440485413091444], [122.93613630791862, 30.43385475567225]]]}, "properties": {}}, {"type": "Feature", "geometry": {"type": "Polygon", "coordinates": [[[122.5026967393969, 30.440646372082405], [122.50269673939692, 30.450659949861212], [122.5026967393969, 30.440646372082405]]]}, "properties": {}}, {"type": "Feature", "geometry": {"type": "Polygon", "coordinates": [[[122.41100759990195, 30.48172342389274], [122.41100759990192, 30.491647045640867], [122.41100759990195, 30.48172342389274]]]}, "properties": {}}, {"type": "Feature", "geometry": {"type": "Polygon", "coordinates": [[[122.31098308408926, 30.490691382296934], [122.31098308408924, 30.495832311841138], [122.31098308408926, 30.490691382296934]]]}, "properties": {}}]}